pl_name,hostname,pl_orbper,pl_rade,pl_bmasse,st_teff
"Kepler-1513 b","Kepler-1513",160.88420000000,8.59400000,48.30991786,5491.00
"TOI-4914 b","TOI-4914",10.60057000000,12.87000000,227.00000000,5805.00
"TOI-237 c","TOI-237",1.74486147000,1.20600000,,3226.00
"TOI-1898 b","TOI-1898",45.52234000000,9.39553231,129.00000000,6241.00
"HD 330075 b","HD 330075",3.38773000000,,152.55840000,5000.00
"KOI-351 f","KOI-351",124.91440000000,2.88000000,,6080.00
"Kepler-1812 b","Kepler-1812",7.16521978400,2.32494240,,6174.00
"KMT-2017-BLG-0428L b","KMT-2017-BLG-0428L",,,5.59000000,
"Kepler-516 b","Kepler-516",24.85462415000,5.74000000,,7099.00
"Kepler-1685 b","Kepler-1685",20.49050000000,2.57673985,,5484.00
"Kepler-299 e","Kepler-299",38.28548900000,1.87000000,,5617.00
"TOI-1749 b","TOI-1749",2.38839000000,1.39000000,57.00000000,3985.00
"Kepler-406 b","Kepler-406",2.42629000000,1.43000000,6.35000000,5538.00
"OGLE-2016-BLG-1190L b","OGLE-2016-BLG-1190L",1220.00000000000,,4253.00000000,
"Kepler-1215 b","Kepler-1215",4.76703963000,1.22000000,,5616.00
"Kepler-434 b","Kepler-434",12.87470990000,12.67000000,908.96000000,5977.00
"Kepler-1998 b","Kepler-1998",3.03267135000,0.60000000,,5640.00
"Kepler-189 b","Kepler-189",10.39993100000,1.21000000,,5235.00
"HD 3765 b","HD 3765",1211.00000000000,,54.98431441,5049.80
"Kepler-400 c","Kepler-400",17.34082400000,1.49000000,,5886.00
"Kepler-852 b","Kepler-852",44.93098040000,2.54000000,,6100.00
"Kepler-444 e","Kepler-444",7.74349300000,0.54600000,,5046.00
"WASP-89 b","WASP-89",3.35642270000,11.65736000,1875.19700000,5130.00
"K2-415 b","K2-415",4.01796940000,1.01500000,7.50000000,3173.00
"Kepler-328 c","Kepler-328",71.31200000000,5.40000000,39.40000000,
"HATS-13 b","HATS-13",3.04404990000,13.58530800,172.58169000,5523.00
"Kepler-476 b","Kepler-476",14.00640607000,3.08000000,,5837.00
"HIP 94235 b","HIP 94235",7.71305700000,3.00000000,379.00000000,5991.00
"Kepler-763 d","Kepler-763",6.50327035000,1.67000000,,4999.00
"Kepler-134 c","Kepler-134",10.10578500000,1.26000000,,5983.00
"HD 136352 c","HD 136352",27.59221000000,2.91600000,11.24000000,5664.00
"Kepler-359 b","Kepler-359",25.56322200000,3.53000000,,6248.00
"Kepler-777 b","Kepler-777",5.72812599000,1.47000000,,4043.00
"Kepler-1923 b","Kepler-1923",52.60969925000,1.95958179,,5881.00
"Kepler-836 b","Kepler-836",11.36112327000,2.73000000,,5895.00
"Kepler-48 c","Kepler-48",9.67395000000,2.71000000,14.61000000,5194.00
"Kepler-521 b","Kepler-521",22.20813214000,3.18000000,,6406.00
"CWISEP J193518.59-154620.3 b","CWISEP J193518.59-154620.3",,,4926.34030850,
"Kepler-726 b","Kepler-726",21.80451088000,3.26000000,,5452.00
"Kepler-1461 b","Kepler-1461",29.34947750000,2.03000000,,4919.00
"Kepler-1471 b","Kepler-1471",3.63899398000,1.41000000,,5660.00
"HD 212301 b","HD 212301",2.24571000000,,162.09330000,6239.00
"GQ Lup b","GQ Lup",,33.60000000,6356.00000000,
"KMT-2019-BLG-1339L b","KMT-2019-BLG-1339L",,,397.00000000,
"HD 159243 c","HD 159243",248.40000000000,,603.90000000,6123.00
"EPIC 205950854 c","K2-168",8.05072200000,1.31000000,,5502.70
"KMT-2022-BLG-2076L b","KMT-2022-BLG-2076L",,,279.68899816,
"K2-162 b","K2-162",9.45889000000,1.44000000,,4842.00
"Kepler-1320 b","Kepler-1320",0.86838652800,1.70000000,,4817.00
"K2-80 b","K2-80",19.09180000000,2.01000000,,5441.00
"Kepler-24 b","Kepler-24",8.14000000000,2.34800000,11.14000000,6028.00
"HAT-P-56 b","HAT-P-56",2.79083000000,16.92559000,734.18730000,6566.00
"Kepler-1701 b","Kepler-1701",169.13400000000,2.22186207,,5146.00
"WASP-195 b","WASP-195",5.05192800000,10.31226224,33.05415433,6300.00
"Kepler-93 c","Kepler-93",1460.00000000000,,954.00000000,5669.00
"HD 117207 b","HD 117207",2621.75000000000,,612.14058000,5732.00
"Kepler-1530 d","Kepler-1530",9.20761013000,3.27870115,,5678.00
"TOI-1728 b","TOI-1728",3.49151000000,5.05000000,26.78000000,3980.00
"Kepler-610 b","Kepler-610",6.99692655400,4.19000000,,5943.00
"HD 188641 b","HD 188641",14583.81038000000,,9333.03117155,
"HD 221287 b","HD 221287",456.10000000000,,982.05000000,6304.00
"K2-147 b","K2-147",0.96193900000,1.47286006,,3690.00
"TOI-251 b","TOI-251",4.93777000000,2.74000000,317.83000000,5875.00
"HD 30562 b","HD 30562",1157.00000000000,,387.75260000,5882.00
"Kepler-1047 c","Kepler-1047",3.18897601000,0.99000000,,5754.00
"HD 102329 c","HD 102329",1123.00000000000,,483.10160000,
"Kepler-1504 b","Kepler-1504",82.30400300000,2.13000000,,5393.00
"TOI-1452 b","TOI-1452",11.06201000000,1.67200000,4.82000000,3185.00
"Kepler-289 e","Kepler-289",330.07160000000,,17.40000000,
"Kepler-1154 c","Kepler-1154",8.45808312000,2.36000000,,6327.00
"TOI-2654 b","TOI-2654",2.96760425926,7.94454164,,4594.08
"NY Vir c","NY Vir",8799.00000000000,,1760.77820000,32780.00
"Kepler-30 c","Kepler-30",60.32310500000,12.30000000,640.00000000,5498.00
"TOI-1246 e","TOI-1246",37.92548000000,3.51418750,14.50000000,5213.00
"HIP 107772 b","HIP 107772",55.19900000000,,12.90000000,
"Kepler-1898 b","Kepler-1898",4.76562023200,0.93353523,,5702.00
"TIC 172900988 b","TIC 172900988 Aa",200.45200000000,11.25000000,942.00000000,6050.00
"Kepler-1266 b","Kepler-1266",28.47474800000,2.58000000,,5044.00
"Kepler-739 b","Kepler-739",12.53248465000,3.32000000,,5601.00
"TOI-7149 b","TOI-7149",2.65206166000,13.20000000,224.00000000,3363.00
"HD 97037 b","HD 97037",6449.08337000000,,6707.76852973,
"KMT-2021-BLG-0712L b","KMT-2021-BLG-0712L",,,38.19000000,
"HAT-P-35 b","HAT-P-35",3.64670600000,14.93038800,335.62848000,6096.00
"TOI-2015 c","TOI-2015",5.58279600000,,8.91000000,3297.00
"Kepler-1266 c","Kepler-1266",4.86631012000,1.68023962,,4996.00
"Kepler-357 c","Kepler-357",16.85837000000,2.67000000,,5036.00
"Kepler-174 d","Kepler-174",247.35373000000,2.19000000,,4880.00
"GJ 463 b","GJ 463",3459.00000000000,,524.09904314,3563.00
"K2-391 b","K2-391",4.62265400000,1.37100000,,5543.00
"Kepler-198 d","Kepler-198",1.31184443000,1.53000000,,5636.00
"TOI-1117 b","TOI-1117",2.22816000000,2.46000000,8.90000000,5635.00
"HD 11506 b","HD 11506",1617.70000000000,,1525.57635360,6123.00
"Kepler-1152 b","Kepler-1152",1.64680190800,0.87000000,,3964.00
"TOI-3486 b","TOI-3486",2.21778105000,10.57006880,99.16246298,4930.00
"K2-216 b","K2-216",2.17480000000,1.75000000,8.00000000,4503.00
"WASP-34 b","WASP-34",4.31768000000,11.20900000,177.98480000,5700.00
"HD 98649 b","HD 98649",5384.00000000000,,3082.93554790,
"Kepler-967 c","Kepler-967",198.71125020000,3.65000000,,5178.00
"Kepler-327 d","Kepler-327",13.96945700000,1.73000000,,3799.00
"WASP-93 b","WASP-93",2.73253210000,17.90077300,467.21010000,6700.00
"Kepler-1874 b","Kepler-1874",56.57320023000,2.21110724,,4701.00
"TOI-2096 b","TOI-2096",3.11906330000,1.24300000,,3300.00
"CoRoT-28 b","CoRoT-28",5.20851000000,10.70459500,153.82972000,5150.00
"K2-275 c","K2-275",8.43883850000,2.21000000,,4841.00
"TOI-5789 c","TOI-5789",12.92774800000,2.86000000,5.00000000,5185.00
"Kepler-1050 c","Kepler-1050",21.12845690000,1.48000000,,6010.00
"Kepler-275 b","Kepler-275",10.30068200000,2.34000000,,6165.00
"OGLE-2014-BLG-1760L b","OGLE-2014-BLG-1760L",,,295.89824692,
"HD 96700 b","HD 96700",8.12450000000,,8.90000000,5845.00
"Kepler-464 b","Kepler-464",7.25696522400,3.30000000,,5933.00
"Kepler-297 c","Kepler-297",74.92013700000,6.54000000,,5619.00
"Kepler-454 b","Kepler-454",10.57375340000,2.37000000,5.40000000,5687.00
"TOI-5027 b","TOI-5027",10.24368000000,10.76062147,642.01338214,5909.00
"Kepler-834 b","Kepler-834",13.32388301000,2.02000000,,4554.00
"K2-105 b","K2-105",8.26726000000,3.40000000,15.40000000,5373.00
"Kepler-1228 b","Kepler-1228",0.57736957900,1.54000000,,5063.00
"HAT-P-46 b","HAT-P-46",4.46312900000,14.39200000,156.68400000,6120.00
"Kepler-100 d","Kepler-100",35.33310000000,1.61000000,3.00000000,5825.00
"Kepler-1208 b","Kepler-1208",11.08507637000,2.32000000,,5001.00
"16 Cyg B b","16 Cyg B",798.50000000000,,565.73740000,5750.00
"Kepler-1481 b","Kepler-1481",5.94220998000,1.23000000,,4908.00
"HD 175607 b","HD 175607",29.01000000000,,8.98000000,5392.00
"HD 109749 b","HD 109749",5.23989100000,,85.81410000,5824.00
"Kepler-1166 b","Kepler-1166",33.24068820000,1.69000000,,5446.00
"Kepler-157 c","Kepler-157",13.54050000000,2.24000000,,5774.00
"Kepler-837 b","Kepler-837",16.56059504000,2.56000000,,5403.00
"Kepler-360 c","Kepler-360",7.18643400000,2.10000000,,6053.00
"K2-333 b","K2-333",14.75928700000,6.18000000,,5880.00
"HD 27894 c","HD 27894",36.07000000000,,51.48846000,
"Kepler-1165 c","Kepler-1165",29.96870041000,3.36093385,,6249.00
"Kepler-371 c","Kepler-371",67.96801500000,1.78000000,,5666.00
"K2-350 b","K2-350",4.16387300000,1.54000000,,5789.00
"NGTS-6 b","NGTS-6",0.88205900000,14.86313400,425.57437000,4730.00
"Kepler-419 b","Kepler-419",69.75460000000,10.80000000,794.50000000,6430.00
"Kepler-1515 b","Kepler-1515",214.31141640000,9.55000000,,6511.00
"Kepler-540 b","Kepler-540",172.70497840000,2.71000000,,5946.00
"HATS-26 b","HATS-26",3.30238810000,19.61575000,206.58950000,6071.00
"Kepler-85 b","Kepler-85",8.30000000000,1.77800000,1.84000000,5505.20
"K2-16 c","K2-16",19.07863000000,2.54000000,,4742.00
"TOI-7510 c","TOI-7510",22.56874230000,10.81000000,131.00000000,5720.00
"Kepler-805 b","Kepler-805",30.86389310000,2.89000000,,6112.00
"YZ Cet d","YZ Cet",4.65626000000,,1.09000000,3151.00
"WASP-68 b","WASP-68",5.08430000000,14.79588000,343.25640000,5910.00
"HD 97658 b","HD 97658",9.48971160000,2.12000000,8.30000000,5212.00
"Kepler-1379 b","Kepler-1379",0.88184114600,1.30000000,,5188.00
"Kepler-1850 b","Kepler-1850",1.38580000400,0.72909663,,4239.00
"Kepler-1943 b","Kepler-1943",4.85018014900,1.54869189,,6032.00
"Kepler-519 b","Kepler-519",24.30789460000,2.10000000,,5260.00
"Kepler-661 b","Kepler-661",6.02930132100,3.07000000,,4483.00
"Kepler-1813 b","Kepler-1813",2.81816005700,1.41300000,,5167.00
"Kepler-237 b","Kepler-237",4.71510600000,1.41000000,,4861.00
"Kepler-177 b","Kepler-177",36.86010000000,3.50000000,5.84000000,5732.00
"K2-237 b","K2-237",2.18053332000,16.06246934,434.15360396,6180.00
"TIC 139702105 b","TIC 139702105",6.83601903383,2.45316949,,5742.35
"Kepler-696 b","Kepler-696",4.19042557500,6.14000000,,5903.00
"Kepler-1846 b","Kepler-1846",14.82009983000,1.76378826,,4825.00
"Kepler-1456 b","Kepler-1456",18.13738290000,1.14000000,,4231.00
"Kepler-137 b","Kepler-137",8.43638700000,1.47000000,,5187.00
"K2-11 b","K2-11",39.93767000000,7.55000000,,5433.00
"Kepler-248 b","Kepler-248",6.30820500000,3.02000000,,5190.00
"CoRoT-11 b","CoRoT-11",2.99433000000,16.03000000,740.51000000,6440.00
"Kepler-419 c","Kepler-419",675.47000000000,,2320.10000000,6430.00
"TOI-1759 b","TOI-1759",18.85019000000,3.14000000,10.80000000,4065.00
"TOI-2081 b","TOI-2081",10.50534000000,2.04000000,,3800.00
"Kepler-55 d","Kepler-55",2.21109900000,1.59000000,,4503.00
"K2-73 c","K2-73",1000.00000000000,,1142.00000000,5867.00
"WASP-160 B b","WASP-160 B",3.76849520000,12.21781000,88.35674000,5298.00
"TOI-6034 b","TOI-6034",2.57618400000,11.92000000,254.00000000,3635.00
"HIP 75092 b","HIP 75092",926.40000000000,,568.91284853,4891.00
"TOI-139 b","TOI-139",11.07085000000,2.45660000,,4570.00
"TOI-269 b","TOI-269",3.69771040000,2.77000000,8.80000000,3514.00
"Kepler-31 d","Kepler-31",87.64510000000,3.90000000,2161.24400000,6340.00
"Kepler-109 c","Kepler-109",21.22265000000,2.65000000,8.20000000,5950.00
"Kepler-1397 b","Kepler-1397",47.44995500000,1.72000000,,6026.00
"WTS-2 b","WTS-2",1.01870680000,15.27786700,355.96960000,5000.00
"TIC 160113658 b","TIC 160113658",6.72952262077,3.49015778,,4817.31
"HAT-P-44 b","HAT-P-44",4.30121900000,13.92200000,111.87100000,5295.00
"K2-75 b","K2-75",7.81420000000,2.67000000,,5995.00
"Kepler-1945 b","Kepler-1945",6.08003997800,1.28900000,,4991.00
"TOI-1789 b","TOI-1789",3.20866400000,16.14093221,222.47988490,5991.00
"Kepler-1092 b","Kepler-1092",58.60179250000,2.07000000,,5862.00
"K2-186 b","K2-186",41.47421900000,3.17207779,,5784.00
"Kepler-1497 b","Kepler-1497",8.74199772000,1.66000000,,5675.00
"HD 154088 b","HD 154088",18.56000000000,,6.60000000,5374.00
"KMT-2021-BLG-1391L b","KMT-2021-BLG-1391L",,,4.55000000,
"Kepler-1193 b","Kepler-1193",2.83265213400,1.32000000,,5908.00
"OGLE-2012-BLG-0358L b","OGLE-2012-BLG-0358L",,,588.00000000,
"Kepler-15 b","Kepler-15",4.94278200000,10.76000000,209.76000000,5515.00
"KMT-2021-BLG-0240L b","KMT-2021-BLG-0240L",,,66.74396547,
"TOI-3464 b","TOI-3464",3.65155680000,13.76462830,397.28550875,6370.00
"TOI-209 b","TOI-209",4.37943587445,2.39472090,,4806.66
"HD 33844 c","HD 33844",916.00000000000,,556.20250000,4861.00
"HAT-P-2 c","HAT-P-2",8500.00000000000,,3400.76395490,
"Kepler-201 c","Kepler-201",151.88405800000,2.85000000,,6065.00
"Kepler-29 b","Kepler-29",10.33974000000,2.55000000,5.00000000,5378.00
"Kepler-233 c","Kepler-233",60.41895500000,2.71000000,,5360.00
"K2-254 c","K2-254",12.11839000000,2.19000000,,4629.00
"TOI-4137 b","TOI-4137",3.80161220000,13.57407563,457.67290608,6202.00
"Kepler-918 b","Kepler-918",4.85386933000,1.74000000,,6028.00
"Kepler-338 e","Kepler-338",9.34100000000,1.56000000,8.50000000,
"Kepler-416 b","Kepler-416",6.31900000000,2.48000000,58.20000000,
"Kepler-46 b","Kepler-46",33.60134000000,9.05700000,1907.00000000,5155.00
"Kepler-46 c","Kepler-46",57.01100000000,,119.49900000,5155.00
"Kepler-82 d","Kepler-82",2.38296100000,1.77000000,,5428.00
"Kepler-82 e","Kepler-82",5.90220600000,2.47000000,,5428.00
"Kepler-247 b","Kepler-247",3.33616000000,1.64000000,,5100.00
"Kepler-338 b","Kepler-338",13.72697600000,2.44000000,,5923.00
"Kepler-122 e","Kepler-122",37.99327300000,2.60000000,,6050.00
"Kepler-122 c","Kepler-122",12.46598800000,5.87000000,,6050.00
"Kepler-46 d","Kepler-46",6.76658900000,1.64000000,,5309.00
"Kepler-122 b","Kepler-122",5.76619300000,2.34000000,,6050.00
"Kepler-122 d","Kepler-122",21.58747500000,2.20000000,,6050.00
"Kepler-247 c","Kepler-247",9.43945200000,4.09000000,,5100.00
"Kepler-338 c","Kepler-338",24.31085600000,2.34000000,,5923.00
"Kepler-415 b","Kepler-415",4.17600000000,1.21000000,119.90000000,
"Kepler-122 f","Kepler-122",56.26800000000,1.75000000,36.00000000,
"Kepler-417 b","Kepler-417",12.33100000000,2.31000000,11.00000000,
"Kepler-414 c","Kepler-414",7.17100000000,3.01000000,29.90000000,
"Kepler-414 b","Kepler-414",4.70000000000,1.71000000,3.50000000,
"Kepler-417 c","Kepler-417",15.94300000000,,,
"Kepler-37 e","Kepler-37",51.19600000000,,,
"Kepler-415 c","Kepler-415",8.70800000000,,,
"bet Pic d","bet Pic",33200.00000000000,14.12331568,762.78817680,
"HD 134606 e","HD 134606",4.32030000000,,2.34000000,5576.00
"Kepler-1976 b","Kepler-1976",4.95931924400,12.21000000,,5712.00
"Kepler-416 d","Kepler-416",3.07644709000,1.61000000,,5670.00
"Kepler-411 e","Kepler-411",31.50972800000,,10.80000000,
"Kepler-411 c","Kepler-411",7.83443500000,4.42100000,26.40000000,
"Kepler-411 b","Kepler-411",3.00515600000,2.40100000,25.60000000,
"Kepler-411 d","Kepler-411",58.02035000000,3.31900000,15.20000000,
"Kepler-82 f","Kepler-82",75.73200000000,,20.90000000,
"Kepler-82 b","Kepler-82",26.44000000000,4.07000000,12.15000000,
"Kepler-82 c","Kepler-82",51.54000000000,5.34000000,13.90000000,
"WASP-126 b","WASP-126",3.28883000000,,90.30000000,5800.00
"Kepler-88 d","KOI-142",1403.00000000000,,965.14699656,5466.00
"KOI-142 c","KOI-142",22.26492000000,,214.10000000,5466.00
"KOI-142 b","KOI-142",10.91647000000,3.43800000,9.50000000,5466.00
"CoRoT-8 b","CoRoT-8",6.21229000000,6.39000000,69.92000000,5080.00
"Kepler-546 b","Kepler-546",4.14702025800,7.00000000,,5967.00
"HATS-7 b","HATS-7",3.18531500000,6.31066700,38.13960000,4985.00
"TOI-6954 b","TOI-6954",4.02074127419,3.63524486,,5170.87
"MASCARA-1 b","MASCARA-1",2.14877381000,17.90074218,,7490.00
"TOI-5800 b","TOI-5800",2.62788380000,2.46000000,9.50000000,4850.00
"HD 214823 b","HD 214823",1854.84424000000,,5914.78665427,
"Kepler-1518 b","Kepler-1518",5.11177904000,3.05000000,,6846.00
"K2-320 b","K2-320",1.99500000000,2.62000000,,3157.00
"OGLE-2018-BLG-1269L b","OGLE-2018-BLG-1269L",,,210.00000000,
"Kepler-1953 b","Kepler-1953",6.24565982800,1.28574667,,4858.00
"Kepler-324 b","Kepler-324",4.38531500000,1.14000000,,5194.00
"TOI-880.02","TOI-880",2.57571000000,2.19000000,,5050.00
"Kepler-375 c","Kepler-375",19.98632600000,2.65000000,,5826.00
"HD 101581 b","HIP 56998",4.46569000000,0.95600000,,4675.00
"EPIC 229004835 b","EPIC 229004835",16.14113200000,2.33200000,10.40000000,5868.00
"Kepler-1334 b","Kepler-1334",15.64591713000,2.29000000,,5614.00
"Kepler-337 c","Kepler-337",9.69320100000,2.05000000,,5684.00
"WASP-147 b","WASP-147",4.60273000000,12.49803500,87.40325000,5702.00
"TOI-3593 b","TOI-3593",3.82128670000,11.02963701,565.73456446,5550.00
"Kepler-999 b","Kepler-999",5.99185701700,2.34000000,,6237.00
"TOI-2443 b","TOI-2443",15.66858000000,2.36300000,4.80000000,4375.00
"OGLE-2011-BLG-0173L b","OGLE-2011-BLG-0173L",,,60.00000000,
"Kepler-722 b","Kepler-722",4.09357325200,2.63000000,,5863.00
"HD 191806 b","HD 191806",1603.38923000000,,2966.61035094,
"Kepler-11 f","Kepler-11",46.68880000000,2.49000000,2.00000000,5663.00
"Kepler-1226 b","Kepler-1226",17.29234530000,1.45000000,,5923.00
"TIC 437041147 b","TIC 437041147",3.82301421497,2.21526814,,5224.36
"K2-83 b","K2-83",2.74697000000,1.24400000,,3910.00
"Kepler-731 b","Kepler-731",3.85560355100,13.88000000,,5849.00
"HD 213240 b","HD 213240",882.70001000000,,1773.49140000,5979.00
"TOI-2154 b","TOI-2154",3.82408010000,16.28664896,292.40213444,6280.00
"TOI-2095 b","TOI-2095",17.66484000000,1.25000000,4.10000000,3759.00
"TOI-2095 c","TOI-2095",28.17232000000,1.33000000,7.40000000,3759.00
"TOI-1806.01","TOI-1806",15.14546930000,3.40953670,,3272.00
"TOI-4443.01","TOI-4443",1.84985670000,1.71932650,,5834.00
"TOI-1836 c","TOI-1836",1.77274710000,2.59987579,8.00000000,6237.00
"TOI-4153 b","TOI-4153",4.61741410000,16.11851425,365.50266805,6860.00
"TOI-286 b","TOI-286",4.51172440000,1.42000000,4.53000000,5152.00
"TOI-286 c","TOI-286",39.36182600000,1.88000000,3.72000000,5152.00
"TOI-1836 b","TOI-1836",20.38079900000,8.00321222,38.45723725,6380.00
"TOI-2285 b","TOI-2285",13.63510900000,1.77000000,,3491.00
"TOI-1422 b","TOI-1422",12.99894000000,3.83000000,9.50000000,
"TOI-1422 c","TOI-1422",34.56330000000,2.61000000,14.00000000,
"Kepler-561 b","Kepler-561",58.36204950000,6.96000000,,5646.00
"K2-138 g","K2-138",41.96797000000,3.01300000,4.32000000,5356.30
"HIP 29442 d","TOI-469",6.42957500000,1.53800000,5.14000000,5289.00
"HD 62364 c","HD 62364",74839.94555000000,,7923.46218651,
"Kepler-978 b","Kepler-978",49.62215090000,2.99000000,,6002.00
"HD 29985 b","HD 29985",20608.14049000000,,1739.47487151,
"GJ 682 b","GJ 682",17.47800000000,,4.40000000,3028.00
"Kepler-454 d","Kepler-454",4073.00000000000,,734.18362017,5687.00
"Kepler-338 d","Kepler-338",44.43101400000,3.00000000,,5923.00
"Kepler-416 c","Kepler-416",12.20900000000,,,
"Kepler-138 b","Kepler-138",10.31340000000,0.64000000,0.07000000,3841.00
"Kepler-138 c","Kepler-138",13.78150000000,1.51000000,2.30000000,3841.00
"Kepler-138 d","Kepler-138",23.09230000000,1.51000000,2.10000000,3841.00
"Kepler-138 e","Kepler-138",38.23000000000,,0.43000000,3841.00
"Kepler-1933 b","Kepler-1933",4.94329023400,1.17984089,,5661.00
"Kepler-1101 b","Kepler-1101",81.31510590000,2.47000000,,5614.00
"HD 18438 b","HD 18438",803.00000000000,,6674.39654700,3860.00
"HD 95735 c","GJ 411",2946.00000000000,,13.60000000,3719.00
"Kepler-292 d","Kepler-292",7.05567900000,2.23000000,,5299.00
"HD 45364 b","HD 45364",225.79000000000,,60.16491745,5466.00
"HATS-53 b","HATS-53",3.85377680000,15.02006000,189.10885000,5644.00
"Kepler-260 b","Kepler-260",8.18739900000,2.01000000,,5250.00
"TOI-4156 b","TOI-4156",4.46189034133,2.53823825,,5971.64
"Kepler-347 c","Kepler-347",27.32087100000,1.75000000,,6088.00
"HD 110014 b","HD 110014",835.47700000000,,3524.59000000,4445.00
"HD 220197 b","HD 220197",1728.00000000000,,63.56600000,5683.00
"WASP-37 b","WASP-37",3.57746900000,13.00200000,572.07000000,5800.00
"Kepler-335 c","Kepler-335",67.84446900000,3.07000000,,5877.00
"KOI-3503 c","KOI-3503",31.82800000000,1.21000000,10.36000000,6001.00
"WASP-46 b","WASP-46",1.43036763000,13.15936600,607.05530000,5600.00
"HD 115404 A c","HD 115404 A",15319.22517000000,,3279.67133183,
"Kepler-1507 b","Kepler-1507",16.05062130000,0.84000000,,5410.00
"K2-273 b","K2-273",11.71956630000,3.05000000,,5161.00
"TOI-1221 b","TOI-1221",91.68278000000,2.91000000,1112.39942450,5592.00
"Kepler-253 d","Kepler-253",18.11986900000,3.17000000,,5208.00
"CoRoT-4 b","CoRoT-4",9.20205000000,13.34000000,228.83000000,6190.00
"TOI-3894 b","TOI-3894",4.33454000000,15.27784069,260.61929374,6000.00
"Kepler-1038 b","Kepler-1038",148.46033820000,3.53000000,,5335.00
"Kepler-846 b","Kepler-846",19.80792185000,2.48000000,,5579.00
"Kepler-866 b","Kepler-866",2.61703253600,1.63000000,,4751.00
"KOI-884 e","Kepler-247",31.10165900000,,66.05405000,
"TOI-2411 b","TOI-2411",0.78269420000,1.68000000,,4099.00
"Kepler-301 c","Kepler-301",5.41902600000,1.35000000,,5815.00
"K2-409 b","K2-409",1.90808400000,2.48200000,,5742.00
"Kepler-37 b","Kepler-37",13.36702000000,0.30980000,0.79000000,5357.00
"Kepler-37 c","Kepler-37",21.30184800000,0.75500000,1.30000000,5357.00
"Kepler-37 d","Kepler-37",39.79226220000,2.03000000,2.00000000,5357.00
"TIC 46432937 b","TIC 46432937",1.44044527000,13.31626907,1017.05090240,3572.00
"TOI-2384 b","TOI-2384",2.13570304000,11.48920522,624.85064816,3943.00
"TOI-4562 b","TOI-4562",225.10640000000,,,6096.00
"TOI-4562 c","TOI-4562",3990.00000000000,,1833.86990839,6096.00
"Kepler-560 b","Kepler-560",18.47764449000,1.72000000,,3556.00
"KMT-2023-BLG-1866L b","KMT-2023-BLG-1866L",,,2.63000000,
"HD 74156 c","HD 74156",2448.48726000000,,2753.98314665,
"GJ 273 c","GJ 273",4.72340000000,,1.18000000,3382.00
"Kepler-1921 c","Kepler-1921",3.15722086000,1.41000000,,6120.00
"Kepler-725 b","Kepler-725",39.64372000000,10.80000000,,5395.00
"Kepler-725 c","Kepler-725",207.54100000000,,9.70000000,5395.00
"KOI-134 b","KOI-134",67.12770000000,12.03844527,346.43296363,6160.00
"KOI-134 c","KOI-134",33.95000000000,,69.92224954,6160.00
"TOI-5292 A b","TOI-5292 A",2.02191000000,12.64373023,412.85910069,3919.00
"TOI-1883 b","TOI-1883",4.50800000000,5.65000000,13.70000000,3554.00
"HD 125136 b","HD 125136",849.77000000000,,718.29219982,4959.00
"HD 127195 b","HD 127195",534.50000000000,,212.94503269,4981.00
"HD 127195 c","HD 127195",836.99000000000,,206.58846455,4981.00
"eps Ind A b","eps Ind A",25450.00000000000,,2065.88464550,4700.00
"TOI-1272 b","TOI-1272",3.31597650000,4.26000000,24.10000000,4985.00
"TOI-1694 b","TOI-1694",3.77013890000,5.27000000,28.24000000,5005.00
"TOI-1694 c","TOI-1694",386.25000000000,,316.55709337,5005.00
"Gaia23braL b","Gaia23braL",,,518.06030341,
"TOI-5628 A b","TOI-5628 A",4.34166120000,8.29464572,28.60455663,3310.00
"Kepler-247 d","Kepler-247",20.47370000000,4.50000000,50.00000000,5094.00
"HD 114082 b","HD 114082",225.55040000000,11.72459381,508.52545120,6610.00
"DMPP-7 b","DMPP-7",4.92666000000,,68.95800000,6096.00
"KMT-2025-BLG-0975L b","KMT-2025-BLG-0975L",,,29.80000000,
"KMT-2025-BLG-1160L b","KMT-2025-BLG-1160L",,,25.36000000,
"TOI-4409 b","TOI-4409",92.49178900000,7.44000000,14.93793513,4928.00
"K2-99 c","K2-99",522.20000000000,,2669.75861880,6069.00
"TOI-1064 b","TOI-1064",6.44386800000,2.58700000,13.50000000,4734.00
"Kepler-841 b","Kepler-841",124.41983980000,5.23000000,,5324.00
"TOI-5605 b","TOI-5605",5.91340454843,2.52611303,,4583.79
"HD 27894 d","HD 27894",5019.54244000000,,2063.65984665,
"Kepler-186 e","Kepler-186",22.40770400000,1.27000000,,3788.00
"Kepler-1987 d","Kepler-1987",5.64491415400,2.66000000,,4769.00
"Kepler-1233 b","Kepler-1233",45.12630420000,2.60000000,,6198.00
"HD 29021 b","HD 29021",1365.00000000000,,1420.69297929,
"Kepler-205 b","Kepler-205",2.75564000000,1.51000000,,4321.00
"Kepler-549 c","Kepler-549",117.04049800000,2.93000000,,5360.00
"Kepler-1221 b","Kepler-1221",12.00096042000,1.88000000,,5194.00
"Kepler-1836 b","Kepler-1836",5.25416994100,2.55303229,,6123.00
"Kepler-257 b","Kepler-257",2.38266700000,2.61000000,,5180.00
"Kepler-42 b","Kepler-42",1.21376720000,0.78000000,,3068.00
"HD 75302 b","HD 75302",4356.00000000000,,1716.27339780,
"Kepler-44 b","Kepler-44",3.24672930000,12.22000000,317.82000000,5800.00
"Kepler-425 b","Kepler-425",3.79701816000,10.96200000,79.45000000,5170.00
"KOI-984 c","KOI-984",21.51200000000,,209.80000000,5295.00
"Kepler-1912 b","Kepler-1912",6.05921983700,1.35670508,,5734.00
"Kepler-336 d","Kepler-336",20.67877200000,2.37000000,,5867.00
"HD 156098 c","HD 156098",7841.58390000000,,1661.60691180,
"Kepler-1258 b","Kepler-1258",0.98494016700,0.86000000,,5839.00
"HD 142 b","HD 142",351.43394000000,,396.96768034,
"KMT-2021-BLG-0171L b","KMT-2021-BLG-0171L",,,11.20000000,5200.00
"Kepler-132 b","Kepler-132",6.17819600000,1.21000000,,6003.00
"TOI-5174 b","TOI-5174",12.21428600000,5.35100000,,5643.77
"WASP-97 b","WASP-97",2.07276000000,12.77826000,432.24880000,5640.00
"Kepler-1646 b","Kepler-1646",4.48558383000,1.23000000,,3299.00
"HD 63433 c","HD 63433",20.54382810000,2.69200000,15.53900000,5553.00
"K2-342 b","K2-342",11.56105200000,2.03000000,,5920.00
"Kepler-188 c","Kepler-188",5.99655300000,3.19000000,,6021.00
"Kepler-1096 b","Kepler-1096",2.89221750600,1.24000000,,4306.00
"HD 173416 b","HD 173416",322.03000000000,,585.12209729,4683.00
"Kepler-111 c","Kepler-111",224.77833000000,7.08407580,222.47988490,5914.00
"KMT-2022-BLG-1013L b","KMT-2022-BLG-1013L",,,98.52680617,
"Kepler-284 b","Kepler-284",12.69914900000,2.24000000,,5615.00
"MOA-2013-BLG-605L b","MOA-2013-BLG-605L",,,3.24000000,
"OGLE-2016-BLG-1227L b","OGLE-2016-BLG-1227L",,,250.00000000,
"HATS-52 b","HATS-52",1.36665436000,15.49083800,711.93920000,6010.00
"HD 32963 b","HD 32963",2372.00000000000,,222.48100000,5727.00
"Kepler-131 b","Kepler-131",16.09200000000,2.41000000,16.13000000,5685.00
"MOA-2008-BLG-379L b","MOA-2008-BLG-379L",,,1300.00000000,
"Kepler-1241 b","Kepler-1241",18.55257010000,2.63000000,,5261.00
"HIP 55507 b","HIP 55507",5138.43727000000,,2585.53409095,
"HD 1690 b","HD 1690",533.00000000000,,2793.72570000,4374.00
"TOI-2498 b","TOI-2498",3.73825200000,6.06000000,34.62000000,5905.00
"HD 29399 b","HD 29399",892.70000000000,,498.99059899,4845.00
"WASP-1 b","WASP-1",2.51994540000,16.62300000,271.41500000,
"HD 151450 b","HD 151450",21.89288000000,,38.45723725,
"OGLE-TR-111 b","OGLE-TR-111",4.01444630000,11.42197100,,
"Kepler-361 c","Kepler-361",55.18802300000,2.52000000,,6169.00
"K2-136 b","K2-136",7.97525000000,1.01400000,4.30000000,4500.00
"K2-136 c","K2-136",17.30723000000,3.00000000,18.10000000,4500.00
"HD 18143 c","HD 18143",28982.41764000000,,3177.64841319,
"LHS 1678 d","LHS 1678",4.96522290000,0.98100000,,3490.00
"WASP-157 b","WASP-157",3.95162300000,11.19000000,,5772.00
"EPIC 201833600 c","K2-50",3.96151000000,1.00000000,,
"Kepler-93 b","Kepler-93",4.72673978000,1.47800000,4.66000000,5669.00
"HD 106270 b","HD 106270",1888.00000000000,,3219.61790000,5509.00
"TOI-220 b","TOI-220",10.69526400000,3.03000000,13.80000000,5298.00
"HD 2638 b","HD 2638",3.44420000000,,133.48860000,5186.00
"HD 39194 c","HD 39194",14.03090000000,,7.49000000,
"Kepler-511 b","Kepler-511",296.63786500000,6.35000000,,5770.00
"K2-151 b","K2-151",3.83547600000,1.49000000,,3695.00
"HIP 54373 b","HIP 54373",7.76000000000,,8.62000000,4021.00
"Kepler-426 b","Kepler-426",3.21751883000,12.22000000,108.06000000,5725.00
"TOI-6054.02","TOI-6054",12.56363600000,2.82000000,9.30000000,6047.00
"TOI-5795 b","TOI-5795",6.14063250000,5.62000000,23.66000000,5715.00
"HS Psc b","HS Psc",3.98600000000,,464.02947422,4203.00
"TOI-1443 b","TOI-1443",23.54067800000,2.30381001,30.00000000,5224.00
"HD 134606 f","HD 134606",26.91500000000,,5.63000000,5576.00
"Kepler-1717 b","Kepler-1717",30.65279961000,2.98929758,,6200.00
"TOI-4329 b","TOI-4329",2.92230000000,16.81347105,143.02278315,6000.00
"Kepler-784 c","Kepler-784",17.15723600000,1.55000000,,5676.00
"Kepler-1972 b","Kepler-1972",7.54425000000,0.80200000,2.02000000,5818.00
"HD 100546 b","HD 100546",,77.34210000,2701.54145950,10500.00
"Kepler-238 e","Kepler-238",23.65400000000,5.60000000,169.70000000,
"Kepler-993 b","Kepler-993",22.08557563000,2.97000000,,3843.00
"Teegarden's Star d","Teegarden's Star",26.13000000000,,0.82000000,3034.00
"OGLE-TR-132 b","OGLE-TR-132",1.68986800000,13.45000000,375.02000000,6210.00
"TOI-4342 c","TOI-4342",10.68866200000,2.34900000,4.80000000,3866.00
"Kepler-1761 b","Kepler-1761",4.04354000100,1.39109603,,3871.00
"Kepler-865 c","Kepler-865",6.20920207000,0.89000000,,5440.00
"K2-59 b","K2-59",20.69210000000,2.41000000,,5055.00
"Kepler-1062 b","Kepler-1062",9.30412078000,1.76000000,,4597.00
"OGLE-2018-BLG-0516L b","OGLE-2018-BLG-0516L",,,20.10000000,
"Kepler-809 b","Kepler-809",55.63934000000,3.01000000,,5734.00
"Kepler-941 b","Kepler-941",17.42395198000,3.08000000,,5539.00
"TOI-5799 b","TOI-5799",4.16450700000,1.73300000,,3452.00
"Kepler-1400 b","Kepler-1400",9.06689421000,1.62000000,,5044.00
"HD 10975 b","HD 10975",283.80000000000,,143.02278315,4840.00
"HAT-P-20 b","HAT-P-20",2.87531700000,9.71800000,2302.89900000,4595.00
"Kepler-920 c","Kepler-920",100.82741130000,3.80000000,,5403.00
"KMT-2024-BLG-0404L c","KMT-2024-BLG-0404L",,,17.30000000,
"Kepler-1505 b","Kepler-1505",30.86093660000,0.93000000,,5686.00
"Kepler-545 b","Kepler-545",13.24934059000,2.69000000,,5882.00
"TOI-1438 b","TOI-1438",5.13967000000,3.04000000,9.40000000,5230.00
"HATS-3 b","HATS-3",3.54785100000,15.48000000,340.38200000,6351.00
"HD 135694 b","HD 135694",15.92347556800,2.85700000,,5712.00
"HR 5183 b","HR 5183",27000.00000000000,,1026.59090000,5794.00
"Kepler-374 c","Kepler-374",3.28280700000,1.10000000,,5977.00
"TOI-2200 b","TOI-2200",2.93602836512,6.96310517,,5036.17
"TOI-2295 c","TOI-2295",966.50000000000,,1783.01736327,5730.00
"TOI-205 b","TOI-205",4.25300773815,2.50121142,,6302.74
"Kepler-1547 b","Kepler-1547",0.69297967600,0.90000000,,6078.00
"Kepler-1181 c","Kepler-1181",8.93484887000,1.83000000,,6688.00
"EPIC 220674823 c","EPIC 220674823",13.34060300000,2.71200000,7.90000000,5578.00
"HD 160691 e","HD 160691",307.90000000000,,2224.79884900,5773.00
"Kepler-1471 c","Kepler-1471",11.60448810000,1.88000000,,5533.00
"WASP-197 b","WASP-197",5.16722800000,14.44837612,403.32424848,6050.00
"Kepler-1279 b","Kepler-1279",23.47741010000,1.75000000,,6221.00
"Kepler-1438 b","Kepler-1438",2.31942009000,0.94000000,,5530.00
"Kepler-446 b","Kepler-446",1.56540900000,1.50000000,,3359.00
"Kepler-1197 b","Kepler-1197",2.03231845000,1.25000000,,4708.00
"KOBE-1 c","KOBE-1",29.67100000000,,12.40000000,4135.00
"Kepler-113 b","Kepler-113",4.75400000000,1.82000000,11.70000000,4725.00
"Kepler-10 c","Kepler-10",45.29430100000,2.35500000,11.29000000,5708.00
"Kepler-1963 b","Kepler-1963",1.96226000800,0.74437023,,5726.00
"Kepler-357 b","Kepler-357",6.47543400000,1.84000000,,5036.00
"WASP-24 b","WASP-24",2.34121000000,15.46842000,394.10920000,6075.00
"TOI-3261 b","TOI-3261",0.88313310000,3.82000000,30.30000000,5068.00
"Kepler-223 c","Kepler-223",9.84564000000,3.44000000,5.10000000,
"Kepler-1417 b","Kepler-1417",20.35052130000,1.00000000,,5839.00
"KMT-2016-BLG-2321L b","KMT-2016-BLG-2321L",,,301.93698665,
"Kepler-755 b","Kepler-755",1.26909037400,1.76000000,,5043.00
"HD 180314 b","HD 180314",394.73000000000,,7216.92963775,4917.00
"Kepler-390 b","Kepler-390",6.73808800000,0.82000000,,5166.00
"Kepler-202 b","Kepler-202",4.06942700000,1.63000000,,4668.00
"KMT-2021-BLG-0748L b","KMT-2021-BLG-0748L",,,143.02278315,
"Kepler-403 d","Kepler-403",13.61159129000,1.42000000,,6209.00
"K2-57 b","K2-57",9.00730000000,2.30905002,,4413.00
"K2-28 b","K2-28",2.26045500000,2.32000000,,3214.00
"Kepler-292 f","Kepler-292",20.83423700000,2.35000000,,5299.00
"Kepler-220 d","Kepler-220",28.12239700000,0.98000000,,4632.00
"Kepler-366 c","Kepler-366",12.51616000000,1.79000000,,6209.00
"HD 67087 c","HD 67087",2374.00000000000,,1540.00000000,6330.00
"HD 191939 f","HD 191939",2898.00000000000,,915.34581216,5348.00
"KMT-2019-BLG-1216L b","KMT-2019-BLG-1216L",,,29.87587026,
"TOI-4465 b","TOI-4465",101.94054000000,14.01122587,1872.00931723,5545.00
"bet UMi b","bet UMi",522.30000000000,,1938.70000000,4126.00
"Kepler-309 b","Kepler-309",5.92365300000,1.56000000,,4713.00
"Kepler-686 b","Kepler-686",1.59474546300,12.15000000,,5649.00
"TOI-907.01","TOI-907",4.58491290000,9.61588510,,6272.00
"NGTS-26 b","NGTS-26",4.51992790000,14.88552637,92.80589484,5550.00
"HD 39091 b","HD 39091",2088.80000000000,,4481.38053870,5998.00
"TOI-2322 b","TOI-2322",11.30717000000,0.99400000,2.31000000,4664.00
"TOI-2322 c","TOI-2322",20.22552800000,1.87400000,18.10000000,4664.00
"Kepler-103 c","Kepler-103",179.60978000000,5.45390000,58.47000000,6047.00
"TOI-707 b","TOI-707",52.79918000000,2.41600000,,5424.00
"WASP-5 b","WASP-5",1.62842790000,12.18400000,502.15000000,5700.00
"HD 7924 c","HD 7924",15.29900000000,,7.86000000,5075.00
"HD 183263 b","HD 183263",624.87404000000,,1103.18240070,
"HD 171238 b","HD 171238",1515.00000000000,,2796.88998160,
"HD 175541 b","HD 175541",298.43000000000,,190.06234000,5013.00
"HD 33142 b","HD 33142",330.00000000000,,400.46379282,5025.40
"Kepler-291 b","Kepler-291",3.54651100000,2.16000000,,6002.00
"HD 154672 b","HD 154672",163.94000000000,,1706.74710000,5743.00
"K2-77 b","K2-77",8.20008440000,2.49960270,,5160.00
"K2-266 b","K2-266",0.65852400000,3.30000000,11.26782377,4285.00
"Kepler-990 c","Kepler-990",0.53835430800,1.53000000,,5948.00
"TOI-2992 b","TOI-2992",3.00781200000,13.75341932,1058.36859531,6000.00
"Kepler-450 d","Kepler-450",7.51464000000,0.83700000,,6197.21
"Kepler-638 b","Kepler-638",6.07972888000,1.83000000,,5382.00
"Kepler-479 b","Kepler-479",12.49341307000,2.12000000,,5247.00
"Kepler-363 d","Kepler-363",11.93212500000,2.05000000,,5593.00
"Kepler-1946 b","Kepler-1946",3.03519010500,2.48812698,,5505.00
"24 Sex c","24 Sex",883.00000000000,,273.32000000,5098.00
"Kepler-1747 b","Kepler-1747",6.23031997700,4.26508000,,5477.00
"K2-335 b","K2-335",12.28321100000,2.21000000,,6222.00
"K2-344 b","K2-344",3.35585000000,1.59000000,,4374.00
"KELT-6 c","KELT-6",1276.00000000000,,1179.14930000,6272.00
"Kepler-126 b","Kepler-126",10.49571100000,1.52000000,,6239.00
"Kepler-228 d","Kepler-228",11.09428600000,4.04000000,,6043.00
"NGTS-15 b","NGTS-15",3.27623000000,12.32987877,238.68913366,5600.00
"BD+37 3172 b","BD+37 3172",1887.76000000000,,3368.98111420,4500.00
"CoRoT-19 b","CoRoT-19",3.89713000000,14.46000000,352.78000000,6090.00
"Kepler-1625 b","Kepler-1625",287.37894900000,6.06000000,,5677.00
"Kepler-629 b","Kepler-629",7.23858540000,1.38000000,,5444.00
"TOI-6677 b","TOI-6677",5.45060661625,5.83507112,,6572.28
"K2-397 b","K2-397",3.57232600000,2.41700000,,5387.00
"Kepler-1354 b","Kepler-1354",76.61337700000,2.97000000,,6168.00
"TOI-1194 b","TOI-1194",2.31064460000,8.71664516,120.00000000,5394.00
"KELT-17 b","KELT-17",3.08017160000,17.09372500,416.35730000,7454.00
"TOI-3919 b","TOI-3919",7.43323400000,12.31866979,1233.17421916,6100.00
"Kepler-65 d","Kepler-65",8.13123000000,1.52000000,,6211.00
"Kepler-1656 c","Kepler-1656",1919.00000000000,,126.40000000,
"MOA-2016-BLG-526L b","MOA-2016-BLG-526L",,,14.93793513,
"K2-71 b","K2-71",6.98541000000,2.15000000,,4006.00
"TOI-3785 b","TOI-3785",4.67473730000,5.14000000,14.95000000,3576.00
"Kepler-1595 b","Kepler-1595",4.56380468000,1.23000000,,5203.00
"KOI-351 d","KOI-351",59.73667000000,2.87000000,,6080.00
"TOI-837 b","TOI-837",8.32491130000,9.16894621,120.45696625,5995.00
"TOI-4860 b","TOI-4860",1.52275910000,8.70000000,86.70000000,3260.00
"NGTS-3 A b","NGTS-3 A",1.67537280000,16.58932000,756.43540000,5600.00
"K2-174 b","K2-174",19.56230700000,2.60000000,,4455.00
"Kepler-1880 b","Kepler-1880",6.30921983700,2.11686218,,4380.00
"HAT-P-6 b","HAT-P-6",3.85298000000,16.58932000,419.53560000,6570.00
"LHS 1903 d","LHS 1903",12.56628700000,2.50000000,5.96000000,3664.00
"TOI-1201 b","TOI-1201",2.49198630000,2.41500000,6.28000000,3476.00
"Kepler-1093 c","Kepler-1093",89.72229200000,1.96000000,,6166.00
"Kepler-203 d","Kepler-203",11.32972000000,1.44000000,,5821.00
"KMT-2018-BLG-1025L b","KMT-2018-BLG-1025L",,,6.05900000,
"Kepler-379 c","Kepler-379",62.78469700000,2.29000000,,6054.00
"WASP-181 b","WASP-181",4.51950640000,13.27145600,95.03117000,5839.00
"Kepler-1033 b","Kepler-1033",7.56052806000,2.51000000,,5547.00
"Kepler-684 b","Kepler-684",6.77030200800,3.36000000,,5493.00
"Kepler-393 b","Kepler-393",9.18241700000,1.29000000,,6189.00
"WASP-72 b","WASP-72",2.21673000000,14.45961000,731.00900000,6250.00
"Kepler-378 b","Kepler-378",16.09236100000,0.75000000,,4661.00
"WASP-133 b","WASP-133",2.17642300000,13.56289000,368.68280000,5700.00
"HATS-65 b","HATS-65",3.10516100000,16.82470900,260.93843000,6277.00
"HD 35759 b","HD 35759",82.46700000000,,1195.04080000,6060.00
"Kepler-1702 b","Kepler-1702",18.50120000000,1.60190793,,5093.00
"Kepler-550 b","Kepler-550",8.60010410900,4.42000000,,5322.00
"GJ 887 c","GJ 887",21.78400000000,,6.50000000,3688.00
"TOI-4458 b","TOI-4458",3.93937920000,12.40834163,552.06794296,6151.00
"Kepler-1895 b","Kepler-1895",6.07029008900,2.11934728,,5076.00
"TOI-1634 c","TOI-1634",103.00000000000,,,3472.00
"Kepler-1218 b","Kepler-1218",22.92212660000,1.44000000,,5986.00
"GJ 238 b","GJ 238",1.74469990000,0.56600000,,3485.00
"TIC 445839811 b","TIC 445839811",11.10862603180,2.47771211,,5408.25
"HIP 98599 b","HIP 98599",2656.00000000000,,2177.12458795,5978.00
"Kepler-323 b","Kepler-323",1.67832800000,1.38100000,3.90000000,6004.00
"K2-268 e","K2-268",6.13124300000,1.33000000,,5106.00
"Kepler-8 b","Kepler-8",3.52249910000,15.87194400,187.51970000,6213.00
"Kepler-904 b","Kepler-904",3.02166863200,1.77000000,,6160.00
"Kepler-772 b","Kepler-772",12.99207337000,1.82000000,,5714.00
"Kepler-669 b","Kepler-669",4.12554686900,4.83000000,,6038.00
"Kepler-1610 c","Kepler-1610",44.98518850000,2.09000000,,5295.00
"Kepler-310 b","Kepler-310",13.93069800000,1.19000000,,5797.00
"Kepler-427 b","Kepler-427",10.29099400000,13.79000000,92.17000000,5800.00
"NGTS-33 b","NGTS-33",2.82797200000,18.38272835,1153.71711741,7437.00
"TOI-3976 A b","TOI-3976 A",6.60766200000,12.27383387,55.61997123,5975.00
"HD 191939 e","HD 191939",101.12000000000,,112.20000000,5348.00
"Kepler-1876 b","Kepler-1876",6.99205000000,0.85300000,2.40000000,6104.00
"Kepler-1771 b","Kepler-1771",88.64399719000,4.05537256,,5661.00
"HD 224693 b","HD 224693",26.69040000000,,222.48100000,5894.00
"HD 457 b","HD 457",20324.58153000000,,8445.33643080,
"TOI-469.01","TOI-469",13.63082050000,3.41000000,9.10000000,5289.00
"HIP 65891 b","HIP 65891",1089.60000000000,,1938.75328270,5000.00
"Kepler-227 c","Kepler-227",54.41869400000,3.04000000,,5854.00
"Kepler-127 d","Kepler-127",48.63040800000,2.64000000,,6106.00
"K2-184 b","K2-184",16.97801020000,1.47000000,,5245.00
"Kepler-1026 b","Kepler-1026",36.51560530000,2.21000000,,4948.00
"HD 63765 b","HD 63765",358.00000000000,,168.44990000,5449.00
"Kepler-371 b","Kepler-371",34.76327800000,1.89000000,,5666.00
"Kepler-438 b","Kepler-438",35.23319000000,1.12000000,,3748.00
"HD 27442 b","HD 27442",428.10000000000,,495.80000000,4846.00
"Kepler-214 b","Kepler-214",15.66054400000,2.61000000,,6169.00
"Kepler-398 b","Kepler-398",4.08142300000,0.93000000,,4493.00
"Kepler-310 c","Kepler-310",56.47542000000,3.38000000,,5797.00
"TOI-2485 b","TOI-2485",11.23479000000,12.13932610,766.60211768,
"Kepler-982 b","Kepler-982",15.77382210000,2.25000000,,6139.00
"Kepler-1535 b","Kepler-1535",138.94420000000,2.55000000,,6021.00
"Kepler-110 b","Kepler-110",12.69111200000,1.83000000,,5960.00
"HD 73534 b","HD 73534",1750.00000000000,,353.42696000,4917.00
"Kepler-1630 b","Kepler-1630",509.99740200000,2.19000000,,4736.00
"Kepler-824 b","Kepler-824",4.51436633000,1.87000000,,6035.00
"HATS-50 b","HATS-50",3.82970150000,12.66617000,123.95370000,5990.00
"HD 177565 b","HD 177565",44.50500000000,,15.10000000,
"Kepler-1372 b","Kepler-1372",1.31155556800,1.27000000,,5677.00
"KMT-2019-BLG-1367L b","KMT-2019-BLG-1367L",,,4.08000000,
"TWA 7 b","TWA 7",,,108.06165838,
"K2-14 b","K2-14",8.36802000000,4.81000000,,3789.00
"Kepler-511 c","Kepler-511",26.62949944000,4.20964327,,5866.00
"TOI-470 b","TOI-470",12.19148000000,4.34000000,,5190.00
"Kepler-813 b","Kepler-813",19.12947337000,2.14000000,,5743.00
"TOI-2000 c","TOI-2000",9.12705500000,8.14000000,81.70000000,5611.00
"Kepler-611 b","Kepler-611",2.43703330200,1.65000000,,5761.00
"Kepler-595 b","Kepler-595",25.30290920000,3.70800000,17.40000000,
"HD 220689 b","HD 220689",2266.40000000000,,355.33394000,5921.00
"V830 Tau b","V830 Tau",4.92700000000,,222.48100000,4250.00
"HD 181433 d","HD 181433",6896.10000000000,,206.91000000,
"Kepler-41 b","Kepler-41",1.85555820000,14.46000000,177.98000000,5750.00
"Kepler-229 c","Kepler-229",16.06863800000,4.92000000,,5120.00
"Kepler-1815 b","Kepler-1815",12.19139957000,2.74892620,,5516.00
"Kepler-769 c","Kepler-769",15.98701740000,1.79000000,,6186.00
"Kepler-1770 b","Kepler-1770",16.84189987000,2.84141754,,5602.00
"Kepler-520 c","Kepler-520",5.21104261000,1.07000000,,6112.00
"TOI-1268 b","TOI-1268",8.15770940000,9.10000000,96.40000000,5300.00
"Kepler-68 b","Kepler-68",5.39875259000,2.35700000,8.03000000,5847.00
"Kepler-79 d","Kepler-79",52.08970000000,7.15000000,5.30000000,6389.00
"Kepler-600 b","Kepler-600",23.67517607000,2.90000000,,5279.00
"GJ 1061 d","GJ 1061",13.06600000000,,1.67000000,2953.00
"Kepler-374 d","Kepler-374",5.02821900000,1.31000000,,5977.00
"Kepler-1292 b","Kepler-1292",3.27646405000,1.82000000,,5556.00
"Kepler-1666 c","Kepler-1666",40.71570000000,3.23564749,,6293.00
"Kepler-1359 b","Kepler-1359",59.49709520000,2.83000000,,4709.00
"TOI-6707 b","TOI-6707",3.83479363758,5.72673066,,6289.49
"TOI-375 b","TOI-375",9.45469000000,10.77183045,236.78216321,5259.90
"Kepler-342 b","Kepler-342",15.17031800000,2.25000000,,6175.00
"WASP-153 b","WASP-153",3.33260900000,17.37395000,123.95370000,5914.00
"Kepler-853 b","Kepler-853",7.16892463000,1.69000000,,6350.00
"K2-124 b","K2-124",6.41365100000,2.90000000,,3570.00
"Kepler-1061 b","Kepler-1061",2.75798266600,1.98000000,,6067.00
"TOI-201 d","TOI-201",5.84889000000,1.39000000,5.80000000,6423.00
"K2-413 b","K2-413",0.80940000000,0.75990000,,4116.00
"TOI-6002 b","TOI-6002",10.90482100000,1.65000000,,3229.00
"TOI-1798.01","TOI-1798",8.02152233100,2.44800000,,5165.00
"TOI-5398 b","TOI-5398",10.59054700000,10.30000000,58.70000000,6000.00
"Kepler-187 b","Kepler-187",4.93886400000,1.41000000,,6105.00
"TOI-871 b","TOI-871",14.36256500000,1.66400000,,4929.00
"Kepler-270 b","Kepler-270",11.47609400000,2.01000000,,6067.00
"Kepler-1378 b","Kepler-1378",11.95398936000,2.20000000,,4407.00
"Kepler-1121 b","Kepler-1121",13.15141081000,1.91000000,,6231.00
"Kepler-55 e","Kepler-55",4.61753400000,1.55000000,,4503.00
"Kepler-1931 b","Kepler-1931",38.57609940000,2.65323514,,6167.00
"Kepler-1865 b","Kepler-1865",2.52400994300,1.57686072,,5420.00
"Kepler-341 c","Kepler-341",8.01041000000,1.70000000,,6012.00
"BD-13 2130 b","BD-13 2130",714.29999000000,,3108.37740000,4545.00
"eps CrB b","eps CrB",417.90000000000,,2129.46100000,4406.00
"Kepler-1542 c","Kepler-1542",2.89223021000,0.65000000,,5564.00
"Kepler-223 d","Kepler-223",14.78869000000,5.24000000,8.00000000,
"Kepler-1268 b","Kepler-1268",40.99039860000,2.03000000,,5904.00
"KMT-2023-BLG-1592L b","KMT-2023-BLG-1592L",,,184.34047606,
"Kepler-394 b","Kepler-394",8.00501300000,1.60000000,,6402.00
"GJ 1002 b","GJ 1002",10.34650000000,,1.08000000,3024.00
"TIC 231949697 b","TIC 231949697",0.90720448719,1.52831855,,3451.32
"Kepler-387 b","Kepler-387",6.79163600000,1.03000000,,5774.00
"HD 4203 b","HD 4203",431.88000000000,,708.76090000,5596.00
"TOI-2421 b","TOI-2421",4.34740320000,10.36830715,105.83685953,5607.00
"Kepler-407 b","Kepler-407",0.66931240000,1.19000000,1.93000000,5487.00
"HATS-54 b","HATS-54",2.54417650000,11.37711541,239.32479047,5621.00
"Kepler-135 c","Kepler-135",11.44870800000,1.16000000,,6090.00
"HD 69830 b","HD 69830",8.66700000000,,10.20000000,5385.00
"Kepler-1307 b","Kepler-1307",18.01621096000,2.47000000,,5884.00
"Kepler-139 c","Kepler-139",157.07287800000,3.38000000,,5594.00
"Kepler-1012 b","Kepler-1012",5.50860439000,1.29000000,,5556.00
"Kepler-1694 b","Kepler-1694",3.89526000000,1.17986031,,4954.00
"Kepler-1064 b","Kepler-1064",16.54080322000,1.55000000,,5153.00
"OGLE-2017-BLG-0373L b","OGLE-2017-BLG-0373L",,,127.00000000,
"Kepler-216 c","Kepler-216",17.40666900000,3.04000000,,6091.00
"K2-163 b","K2-163",6.67311700000,2.46610713,,4937.00
"Kepler-296 c","Kepler-296",5.84163660000,2.00000000,,3740.00
"GJ 9689 b","GJ 9689",18.27000000000,,9.65000000,3836.00
"Kepler-284 c","Kepler-284",37.51445600000,2.61000000,,5615.00
"GJ 27.1 b","GJ 27.1",15.81900000000,,13.00000000,3542.00
"Kepler-1075 b","Kepler-1075",1.52372816000,1.42000000,,3959.00
"K2-404 b","K2-404",13.11536500000,2.53000000,,3748.00
"Kepler-1342 b","Kepler-1342",2.21571035800,1.66000000,,5527.00
"Kepler-721 b","Kepler-721",5.39202538800,2.64000000,,5075.00
"HIP 54515 b","HIP 54515",33000.00000000000,,5625.56280390,8100.00
"TOI-2525 b","TOI-2525",23.28560000000,8.67575106,26.69758619,5096.00
"KMT-2022-BLG-1551L b","KMT-2022-BLG-1551L",,,940.77208472,
"Kepler-150 d","Kepler-150",12.56093000000,2.79000000,,5560.00
"WASP-7 b","WASP-7",4.95464160000,14.90797000,305.11680000,6400.00
"K2-104 b","K2-104",1.97419540000,1.79000000,,3712.00
"HAT-P-59 b","HAT-P-59",4.14197710000,12.58768533,489.45574678,5678.00
"Kepler-80 e","Kepler-80",4.64489000000,1.60000000,4.13000000,4540.00
"Kepler-1764 b","Kepler-1764",70.46829987000,4.55527871,,6461.00
"KIC 10001893 b","KIC 10001893",0.21970000000,,,27500.00
"TOI-481 b","TOI-481",10.33111000000,11.09691000,486.27990000,5735.00
"Kepler-422 b","Kepler-422",7.89144830000,12.89000000,136.66000000,5972.00
"HD 13167 b","HD 13167",2613.00000000000,,1052.01730000,5671.00
"HD 20782 b","HD 20782",597.06430000000,,472.83000000,5782.13
"Kepler-773 b","Kepler-773",3.74910006100,1.43000000,,5850.00
"Kepler-218 d","Kepler-218",124.52446470000,2.66000000,,5542.00
"HATS-9 b","HATS-9",1.91529100000,13.85000000,,5599.00
"Kepler-906 b","Kepler-906",41.69799760000,2.11000000,,6035.00
"Kepler-444 b","Kepler-444",3.60010530000,0.40300000,,5046.00
"K2-12 b","K2-12",8.28246000000,2.44000000,5.20000000,5672.00
"Kepler-1819 b","Kepler-1819",16.48690033000,3.90351256,,6090.00
"EPIC 249893012 b","EPIC 249893012",3.59510000000,1.95000000,8.75000000,5430.00
"WASP-172 b","WASP-172",5.47743300000,17.59813000,149.38010000,6900.00
"Kepler-192 b","Kepler-192",9.92674600000,2.74000000,,5479.00
"HATS-51 b","HATS-51",3.34887020000,15.80469000,244.09344000,5758.00
"K2-21 c","K2-21",15.50192000000,2.49000000,,4222.06
"GJ 685 b","GJ 685",24.16000000000,,9.00000000,3816.00
"HATS-44 b","HATS-44",2.74390040000,11.96000300,177.98480000,5080.00
"Kepler-1059 b","Kepler-1059",3.76419104800,1.73000000,,4906.00
"Kepler-860 b","Kepler-860",5.10137945400,3.24000000,,5836.00
"BD+48 738 b","BD+48 738",392.60000000000,,289.22530000,4414.00
"Kepler-1212 b","Kepler-1212",12.94130146000,2.14000000,,6051.00
"HD 11505 b","HD 11505",32669.22247000000,,2510.52658689,
"Kepler-124 c","Kepler-124",13.82137500000,1.75000000,,4984.00
"HD 108341 b","HD 108341",1129.00000000000,,1112.40000000,5122.00
"Kepler-30 b","Kepler-30",29.33434000000,3.90000000,11.30000000,5498.00
"HD 114386 c","HD 114386",444.00000000000,,117.59651059,4895.00
"HD 89839 b","HD 89839",3391.20000000000,,1196.90000000,
"HD 93083 b","HD 93083",144.72000000000,,143.34061156,5033.80
"Kepler-979 b","Kepler-979",8.08801350000,2.72000000,,5310.00
"Kepler-1766 b","Kepler-1766",105.01499940000,2.27904508,,5868.00
"Teegarden's Star b","Teegarden's Star",4.90634000000,,1.16000000,3034.00
"Kepler-1446 b","Kepler-1446",0.68996783200,0.82000000,,4865.00
"HD 179949 b","HD 179949",3.09251400000,,291.12000000,6168.00
"Kepler-558 b","Kepler-558",29.00790538000,2.37000000,,5242.00
"CoRoT-2 b","CoRoT-2",1.74299350000,16.43200000,1102.82000000,5625.00
"KOI-1783.01","KOI-1783",134.46280000000,8.86000000,71.00000000,5922.00
"TOI-1273 b","TOI-1273",4.63129600000,11.09689089,70.55790635,5690.00
"TIC 356227008 b","TIC 356227008",2.96147448702,2.39024009,,5731.86
"TOI-375 d","TOI-375",297.90000000000,,445.59542661,5259.90
"Kepler-1622 b","Kepler-1622",10.81187370000,1.47000000,,6436.00
"TOI-2525 c","TOI-2525",49.25190000000,10.13291855,208.81326340,5096.00
"TIC 423703298 b","TIC 423703298",4.03712711976,2.77230429,,4540.37
"WASP-49 b","WASP-49",2.78174000000,12.44199000,117.59710000,5600.00
"Kepler-1727 b","Kepler-1727",9.02929973600,3.17321625,,5349.00
"Kepler-1468 c","Kepler-1468",3.54553021000,1.15000000,,5893.00
"K2-155 b","K2-155",6.34200000000,1.80000000,,4258.00
"TOI-4666 b","TOI-4666",2.90891650000,12.53164042,155.41809102,3793.00
"Kepler-1517 b","Kepler-1517",5.54608366500,9.76000000,,7010.00
"Kepler-1303 b","Kepler-1303",7.56127224000,1.42000000,,5771.00
"EPIC 201615463 c","K2-166",3.80464000000,1.22000000,,
"HD 140901 c","HD 140901",14386.00000000000,,572.09113260,
"HD 184010 b","HD 184010",286.60000000000,,98.52680617,4971.00
"Kepler-1748 b","Kepler-1748",5.82352018400,2.71275017,,5774.00
"TOI-1752 b","TOI-1752",0.93518610000,1.69300000,,3762.00
"TOI-733 b","TOI-733",4.88476500000,1.99200000,5.72000000,5585.00
"HD 207897 b","HD 207897",16.20166000000,2.34302132,14.80000000,5106.00
"OGLE-2014-BLG-0319L b","OGLE-2014-BLG-0319L",,,181.16219199,
"HD 13808 c","HD 13808",53.75300000000,,9.96000000,5035.00
"TOI-5716 b","TOI-5716",6.76630000000,0.96000000,,3436.00
"Kepler-1441 b","Kepler-1441",39.44198390000,1.31000000,,5802.00
"Kepler-567 b","Kepler-567",16.54297375000,2.25000000,,5148.00
"Kepler-161 b","Kepler-161",4.92135500000,2.12000000,,5078.00
"Kepler-1083 b","Kepler-1083",33.41779930000,3.36000000,,5049.00
"K2-190 b","K2-190",10.09885800000,1.35673729,,5631.00
"WASP-95 b","WASP-95",2.18467000000,13.78707000,457.67520000,5830.00
"K2-224 b","K2-224",4.47904000000,1.56000000,,5620.00
"Kepler-1327 b","Kepler-1327",14.88801098000,1.80000000,,5885.00
"Kepler-1984 b","Kepler-1984",1.99281233900,6.81000000,,3638.00
"Kepler-767 b","Kepler-767",161.52801010000,6.64000000,,5694.00
"Kepler-364 c","Kepler-364",59.98062700000,2.15000000,,6108.00
"K2-6 b","K2-6",30.94191000000,2.50000000,,5850.00
"Kepler-1821 b","Kepler-1821",16.45809937000,2.59248115,,5475.00
"Kepler-963 b","Kepler-963",9.97683705000,2.66000000,,5461.00
"Kepler-52 b","Kepler-52",7.87735650000,2.10000000,135.00000000,4075.00
"K2-2016-BLG-0005L b","K2-2016-BLG-0005L",4700.00000000000,,349.61124770,
"Kepler-724 b","Kepler-724",3.31494633800,3.29000000,,5437.00
"Kepler-33 b","Kepler-33",5.66793000000,1.74000000,,5904.00
"Kepler-619 c","Kepler-619",1.20846502600,1.69000000,,5980.00
"Kepler-1371 b","Kepler-1371",3.44620390000,0.73000000,,5361.00
"Kepler-1384 b","Kepler-1384",15.36262753000,1.94000000,,4919.00
"EPIC 211822797 b","EPIC 211822797",21.17019630000,1.92000000,,4057.00
"Kepler-1690 b","Kepler-1690",234.63600000000,2.81109223,,5404.00
"PSR B0329+54 b","PSR B0329+54",10140.00000000000,,1.97000000,
"HATS-69 b","HATS-69",2.22525770000,10.59250500,183.38791000,5137.00
"HD 141399 d","HD 141399",1069.80000000000,,375.03940000,5600.00
"HD 187123 b","HD 187123",3.09658280000,,166.21800000,5790.00
"HD 20868 b","HD 20868",380.85001000000,,397.28750000,4802.00
"TOI-2018 b","TOI-2018",7.43558300000,2.26800000,9.20000000,4174.00
"Kepler-1248 b","Kepler-1248",7.46725407000,1.18000000,,6149.00
"WASP-21 b","WASP-21",4.32248200000,11.99000000,95.34500000,
"Kepler-1929 b","Kepler-1929",59.36249924000,3.07250761,,5786.00
"WASP-65 b","WASP-65",2.31142430000,12.46400000,492.62000000,5600.00
"Kepler-207 c","Kepler-207",3.07157100000,1.50000000,,5920.00
"Kepler-920 b","Kepler-920",6.53192704000,2.42000000,,5403.00
"Kepler-1526 b","Kepler-1526",3.90863200500,2.43000000,,4601.00
"Kepler-758 b","Kepler-758",12.10971040000,2.48000000,,6228.00
"Kepler-903 b","Kepler-903",10.35077210000,2.01000000,,5682.00
"Kepler-497 b","Kepler-497",3.57320367100,6.04000000,,5834.00
"Kepler-127 b","Kepler-127",14.43588900000,1.40000000,,6106.00
"Kepler-1436 b","Kepler-1436",9.70571600000,1.31000000,,5972.00
"Kepler-27 c","Kepler-27",31.33090000000,4.90000000,4385.87000000,5400.00
"HD 148164 c","HD 148164",5062.00000000000,,1640.00280000,6032.00
"K2-261 b","K2-261",11.63346810000,9.26982704,68.96876432,5490.00
"Kepler-1917 b","Kepler-1917",12.90240002000,1.88971288,,5530.00
"GJ 3998 c","GJ 3998",13.72700000000,,6.82000000,3726.00
"Kepler-290 b","Kepler-290",14.58934700000,2.25000000,,5147.00
"Kepler-1290 b","Kepler-1290",4.69500134000,1.42000000,,5660.00
"WASP-149 b","WASP-149",1.33281300000,15.24421375,314.96795134,5750.00
"Kepler-826 b","Kepler-826",4.48758907000,1.25000000,,6079.00
"KIC 8540376 b","KOI-7892",31.80990000000,4.10000000,,6474.00
"K2-406 b","K2-406",22.54940600000,4.60200000,,5784.00
"Kepler-282 b","Kepler-282",9.22052400000,1.01000000,,5602.00
"HD 219134 d","HD 219134",46.85900000000,1.61000000,16.17000000,4699.00
"Kepler-1794 b","Kepler-1794",9.76298046100,1.79426276,,5052.00
"HD 70573 b","HD 70573",851.80000000000,,1900.00000000,5737.00
"HD 143811 AB b","HD 143811 A",117000.00000000000,15.69257298,1938.75328270,6791.00
"TOI-5803 b","TOI-5803",5.38305000000,3.27320000,,5134.00
"OGLE-2012-BLG-0026L b","OGLE-2012-BLG-0026L",,,46.10000000,
"CoRoT-10 b","CoRoT-10",13.24060000000,10.87000000,874.00000000,5075.00
"KOI-351 b","KOI-351",7.00815100000,1.31000000,,6080.00
"Kepler-1305 b","Kepler-1305",13.56309720000,1.88000000,,5701.00
"Kepler-1259 b","Kepler-1259",0.66308525800,1.43000000,,5053.00
"Kepler-255 b","Kepler-255",5.71460600000,1.55000000,,5573.00
"Kepler-1599 b","Kepler-1599",122.36355300000,1.62000000,,5767.00
"HATS-60 b","HATS-60",3.56082900000,12.92397700,210.40346000,5688.00
"HATS-14 b","HATS-14",2.76676410000,11.64615100,340.39593000,5346.00
"Kepler-343 c","Kepler-343",23.22182000000,2.02000000,,5807.00
"HD 81040 b","HD 81040",1002.70000000000,,2301.07766668,
"Kepler-651 b","Kepler-651",21.38521506000,2.37000000,,5522.00
"Kepler-1742 b","Kepler-1742",49.47819901000,2.17824130,,5776.00
"HD 168863 b","HD 168863",14773.93272000000,,2154.87659946,
"psi1 Dra B b","psi1 Dra B",3117.00000000000,,486.27990000,6212.00
"K2-107 b","K2-107",3.31395900000,15.98000000,,6061.00
"KMT-2025-BLG-0121L b","KMT-2025-BLG-0121L",,,2469.52672239,
"Kepler-290 c","Kepler-290",36.77031000000,2.70000000,,5147.00
"Kepler-1779 b","Kepler-1779",16.34359932000,3.03295685,,5730.00
"Kepler-1210 b","Kepler-1210",8.07124073000,1.70000000,,5568.00
"Kepler-219 b","Kepler-219",4.58551200000,2.95000000,,5786.00
"Kepler-1304 b","Kepler-1304",16.12888530000,2.29000000,,5259.00
"BD+45 564 b","BD+45 564",307.88000000000,,432.24663352,5004.00
"Qatar-5 b","Qatar-5",2.87923190000,12.40836300,1373.02560000,5747.00
"Kepler-894 b","Kepler-894",9.80322400000,2.78000000,,5603.00
"Kepler-154 b","Kepler-154",33.04053200000,2.26000000,,5690.00
"TOI-5713 b","TOI-5713",10.44198900000,1.77000000,,3225.00
"HIP 90988 b","HIP 90988",455.73816000000,,668.07531151,
"HD 23079 b","HD 23079",735.74000000000,,845.42356262,5994.00
"Kepler-107 b","Kepler-107",3.18002180000,1.53600000,3.80000000,5854.00
"TOI-4515 b","TOI-4515",15.26644600000,12.17000000,637.00000000,5433.00
"TOI-2267 b","TOI-2267 A",2.28909000000,1.00000000,,3030.00
"HD 360 b","HD 360",273.10000000000,,238.37130525,4770.00
"HIP 5158 b","HIP 5158",345.72000000000,,451.00000000,4962.00
"Kepler-395 b","Kepler-395",7.05434600000,1.03000000,,4262.00
"XO-2 S b","XO-2 S",18.22000000000,,82.63538582,5325.00
"Kepler-81 c","Kepler-81",12.04000000000,2.37000000,,
"HD 76920 b","HD 76920",415.89100000000,,994.80291391,4664.00
"K2-285 c","K2-285",7.13804800000,3.53000000,15.68000000,4975.00
"Kepler-385 b","Kepler-385",10.04368600000,2.73000000,,6326.00
"Kepler-635 b","Kepler-635",23.44971004000,2.64000000,,6174.00
"Kepler-691 b","Kepler-691",8.11437900000,2.09000000,,3715.00
"Kepler-151 c","Kepler-151",24.67461200000,2.09000000,,5460.00
"TOI-333 b","TOI-333",3.78525030000,4.26000000,20.10000000,6241.00
"K2-8 b","K2-8",10.35239000000,3.58000000,,4870.00
"Kepler-565 b","Kepler-565",4.24374722600,3.64000000,,5735.00
"TOI-929 b","TOI-929",5.83015366944,2.68983343,,4457.16
"Kepler-216 b","Kepler-216",7.69364100000,2.35000000,,6091.00
"TOI-2005 b","TOI-2005",17.30590400000,11.99360935,2034.10180480,7130.00
"Kepler-418 b","Kepler-418",86.67856000000,13.45000000,349.61124770,5820.00
"KIC 10525077 b","KIC 10525077",854.08300000000,5.50000000,,6091.00
"K2-155 d","K2-155",40.71800000000,1.90000000,,4258.00
"HAT-P-15 b","HAT-P-15",10.86350000000,11.88154000,616.59020000,5568.00
"HD 238090 b","HD 238090",13.67100000000,,6.89000000,3933.00
"Kepler-609 b","Kepler-609",6.52121066600,3.35000000,,5971.00
"TOI-6080 b","TOI-6080",8.05562348084,3.32424168,,5775.46
"HD 192699 b","HD 192699",340.94000000000,,666.17168000,5041.00
"Kepler-112 c","Kepler-112",28.57426300000,2.40000000,,5544.00
"Kepler-215 e","Kepler-215",68.16101000000,1.75000000,,5739.00
"Kepler-1100 b","Kepler-1100",6.42200058000,1.75000000,,6247.00
"Kepler-347 d","Kepler-347",85.51734400000,3.04000000,,5592.00
"Kepler-990 b","Kepler-990",9.91723428000,2.60000000,,5948.00
"TOI-6130 b","TOI-6130",2.39267900000,14.34749530,333.71982735,6110.00
"HATS-57 b","HATS-57",2.35062100000,12.76705100,1000.21101000,5587.00
"HD 41004 B b","HD 41004 B",1.32830000000,,5838.29000000,
"Kepler-271 b","Kepler-271",10.43547805000,1.23000000,,5555.00
"OGLE-2013-BLG-1721L b","OGLE-2013-BLG-1721L",,,200.00000000,
"Kepler-280 c","Kepler-280",4.80709100000,2.01000000,,5744.00
"HIP 66074 b","HIP 66074",310.90000000000,,1589.14203500,4300.00
"Kepler-1447 b","Kepler-1447",56.67472850000,2.90000000,,5722.00
"Kepler-337 b","Kepler-337",3.29278100000,1.54000000,,5684.00
"TrES-3 b","TrES-3",1.30618581000,14.97500000,607.03000000,5650.00
"Kepler-1553 b","Kepler-1553",4.24261881000,1.15000000,,5288.00
"TOI-3288 b","TOI-3288",1.43386470000,12.24020692,536.17652261,4072.00
"HD 108147 b","HD 108147",10.89850000000,,82.95000000,6255.73
"Kepler-485 b","Kepler-485",3.24325979600,14.41000000,,5958.00
"Kepler-681 b","Kepler-681",26.39435646000,3.08000000,,5021.00
"TOI-5799 c","TOI-5799",14.01044900000,1.76000000,,3452.00
"Kepler-632 b","Kepler-632",30.99660733000,2.21000000,,5322.00
"Kepler-68 d","Kepler-68",632.62000000000,,238.05347684,5847.00
"TOI-1718 b","TOI-1718",5.58703768615,4.10824994,,5304.91
"Kepler-105 b","Kepler-105",5.41220340000,2.53000000,10.80000000,5933.00
"TOI-375 c","TOI-375",115.50000000000,,669.34662514,5259.90
"TOI-1260 b","TOI-1260",3.12746300000,2.41000000,8.56000000,4227.00
"KMT-2023-BLG-1431L b","KMT-2023-BLG-1431L",,,13.60000000,
"Kepler-418 c","Kepler-418",12.21829987000,5.22108654,,5822.00
"Kepler-1247 b","Kepler-1247",13.71220213000,2.33000000,,5303.00
"HD 97048 b","HD 97048",,,794.57500000,10000.00
"HD 103197 b","HD 103197",47.84000000000,,28.60470000,5250.00
"HIP 67537 b","HIP 67537",2523.64713000000,,4309.11754211,
"Kepler-62 f","Kepler-62",267.29100000000,1.41000000,35.00000000,4925.00
"Kepler-1360 b","Kepler-1360",40.52864130000,3.40000000,,6778.00
"Kepler-1664 b","Kepler-1664",14.38680000000,3.03320653,,5735.81
"Kepler-1172 b","Kepler-1172",26.02044230000,3.20000000,,5558.00
"BD-14 3065 b","BD-14 3065 A",4.28897310000,21.59000000,3932.00000000,6935.00
"TOI-1279 b","TOI-1279",9.61419000000,2.66146528,10.60000000,5457.00
"WASP-156 b","WASP-156",3.83616290000,6.15000000,42.00000000,5036.00
"TOI-1184 b","TOI-1184",5.74843380300,2.39000000,,4534.00
"TOI-1203 c","TOI-1203",13.07660000000,,5.46000000,5737.00
"Kepler-66 b","Kepler-66",17.81581500000,2.80000000,,5962.00
"Kepler-260 c","Kepler-260",76.05017800000,1.74000000,,5250.00
"HD 158996 b","HD 158996",820.20000000000,,4449.62000000,4069.00
"K2-117 c","K2-117",5.44401700000,2.06000000,,3778.00
"TOI-5335 b","TOI-5335",3.61365988443,4.02422162,,5528.92
"HD 16141 b","HD 16141",75.52300000000,,82.63580000,5757.00
"Kepler-900 b","Kepler-900",6.99130860000,2.08000000,,4836.00
"HD 15906 b","HD 15906",10.92470900000,2.24000000,,4757.00
"Kepler-472 b","Kepler-472",4.17625551400,3.22000000,,4996.00
"Kepler-269 c","Kepler-269",8.12789900000,1.69000000,,5847.00
"Kepler-821 b","Kepler-821",1.92279873000,1.31000000,,5191.00
"Kepler-1482 b","Kepler-1482",12.25383217000,1.01000000,,5381.00
"Kepler-19 b","Kepler-19",9.28699000000,2.20900000,6.10000000,5541.00
"HD 98736 b","HD 98736",968.80000000000,,740.54390000,5271.00
"Kepler-1035 b","Kepler-1035",2.71407755500,1.17000000,,5763.00
"Kepler-505 b","Kepler-505",27.52197994000,2.60000000,,3931.00
"Kepler-376 c","Kepler-376",14.17232700000,1.79000000,,5900.00
"Kepler-114 c","Kepler-114",8.04100000000,1.60000000,2.80000000,
"Kepler-79 c","Kepler-79",27.40260000000,3.76000000,4.60000000,6389.00
"Kepler-286 e","Kepler-286",29.22128900000,1.77000000,,5580.00
"TOI-6383 A b","TOI-6383 A",1.79058695000,11.29000000,331.00000000,3444.00
"Kepler-279 e","Kepler-279",98.35310000000,,56.00000000,
"HD 48265 c","HD 48265",10418.00000000000,,1414.33641115,5805.00
"Kepler-1687 b","Kepler-1687",5.77954000000,1.65623882,,4132.00
"EPIC 206042996 b","EPIC 206042996",5.29860000000,1.70000000,,4114.00
"Kepler-1544 b","Kepler-1544",168.81117400000,1.78000000,,4886.00
"HD 98219 b","HD 98219",433.80000000000,,624.21812000,4925.00
"rho CrB b","rho CrB",39.84900000000,,347.99500000,
"HAT-P-9 b","HAT-P-9",3.92281072000,15.61413700,238.05467000,6350.00
"TOI-2537 c","TOI-2537",1920.00000000000,,2297.89938261,4870.00
"TOI-5160 b","TOI-5160",4.28077325600,2.39729851,,5622.14
"Kepler-129 d","Kepler-129",2646.00000000000,,2637.97577810,5770.00
"Kepler-87 b","Kepler-87",114.73635000000,13.49000000,324.20000000,5600.00
"Kepler-166 d","Kepler-166",1.55400392800,1.73000000,,5350.00
"LHS 1903 e","LHS 1903",29.31773000000,1.73200000,5.79000000,3664.00
"Kepler-587 b","Kepler-587",10.94027841000,2.23000000,,5549.00
"Kepler-74 b","Kepler-74",7.34071100000,10.76000000,200.22000000,6000.00
"TOI-1842 b","TOI-1842",9.57391810000,12.34850230,89.40000000,6039.00
"HD 115954 b","HD 115954",3700.00000000000,,2634.79749403,5957.00
"K2-98 b","K2-98",10.13673490000,5.06645928,34.00763955,6260.00
"Kepler-243 b","Kepler-243",5.71544200000,2.45000000,,5228.00
"K2-290 c","K2-290",48.36685000000,11.27625400,246.00042000,6302.00
"Kepler-1371 c","Kepler-1371",2.00541269000,0.64000000,,5361.00
"GJ 724 b","GJ 724",5.10128400000,,10.75000000,3799.00
"WASP-43 b","WASP-43",0.81347500000,10.42400000,565.71400000,4400.00
"WASP-52 b","WASP-52",1.74977980000,14.24000000,146.20000000,5000.00
"HAT-P-17 c","HAT-P-17",5584.00000000000,,1080.60000000,5336.96
"KOI-94 d","KOI-94",22.34298900000,11.27000000,106.00000000,6182.00
"KOI-94 c","KOI-94",10.42364800000,4.32000000,15.60000000,6182.00
"KOI-94 e","KOI-94",54.32031000000,6.56000000,35.00000000,6182.00
"KOI-94 b","KOI-94",3.74320800000,1.71000000,10.50000000,6182.00
"WASP-103 b","WASP-103",0.92554200000,17.12700000,473.54700000,6110.00
"Kepler-51 b","Kepler-51",45.15400000000,7.10000000,2.10000000,6018.00
"Kepler-51 d","Kepler-51",130.19400000000,9.70000000,7.60000000,6018.00
"Kepler-51 c","Kepler-51",85.31200000000,9.00000000,4.00000000,6018.00
"WASP-96 b","WASP-96",3.42526020000,13.45000000,152.55000000,5540.00
"HAT-P-12 b","HAT-P-12",3.21305980000,10.74900000,67.05900000,4650.00
"HAT-P-13 b","HAT-P-13",2.91625000000,14.25800000,270.46200000,
"HAT-P-13 c","HAT-P-13",446.27000000000,,4538.42100000,
"HAT-P-1 b","HAT-P-1",4.46529976000,14.78467100,166.86075000,5980.00
"GJ 436 b","GJ 436",2.64388312000,4.17000000,22.10000000,
"KELT-4 A b","KELT-4 A",2.98959320000,19.04409100,286.68266000,6206.00
"Kepler-1270 b","Kepler-1270",6.03356196000,3.32000000,,5047.00
"TOI-2266 b","TOI-2266",2.32631800000,1.54000000,,3200.00
"Kepler-291 c","Kepler-291",5.70078600000,1.88000000,,6002.00
"K2-211 b","K2-211",0.66956100000,1.33162691,,5117.00
"TOI-2136 b","TOI-2136",7.85192800000,2.19000000,6.37000000,3342.00
"K2-171 b","K2-171",5.62846600000,2.68657205,,5250.00
"HR 2562 b","HR 2562",,,6992.22495400,
"KOINTREAU-1 b","XEST 17-036",,,3368.98111420,3551.00
"K2-265 b","K2-265",2.36902000000,1.70824866,7.34183620,5420.00
"WASP-94 B b","WASP-94 B",2.00839000000,,196.41100000,6040.00
"KELT-1 b","KELT-1",1.21751400000,12.44200000,8654.15000000,6516.00
"Kepler-1642 c","Kepler-1642",6.65138020000,2.66000000,,5355.00
"Kepler-380 c","Kepler-380",7.63000400000,1.27000000,,6045.00
"Kepler-969 c","Kepler-969",1.68293460400,0.99000000,,5214.00
"Kepler-1991 b","Kepler-1991",13.26079792000,1.47000000,,5478.00
"Kepler-738 b","Kepler-738",24.58721573000,2.50000000,,5327.00
"Kepler-1014 b","Kepler-1014",16.57110363000,2.39000000,,5388.00
"Kepler-1155 b","Kepler-1155",33.46974300000,2.03000000,,5842.00
"WASP-174 b","WASP-174",4.23370050000,16.10730527,104.88337431,6399.00
"HIP 29442 c","TOI-469",3.53795590000,1.55100000,4.50000000,5289.00
"KMT-2016-BLG-2605L b","KMT-2016-BLG-2605L",,,245.04570180,
"TOI-4479 b","TOI-4479",1.15890000000,2.82000000,,3400.00
"Kepler-1494 b","Kepler-1494",91.08048200000,3.07000000,,5659.00
"TOI-444 b","TOI-444",17.96360000000,2.77000000,,5225.00
"xi Aql b","xi Aql",136.97000000000,,616.90493799,4841.00
"WASP-123 b","WASP-123",,15.13212395,,
"Ross 458 c","Ross 458",,14.01125000,1906.98000000,
"K2-33 b","K2-33",5.42486500000,5.04000000,1175.97100000,3540.00
"HD 75898 b","HD 75898",422.82000000000,,810.46243785,6122.00
"Kepler-1007 b","Kepler-1007",5.18500207300,1.44000000,,4587.00
"Kepler-1275 b","Kepler-1275",3.65691115000,1.48000000,,6296.00
"Kepler-555 b","Kepler-555",16.21775407000,2.83000000,,5894.00
"HD 203387 b","HD 203387",512.53520000000,,1106.04285636,
"Kepler-716 b","Kepler-716",10.37168453000,2.90000000,,5099.00
"Kepler-596 b","Kepler-596",21.30022655000,3.46000000,,6267.00
"Kepler-353 c","Kepler-353",8.41089400000,1.38000000,,3903.00
"Kepler-896 b","Kepler-896",144.54739600000,2.53000000,,5262.00
"K2-326 b","K2-326",1.25600000000,2.28000000,,3924.00
"TIC 24750448 c","TIC 24750448",10.14385270726,3.09028272,,4545.43
"HD 5319 b","HD 5319",637.10000000000,,494.54348000,4871.00
"HATS-76 b","HATS-76",1.94164230000,12.09449018,835.57088200,4016.00
"Kepler-1231 b","Kepler-1231",10.41725184000,1.42000000,,5778.00
"OGLE-2013-BLG-1761L b","OGLE-2013-BLG-1761L",,,860.00000000,
"Kepler-896 c","Kepler-896",29.54225660000,3.15000000,,5510.00
"Kepler-100 b","Kepler-100",6.88734000000,1.34000000,4.01000000,5837.00
"WASP-11 b","WASP-11",3.72247000000,12.44199000,251.08570000,4800.00
"OGLE-2018-BLG-0740L b","OGLE-2018-BLG-0740L",5480.00000000000,,1500.00000000,5912.00
"HD 7449 b","HD 7449",1270.55195000000,,2597.92939882,
"HD 148164 b","HD 148164",328.55000000000,,390.93090000,6032.00
"HATS-56 b","HATS-56",4.32479900000,18.92079200,191.33366000,6536.00
"HD 33142 d","HD 33142",89.90000000000,,63.56568140,5025.40
"WASP-119 b","WASP-119",2.49979000000,15.69260000,390.93090000,5650.00
"Kepler-499 b","Kepler-499",5.63252845300,2.17000000,,5312.00
"WASP-80 b","WASP-80",3.06785234000,11.19779100,170.99254000,4143.00
"HATS-6 b","HATS-6",3.32527250000,11.18658200,101.38777000,3724.00
"KMT-2022-BLG-0371L b","KMT-2022-BLG-0371L",,,82.63538582,
"KMT-2021-BLG-2609L b","KMT-2021-BLG-2609L",,,10.17050902,
"HAT-P-29 b","HAT-P-29",5.72319000000,13.11453000,279.69040000,6087.00
"Kepler-1520 b","Kepler-1520",0.65355357200,5.77000000,,4677.00
"HD 1605 b","HD 1605",577.20000000000,,296.85322000,4915.00
"Kepler-962 b","Kepler-962",12.05707239000,1.97000000,,5478.00
"Kepler-1951 b","Kepler-1951",20.65780067000,2.32107188,,5468.00
"K2-270 b","K2-270",1.54306900000,1.38000000,,4877.00
"MOA-2009-BLG-319L b","MOA-2009-BLG-319L",,,67.30000000,
"OGLE-2017-BLG-0448L b","OGLE-2017-BLG-0448L",,,15.60000000,
"Kepler-704 b","Kepler-704",3.76182115000,2.61000000,,5616.00
"HD 63454 b","HD 63454",2.81805000000,,79.45750000,4812.00
"Kepler-294 c","Kepler-294",6.62640000000,2.71000000,,5913.00
"HD 103720 b","HD 103720",4.55570000000,,197.04600000,5017.00
"KELT-20 b","KELT-20",3.47410850000,19.51486900,1074.90106000,8720.00
"K2-18 c","K2-18",8.96200000000,,7.51000000,3457.00
"GJ 3470 b","GJ 3470",3.33664960000,4.57000000,13.90000000,3600.00
"TOI-6000 b","TOI-6000",0.44895900000,0.94000000,,3419.00
"K2-176 b","K2-176",5.32943900000,1.49090097,,5428.00
"HD 45350 b","HD 45350",963.60000000000,,568.89000000,5566.00
"SWEEPS-11 b","SWEEPS-11",1.79600000000,12.66600000,3082.82000000,
"Kepler-1294 b","Kepler-1294",115.68622580000,3.19000000,,5776.00
"DE CVn b","DE CVn",4098.10000000000,,3823.27330161,
"Kepler-1635 b","Kepler-1635",469.63111000000,3.64000000,,5347.00
"HD 50554 b","HD 50554",1240.00000000000,,1859.29618095,6050.00
"HD 50554 c","HD 50554",5.96936200000,1.31000000,5.30000000,5968.00
"HD 50554 d","HD 50554",28.06940000000,1.41000000,10.40000000,5968.00
"TOI-3053 b","TOI-3053",2.99199870000,13.56286665,270.15414595,5378.00
"K2-201 c","K2-201",22.77987800000,3.28568401,,5507.00
"TOI-2152 A b","TOI-2152",3.37735120000,14.35870428,899.45439181,6630.00
"K2-185 c","K2-185",52.71349400000,2.39000000,,5788.00
"TOI-1235 b","TOI-1235",3.44471400000,1.69000000,6.69000000,3997.00
"Kepler-1613 b","Kepler-1613",1.51842990000,2.08000000,,6005.00
"Kepler-1621 b","Kepler-1621",92.26371400000,2.16000000,,6158.00
"NGTS-12 b","NGTS-12",7.53280600000,11.74703200,66.10864000,5690.00
"K2-295 b","K2-295",4.02486700000,10.05447300,106.47305000,4444.00
"TOI-206 b","TOI-206",0.73631040000,1.30000000,,3383.00
"Kepler-325 d","Kepler-325",38.71518500000,2.79000000,,5752.00
"Kepler-346 b","Kepler-346",6.51112700000,2.66000000,,6033.00
"Kepler-372 d","Kepler-372",30.09256800000,1.69000000,,6509.00
"K2-402 b","K2-402",17.27474000000,2.67800000,,5716.00
"gam Psc b","gam Psc",555.10000000000,,425.89006538,4742.00
"HD 168746 b","HD 168746",6.40400000000,,85.81410000,5570.00
"HD 219828 b","HD 219828",3.83483000000,,19.06970442,
"HD 5891 b","HD 5891",177.11000000000,,2425.04290000,4673.00
"TOI-2458 b","TOI-2458",3.73659000000,2.83000000,13.31000000,6005.00
"K2-260 b","K2-260",2.62669762000,18.41635529,546.66486004,6860.00
"Kepler-1542 e","Kepler-1542",5.10115756000,0.76000000,,5564.00
"HD 180617 b","HD 180617",105.91100000000,,12.21400000,3534.00
"K2-205 b","K2-205",26.67226300000,1.99552771,,5890.00
"Kepler-578 b","Kepler-578",1.61688369600,2.00000000,,5334.00
"Kepler-1596 b","Kepler-1596",66.37337900000,1.90000000,,5706.00
"Kepler-530 b","Kepler-530",39.30941904000,3.01000000,,5697.00
"Kepler-1562 b","Kepler-1562",64.27377520000,3.55000000,,5760.00
"K2-398 c","K2-398",18.78783900000,5.09800000,,5946.00
"HATS-59 b","HATS-59",5.41608100000,12.62133400,256.17098000,5670.00
"GJ 536 b","GJ 536",8.70874000000,,6.37000000,3641.00
"Kepler-198 b","Kepler-198",17.79003700000,2.82000000,,5574.00
"Kepler-1243 b","Kepler-1243",16.83207290000,1.75000000,,5667.00
"K2-123 b","K2-123",30.95152400000,2.76000000,,4035.00
"K2-348 b","K2-348",4.68841800000,3.26000000,,5077.00
"Kepler-1388 c","Kepler-1388",5.53608151000,2.26000000,,4098.00
"TOI-6038 A b","TOI-6038 A",5.82673110000,6.41000000,78.50000000,6110.00
"HD 56414 b","HD 56414",29.04992000000,3.71000000,,8500.00
"K2-337 b","K2-337",16.27356300000,2.62000000,,5869.00
"Kepler-148 d","Kepler-148",51.84688575000,8.68000000,,5172.00
"Kepler-305 d","Kepler-305",16.74000000000,2.76000000,6.20000000,5090.00
"K2-130 b","K2-130",2.49412000000,1.25000000,,4356.47
"Kepler-430 b","Kepler-430",35.96800000000,3.25000000,,5884.00
"Kepler-1470 b","Kepler-1470",16.29509030000,1.07000000,,4961.00
"Kepler-524 c","Kepler-524",1.88897906000,0.96000000,,6014.00
"Kepler-329 b","Kepler-329",7.41639700000,1.40000000,,4257.00
"K2-322 b","K2-322",8.20500000000,1.92000000,,4141.00
"2MASS J04414489+2301513 b","2MASS J04414489+2301513",,,2383.60000000,
"Kepler-175 b","Kepler-175",11.90351500000,2.56000000,,6064.00
"HAT-P-17 b","HAT-P-17",10.33852000000,11.76945000,184.34140000,5246.00
"HAT-P-26 b","HAT-P-26",4.23452000000,7.06167000,22.24810000,5079.00
"TrES-4 b","TrES-4",3.55395000000,18.04649000,247.90740000,6200.00
"HD 149026 b","HD 149026",2.87589000000,8.29466000,120.77540000,6179.00
"HD 189733 b","HD 189733",2.21857567000,12.66617000,359.14790000,5052.00
"HD 209458 b","HD 209458",3.52474859000,15.58051000,232.01590000,6091.00
"WASP-15 b","WASP-15",3.75210000000,15.80469000,171.62820000,6300.00
"K2-232 b","K2-232",11.16845400000,11.20900000,126.49634000,6154.00
"HAT-P-30 b","HAT-P-30",2.81060000000,16.14096000,263.79890000,6304.00
"HAT-P-14 b","HAT-P-14",4.62767000000,15.91678000,1093.33520000,6600.00
"WASP-17 b","WASP-17",3.73543000000,20.96083000,247.90740000,6550.00
"WASP-94 A b","WASP-94 A",3.95019000000,17.71022000,158.91500000,6170.00
"WASP-63 b","WASP-63",4.37808000000,15.80469000,117.59710000,5550.00
"KELT-7 b","KELT-7",2.73477000000,17.93440000,441.78370000,6768.00
"KELT-8 b","KELT-8",3.24406000000,18.15858000,209.76780000,5754.00
"NGTS-2 b","NGTS-2",4.51116400000,17.87835500,235.19420000,6478.00
"WASP-164 b","WASP-164",1.77712550000,12.64375200,676.97790000,5806.00
"K2-18 b","K2-18",32.93962300000,2.37000000,8.92000000,3457.00
"HAT-P-32 b","HAT-P-32",2.15000820000,22.19382000,216.12440000,6001.00
"WASP-166 b","WASP-166",5.44354000000,7.06167000,32.10083000,6050.00
"HD 106315 b","HD 106315",9.55237000000,2.44000000,12.60000000,6327.00
"HD 106315 c","HD 106315",21.05704000000,4.35000000,15.20000000,6327.00
"GJ 357 c","GJ 357",9.12470000000,,3.40000000,3505.00
"GJ 357 d","GJ 357",55.66100000000,,6.10000000,3505.00
"WASP-178 b","WASP-178",3.34482850000,20.28829000,527.59780000,9360.00
"WASP-39 b","WASP-39",4.05529410000,14.33631100,89.31023000,5485.00
"Kepler-620 b","Kepler-620",12.91375431000,3.32000000,,6155.00
"TOI-6158 b","TOI-6158",3.04468990000,10.40000000,135.00000000,3467.00
"KMT-2024-BLG-0349L b","KMT-2024-BLG-0349L",,,3769.44490702,
"TOI-2048 b","TOI-2048",13.79019000000,2.61000000,,5185.00
"Kepler-18 b","Kepler-18",3.50472500000,2.00000000,6.90000000,5345.00
"Kepler-234 b","Kepler-234",2.71150600000,3.70000000,,6224.00
"Kepler-1373 b","Kepler-1373",1.29123275000,1.16000000,,6299.00
"K2-113 b","K2-113",5.81768500000,12.14000000,,5660.00
"TOI-2000 b","TOI-2000",3.09833000000,2.70000000,11.00000000,5611.00
"Kepler-770 d","Kepler-770",4.15244722000,1.40000000,,5598.00
"KMT-2021-BLG-2010L b","KMT-2021-BLG-2010L",,,340.07639549,
"KMT-2019-BLG-1715L b","KMT-2019-BLG-1715L",,,813.64072192,
"TIC 270471727 b","TIC 270471727",10.45623256647,2.75029559,,5271.39
"TOI-1749 d","TOI-1749",9.04970000000,2.52000000,15.00000000,3985.00
"Kepler-354 b","Kepler-354",5.47666000000,1.84000000,,4648.00
"HD 50499 b","HD 50499",2447.10000000000,,519.96988000,6102.00
"Kepler-1999 b","Kepler-1999",8.73967580000,3.29000000,,4406.00
"Kepler-1716 b","Kepler-1716",35.58100128000,2.42476850,,4894.00
"TOI-1601 b","TOI-1601",5.33175000000,14.19902343,387.00000000,5982.00
"K2-241 b","K2-241",26.81990000000,2.55000000,,5262.00
"Kepler-1804 b","Kepler-1804",12.28849983000,1.59615726,,5109.00
"Kepler-1065 b","Kepler-1065",3.60930890700,3.73000000,,5635.00
"HD 152843 b","HD 152843",11.62071000000,3.05000000,9.82000000,6310.00
"Kepler-58 c","Kepler-58",15.57415680000,2.86000000,53.00000000,5843.00
"Kepler-348 b","Kepler-348",7.05677000000,1.52000000,,6177.00
"Kepler-225 c","Kepler-225",18.79423400000,1.84000000,,3682.00
"Kepler-1868 b","Kepler-1868",211.03399660000,3.14950109,,4658.00
"Kepler-381 d","Kepler-381",8.25629997300,1.06678650,,6197.00
"HIP 81208 C b","HIP 81208 C",104100.00000000000,,4703.86042360,
"TOI-1439 b","TOI-1439",27.64400000000,4.24278610,38.50000000,5841.00
"HD 28471 d","HD 28471",11.68100000000,,4.91000000,5766.00
"Kepler-1539 b","Kepler-1539",133.30367410000,2.70000000,,5176.00
"Kepler-657 b","Kepler-657",24.54350418000,3.52000000,,5808.00
"Kepler-222 d","Kepler-222",28.08191200000,3.69000000,,5433.00
"TOI-1630.01","TOI-1630",12.05573473300,2.41700000,,5504.00
"Kepler-1616 b","Kepler-1616",6.76284377000,1.02000000,,6266.00
"Kepler-794 b","Kepler-794",11.13125132000,2.11000000,,5839.00
"NGTS-21 b","NGTS-21",1.54338970000,14.90794433,750.07504052,4660.00
"K2-264 b","K2-264",5.84000200000,2.23100000,,3660.00
"ups And d","ups And",1276.46000000000,,1313.22000000,
"TOI-1181 b","TOI-1181",2.10318900000,17.02644168,374.71969185,6054.00
"Kepler-1759 b","Kepler-1759",3.72023010300,0.90377910,,5017.00
"TIC 52059926 b","TIC 52059926",175.53200000000,10.71000000,5380.00000000,4505.00
"HD 167677 b","HD 167677",1820.00000000000,,905.81095995,5474.00
"HIP 63242 b","HIP 63242",124.60000000000,,2917.56000000,4830.00
"Kepler-83 b","Kepler-83",9.77000000000,2.83000000,,
"Kepler-392 c","Kepler-392",10.42311800000,1.10000000,,5938.00
"WASP-135 b","WASP-135",1.40137940000,14.57170000,603.87700000,5675.00
"K2-133 e","K2-133",26.58410000000,1.73000000,,3655.00
"KOI-1831 d","Kepler-324",34.16900000000,1.13000000,2.23000000,5233.00
"OGLE-2018-BLG-1647L b","OGLE-2018-BLG-1647L",,,308.29355479,
"KOI-319 c","KOI-319",80.09900000000,,8803.84687390,5880.00
"KOI-319 b","KOI-319",46.14827000000,10.67000000,3178.28407000,5880.00
"Kepler-349 b","Kepler-349",5.92977800000,1.90000000,,5956.00
"TOI-1777.01","TOI-1777",14.65011197400,2.24600000,,5859.00
"Kepler-1718 b","Kepler-1718",135.18800350000,2.56852070,,5731.00
"TOI-7394 B b","TOI-7394 B",1.25299500000,11.50000000,668.74000000,3717.00
"TOI-5811 B b","TOI-5811 B",6.25663000000,21.96960217,257.44100967,4840.00
"BD+20 2457 c","BD+20 2457",621.99000000000,,3963.17000000,4137.00
"K2-395 c","K2-395",8.49128200000,3.39500000,,5007.00
"HR 810 b","HR 810",302.79999000000,,721.47410000,6167.00
"K2-280 b","K2-280",19.89526000000,7.50000000,37.10000000,5500.00
"K2-152 b","K2-152",32.64790000000,2.29000000,,4044.00
"HD 66141 b","HD 66141",480.50000000000,,1906.90000000,4323.00
"K2-348 c","K2-348",12.55017100000,2.67000000,,5077.00
"Kepler-341 b","Kepler-341",5.19552800000,1.18000000,,6012.00
"Kepler-68 c","Kepler-68",9.60502700000,0.97900000,1.30000000,5847.00
"K2-332 b","K2-332",17.70632000000,2.20000000,,3315.00
"Kepler-984 b","Kepler-984",43.03422720000,2.12000000,,5610.00
"Kepler-1126 c","Kepler-1126",199.66876000000,1.45000000,,5678.00
"Kepler-572 b","Kepler-572",17.20523483000,2.58000000,,5212.00
"Kepler-871 b","Kepler-871",22.04590180000,3.74000000,,5993.00
"TOI-4511 b","TOI-4511",10.98090968596,2.75304932,,5418.77
"Kepler-579 b","Kepler-579",9.66857723000,2.00000000,,5636.00
"Kepler-1666 b","Kepler-1666",25.84760000000,2.88273782,,6293.00
"CoRoT-17 b","CoRoT-17",3.76810000000,11.43000000,772.29000000,5740.00
"K2-396 c","K2-396",25.76051000000,3.12400000,,5236.00
"WISPIT 1 c","WISPIT 1",,,1684.49055710,4670.00
"Kepler-564 b","Kepler-564",3.75083228500,4.63000000,,5626.00
"OGLE-2005-BLG-390L b","OGLE-2005-BLG-390L",3285.00000000000,,5.50000000,
"K2-323 b","K2-323",24.93000000000,2.10000000,,3710.00
"WASP-105 b","WASP-105",7.87288000000,10.76064000,572.09400000,5070.00
"Kepler-1940 b","Kepler-1940",4.95061016100,1.54732469,,5431.00
"Kepler-366 b","Kepler-366",3.28195900000,1.46000000,,6209.00
"CoRoT-24 b","CoRoT-24",5.11340000000,3.70000000,5.70000000,4950.00
"Kepler-150 f","Kepler-150",637.20930000000,3.64000000,,5528.00
"Kepler-1164 b","Kepler-1164",3.97599768000,1.12000000,,5183.00
"Qatar-8 b","Qatar-8",3.71495000000,14.40356500,117.91493000,5738.00
"70 Vir b","70 Vir",116.68800000000,,2357.02728000,5495.00
"Kepler-760 b","Kepler-760",8.70419416000,3.06000000,,5322.00
"TOI-4600 b","TOI-4600",82.68690000000,6.80000000,959.84178914,5170.00
"WASP-87 b","WASP-87",1.68279500000,15.52446500,692.86940000,6450.00
"Kepler-127 c","Kepler-127",29.39319500000,2.66000000,,6106.00
"Kepler-117 c","Kepler-117",50.79039100000,12.34100000,584.78000000,6150.00
"Kepler-231 c","Kepler-231",19.27156600000,1.93000000,,3767.00
"Kepler-914 b","Kepler-914",4.40966548000,1.38000000,,5877.00
"Kepler-1480 b","Kepler-1480",22.12679948000,1.67000000,,5156.00
"TOI-672 b","TOI-672",3.63358100000,5.31000000,50.90000000,3810.00
"Kepler-1769 b","Kepler-1769",89.19349670000,4.46500000,,6071.00
"Kepler-1551 b","Kepler-1551",24.49736980000,2.66000000,,6136.00
"HD 118203 c","HD 118203",5103.00000000000,,3747.19691853,5742.00
"Kepler-20 g","Kepler-20",34.94000000000,,19.96000000,5495.00
"Kepler-771 b","Kepler-771",8.73485836000,1.82000000,,5906.00
"Kepler-164 c","Kepler-164",10.94572300000,2.73000000,,5888.00
"KELT-10 b","KELT-10",4.16627390000,15.68139100,215.80657000,5948.00
"75 Cet b","75 Cet",696.62000000000,,787.89662095,4809.00
"K2-227 b","K2-227",13.62183200000,1.66551298,,5673.00
"GJ 4276 b","GJ 4276",13.35200000000,,16.57000000,3387.00
"Kepler-148 b","Kepler-148",1.72936600000,1.80000000,,5272.00
"Kepler-925 b","Kepler-925",33.86785310000,2.34000000,,4673.00
"HD 216435 b","HD 216435",1311.00000000000,,400.40000000,5999.00
"HD 101581 c","HIP 56998",6.20401000000,0.99000000,,4675.00
"HIP 113103 c","HIP 113103",14.24564800000,2.40000000,,4930.00
"Kepler-136 c","Kepler-136",16.39923500000,1.99000000,,6165.00
"HD 1461 b","HD 1461",5.77152000000,,6.44000000,5765.00
"Kepler-1896 b","Kepler-1896",44.87020111000,3.09935997,,6122.00
"HD 174205 b","HD 174205",582.00000000000,,1334.87930940,4308.00
"GJ 86 b","GJ 86",15.76491000000,,1404.80860000,5182.00
"HN Peg b","HN Peg",,11.77680000,6991.57000000,
"Kepler-102 f","Kepler-102",27.45359200000,0.86100000,4.30000000,4909.00
"TOI-3688 A b","TOI-3688 A",3.24607500000,13.08088048,311.47183886,5950.00
"Kepler-1029 b","Kepler-1029",4.41769647900,1.26000000,,5030.00
"TOI-2031 A b","TOI-2031 A",5.71548654000,14.20177855,254.26272560,6490.00
"L 98-59 b","L 98-59",2.25311400000,0.83700000,0.46000000,3415.00
"L 98-59 c","L 98-59",3.69067640000,1.32900000,2.00000000,3415.00
"L 98-59 d","L 98-59",7.45072900000,1.62700000,1.64000000,3415.00
"L 98-59 e","L 98-59",12.82780000000,,2.82000000,3415.00
"L 98-59 f","L 98-59",23.06400000000,,2.80000000,3415.00
"WASP-69 b","WASP-69",3.86813881000,11.21000000,82.58000000,4792.00
"AU Mic e","AU Mic",33.11000000000,,21.10000000,3665.00
"TOI-270 b","TOI-270",3.35992000000,1.28000000,1.48000000,3506.00
"TOI-270 c","TOI-270",5.66051000000,2.33000000,6.20000000,3506.00
"TOI-270 d","TOI-270",11.38194000000,2.00000000,4.20000000,3506.00
"TOI-6109 b","TOI-6109",5.69047600000,4.87040000,,5660.00
"TOI-6109 c","TOI-6109",8.53887800000,4.83260000,,5660.00
"WASP-6 b","WASP-6",3.36100260000,12.54284940,148.42586607,5438.00
"WASP-25 b","WASP-25",3.76483370000,13.80946422,179.25522155,5697.00
"55 Cnc B b","55 Cnc B",6.79940000000,,3.50000000,3286.00
"55 Cnc B c","55 Cnc B",33.74700000000,,5.30000000,3286.00
"55 Cnc b","55 Cnc",14.65155200000,,276.00000000,5198.00
"55 Cnc c","55 Cnc",44.39360000000,,56.60000000,5198.00
"55 Cnc d","55 Cnc",4799.00000000000,,1214.10451474,5198.00
"55 Cnc f","55 Cnc",260.58000000000,,48.50000000,5198.00
"TOI-1685 b","TOI-1685",0.66913923000,1.42100000,3.07000000,3470.00
"WASP-193 b","WASP-193",6.24634750000,14.78464554,35.59678158,6080.00
"WASP-121 b","WASP-121",1.27492504000,19.52604438,371.85923619,6628.00
"TOI-178 b","TOI-178",1.91456010000,1.20000000,0.96000000,4316.00
"TOI-178 c","TOI-178",3.23848600000,1.75400000,4.64000000,4316.00
"TOI-178 d","TOI-178",6.55756900000,2.69500000,5.20000000,4316.00
"TOI-178 e","TOI-178",9.96318000000,2.30100000,3.48000000,4316.00
"TOI-178 f","TOI-178",15.23335000000,2.41700000,5.63000000,4316.00
"TOI-178 g","TOI-178",20.71663000000,2.93900000,4.40000000,4316.00
"HD 80606 b","HD 80606",111.43676500000,11.56766808,1323.46926959,5565.00
"WASP-20 b","WASP-20",,15.46839337,,
"GJ 3090 b","GJ 3090",2.85310198000,2.18000000,4.52000000,3707.00
"GJ 3090 c","GJ 3090",15.94070000000,,10.00000000,3707.00
"V1298 Tau b","V1298 Tau",24.14000600000,9.41000000,13.10000000,4970.00
"V1298 Tau c","V1298 Tau",8.24916400000,5.08000000,4.70000000,4970.00
"V1298 Tau d","V1298 Tau",12.40139400000,6.53000000,6.00000000,4970.00
"V1298 Tau e","V1298 Tau",48.67771400000,10.17000000,15.30000000,4970.00
"LP 791-18 c","LP 791-18",4.98991000000,2.48800000,7.16000000,2960.00
"LP 791-18 d","LP 791-18",2.75485000000,1.03200000,0.91000000,2960.00
"AU Mic b","AU Mic",8.46344600000,4.79000000,8.99000000,3540.00
"AU Mic c","AU Mic",18.85902300000,2.79000000,14.46000000,3540.00
"TOI-4336 A b","TOI-4336 A",16.33635100000,2.13700000,3.33000000,3307.00
"TOI-4336 A c","TOI-4336 A",7.58726600000,1.25100000,1.55000000,3307.00
"TOI-451 b","TOI-451",1.85870330000,1.84000000,4.70000000,5490.00
"TOI-451 c","TOI-451",9.19246300000,2.93000000,3.70000000,5490.00
"TOI-451 d","TOI-451",16.36496200000,3.93000000,10.20000000,5490.00
"TOI-2431 b","TOI-2431",0.22419578000,1.53400000,6.20000000,4109.00
"TOI-2076 b","TOI-2076",10.35504000000,2.59000000,6.70000000,
"TOI-2076 c","TOI-2076",21.01447000000,3.54000000,7.20000000,
"TOI-2076 d","TOI-2076",35.12803000000,3.27000000,7.30000000,
"TOI-2076 e","TOI-2076",3.02237530000,1.30100000,4.70000000,
"LHS 3844 b","LHS 3844",0.46292970900,1.28600000,2.37000000,3080.00
"TOI-2374 b","TOI-2374",4.31361930000,7.48759911,61.65871096,5002.00
"GJ 1132 c","GJ 1132",8.92900000000,,2.91000000,
"GJ 367 b","GJ 367",0.32192260000,0.73600000,0.50300000,3535.00
"TOI-125 b","TOI-125",4.65382000000,2.72600000,9.50000000,5320.00
"TOI-125 c","TOI-125",9.15059000000,2.75900000,6.63000000,5320.00
"TOI-125 d","TOI-125",19.98000000000,2.93000000,13.60000000,5320.00
"HATS-48 A b","HATS-48 A",3.13166660000,8.96720000,77.23269000,4546.00
"HATS-72 b","HATS-72",7.32794740000,8.09738160,39.85588200,4656.10
"NGTS-11 b","NGTS-11",35.45533000000,9.15775300,109.33352000,5050.00
"HD 86226 b","HD 86226",1628.00000000000,,143.02350000,5863.00
"WD 1856+534 b","WD 1856+534",1.40794050000,10.40000000,4386.05400000,4710.00
"LTT 9779 b","LTT 9779",0.79205200000,4.72000000,29.32000000,5443.00
"TOI-824 b","TOI-824",1.39297800000,2.92600000,18.46700000,4600.00
"GJ 3473 c","GJ 3473",15.50900000000,,7.41000000,3347.00
"WASP-127 b","WASP-127",4.17806203000,14.69499900,52.34660100,
"55 Cnc e","55 Cnc",0.73654740000,1.87500000,7.99000000,5172.00
"WASP-139 b","WASP-139",5.92426200000,8.96720000,37.18611000,5310.00
"K2-287 b","K2-287",14.89329100000,9.49402300,100.11645000,5695.00
"GJ 3473 b","GJ 3473",1.19800350000,1.26400000,1.86000000,3347.00
"Kepler-12 b","Kepler-12",4.43796290000,19.66058600,137.30256000,5947.00
"HD 86226 c","HD 86226",3.98442000000,2.16000000,7.25000000,5863.00
"TOI-1231 b","TOI-1231",24.24558600000,3.65000000,15.40000000,3553.00
"LHS 1478 b","LHS 1478",1.94953780000,1.24200000,2.33000000,3381.00
"TOI-674 b","TOI-674",1.97714300000,5.25000000,23.60000000,3514.00
"HIP 41378 b","HIP 41378",15.57209000000,2.64000000,6.90000000,6290.00
"HIP 41378 c","HIP 41378",31.70591000000,2.74000000,5.97000000,6290.00
"HIP 41378 g","HIP 41378",63.19000000000,,5.75000000,6290.00
"HIP 41378 d","HIP 41378",278.36180000000,3.65000000,6.53000000,6290.00
"HIP 41378 e","HIP 41378",393.00000000000,5.19000000,7.62000000,6290.00
"HIP 41378 f","HIP 41378",542.07970000000,9.47000000,25.00000000,6290.00
"TOI-260 b","TOI-260",13.47585300000,1.71000000,4.23000000,4026.00
"KELT-9 b","KELT-9",1.48112350000,21.70058664,915.34581216,9270.00
"TOI-2134 b","TOI-2134",9.22919800000,2.73500000,9.37000000,4580.00
"TOI-2134 c","TOI-2134",95.85284000000,7.35000000,58.30000000,4580.00
"HD 3167 b","HD 3167",0.95965451000,1.60100000,4.84400000,5338.00
"HD 3167 c","HD 3167",29.84651100000,2.98300000,11.41000000,5338.00
"HD 3167 d","HD 3167",8.39670000000,,7.30000000,5338.00
"HD 3167 e","HD 3167",91.90000000000,,14.90000000,5338.00
"NGTS-10 b","NGTS-10",0.76689440000,13.89913607,,4567.00
"TOI-1173 b","TOI-1173",7.06439710000,8.77663189,28.28672822,
"WASP-107 b","WASP-107",5.72148750000,10.48039695,33.02237149,
"WASP-107 c","WASP-107",1091.00000000000,,,
"HAT-P-18 b","HAT-P-18",5.50802910000,10.70457657,55.52462270,
"TOI-431 b","TOI-431",0.49004700000,1.28000000,3.07000000,4850.00
"TOI-431 c","TOI-431",4.84940000000,,2.83000000,4850.00
"TOI-431 d","TOI-431",12.46103000000,3.29000000,9.90000000,4850.00
"TRAPPIST-1 b","TRAPPIST-1",1.51082600000,1.11600000,1.37400000,2566.00
"TRAPPIST-1 c","TRAPPIST-1",2.42193700000,1.09700000,1.30800000,2566.00
"TRAPPIST-1 d","TRAPPIST-1",4.04921900000,0.78800000,0.38800000,2566.00
"TRAPPIST-1 e","TRAPPIST-1",6.10101300000,0.92000000,0.69200000,2566.00
"TRAPPIST-1 f","TRAPPIST-1",9.20754000000,1.04500000,1.03900000,2566.00
"TRAPPIST-1 g","TRAPPIST-1",12.35244600000,1.12900000,1.32100000,2566.00
"TRAPPIST-1 h","TRAPPIST-1",18.77286600000,0.75500000,0.32600000,2566.00
"K2-34 b","K2-34",2.99563480000,13.75000000,,6168.00
"TOI-1442 b","TOI-1442",0.40906770000,1.17000000,,3330.00
"TOI-2260 b","TOI-2260",0.35247280000,1.62000000,,5534.00
"TOI-2445 b","TOI-2445",0.37112810000,1.25000000,,3333.00
"TOI-2109 b","TOI-2109",0.67247414000,15.09849700,1595.49860314,6540.00
"HATS-75 b","HATS-75",2.78865560000,9.90873894,156.05374784,3790.40
"LTT 1445 A c","LTT 1445 A",3.12390350000,1.14700000,1.54000000,3340.00
"WASP-18 b","WASP-18",0.94145223000,13.89913607,3241.84975140,6432.00
"WASP-19 b","WASP-19",0.78883852000,15.86070769,366.77398168,5616.00
"WASP-189 b","WASP-189",2.72403300000,18.14733975,632.47852993,8000.00
"TOI-1670 b","TOI-1670",10.98462000000,2.06000000,41.31769291,6170.00
"TOI-1670 c","TOI-1670",40.74976000000,11.06326395,200.23189641,6170.00
"K2-22 b","K2-22",0.38107300000,2.30000000,,3879.00
"TOI-500 b","TOI-500",0.54817700000,1.16600000,1.42000000,4440.00
"TOI-500 c","TOI-500",6.63560000000,,5.03000000,4440.00
"TOI-500 d","TOI-500",26.23300000000,,33.12000000,4440.00
"TOI-500 e","TOI-500",61.30000000000,,15.05000000,4440.00
"GJ 3929 b","GJ 3929",2.61623500000,1.09000000,1.75000000,3384.00
"GJ 3929 c","GJ 3929",15.04000000000,,5.71000000,3384.00
"HD 260655 b","HD 260655",2.76953000000,1.24000000,2.14000000,3803.00
"HD 260655 c","HD 260655",5.70588000000,1.53300000,3.09000000,3803.00
"TOI-3714 b","TOI-3714",2.15484900000,11.32107051,222.47988490,3660.00
"Kepler-167 b","Kepler-167",4.39315390000,1.71800000,,4884.00
"Kepler-167 c","Kepler-167",7.40610600000,1.67400000,,4884.00
"Kepler-167 d","Kepler-167",21.80379000000,1.23800000,,4884.00
"Kepler-167 e","Kepler-167",1071.23205000000,10.16000000,321.00669107,4884.00
"TOI-3757 b","TOI-3757",3.43875300000,12.00000000,85.30000000,3913.00
"TOI-3278 b","TOI-3278",3.24645600000,13.89913607,95.34852210,5720.00
"WASP-148 b","WASP-148",8.80380900000,8.47398941,91.21675281,5555.00
"WASP-148 c","WASP-148",34.52400000000,,124.58873554,5555.00
"LP 890-9 b","LP 890-9",2.72990250000,1.32000000,13.20000000,2850.00
"LP 890-9 c","LP 890-9",8.45746300000,1.36700000,25.30000000,2850.00
"TOI-1075 b","TOI-1075",0.60473280000,1.79100000,9.95000000,3875.00
"HD 20329 b","HD 20329",0.92611800000,1.72000000,7.42000000,5596.00
"TOI-700 b","TOI-700",9.97721900000,0.91400000,,3459.00
"TOI-700 c","TOI-700",16.05113700000,2.60000000,,3459.00
"TOI-700 d","TOI-700",37.42396000000,1.07300000,,3459.00
"TOI-700 e","TOI-700",27.80978000000,0.95300000,,3459.00
"TOI-3235 b","TOI-3235",2.59261842000,11.39953337,211.35589065,3388.80
"TOI-836 b","TOI-836",3.81673000000,1.70400000,4.53000000,4552.00
"TOI-836.01","TOI-836",8.59545000000,2.58700000,9.60000000,4552.00
"TOI-181 b","TOI-181",4.53200000000,6.95590000,46.16870000,4994.00
"TOI-5205 b","TOI-5205",1.63075700000,11.60000000,343.00000000,3430.00
"K2-141 b","K2-141",0.28032440000,1.51000000,4.97000000,4570.00
"K2-141 c","K2-141",7.74850000000,7.00000000,8.00000000,4570.00
"LP 791-18 b","LP 791-18",0.94799810000,1.21200000,,2960.00
"HD 207496 b","HD 207496",6.44100800000,2.25000000,6.10000000,4819.00
"TOI-1416 b","TOI-1416",1.06975680000,1.62000000,3.48000000,4884.00
"TOI-4010 b","TOI-4010",1.34833500000,3.02000000,11.00000000,4960.00
"TOI-4010 c","TOI-4010",5.41465400000,5.93000000,20.31000000,4960.00
"TOI-4010 d","TOI-4010",14.70886000000,6.18000000,38.15000000,4960.00
"TOI-4010 e","TOI-4010",762.00000000000,,692.00000000,4960.00
"WASP-84 b","WASP-84",8.52349648000,10.72000000,220.00000000,
"WASP-84 c","WASP-84",1.44688490000,1.95000000,15.20000000,
"TOI-3984 A b","TOI-3984 A",4.35332600000,7.90000000,44.00000000,3476.00
"TOI-5293 A b","TOI-5293 A",2.93028900000,11.90000000,170.40000000,3586.00
"GJ 367 c","GJ 367",11.53010000000,,4.13000000,3522.00
"GJ 367 d","GJ 367",34.36900000000,,6.03000000,3522.00
"GJ 357 b","GJ 357",3.93060000000,1.20000000,,3505.00
"TOI-199 b","TOI-199",104.85400000000,9.07927437,54.03082919,5255.00
"TOI-199 c","TOI-199",273.69000000000,,88.99195396,5255.00
"LHS 475 b","LHS 475",2.02908800000,0.99100000,,3300.00
"TOI-1801 b","TOI-1801",10.64387000000,2.07900000,5.73800000,3863.00
"TOI-1420 b","TOI-1420",6.95610630000,11.89000000,25.10000000,5510.00
"HD 110067 b","HD 110067",9.11367800000,2.20000000,5.69000000,5266.00
"HD 110067 c","HD 110067",13.67369400000,2.38800000,6.30000000,5266.00
"HD 110067 d","HD 110067",20.51961700000,2.85200000,8.52000000,5266.00
"HD 110067 e","HD 110067",30.79309100000,1.94000000,3.90000000,5266.00
"HD 110067 f","HD 110067",41.05854000000,2.60100000,5.04000000,5266.00
"HD 110067 g","HD 110067",54.76992000000,2.60700000,8.40000000,5266.00
"AU Mic d","AU Mic",12.73596000000,,1.05300000,3678.00
"GJ 806 b","GJ 806",0.92632370000,1.33100000,1.90000000,3600.00
"GJ 806 c","GJ 806",6.64064000000,,5.80000000,3600.00
"HAT-P-65 b","HAT-P-65",2.60544751000,18.05766791,176.07693748,5872.00
"GJ 9827 b","GJ 9827",1.20897400000,1.44000000,4.28000000,4236.00
"GJ 9827 c","GJ 9827",3.64810300000,1.13000000,1.86000000,4236.00
"LTT 3780 b","LTT 3780",0.76837931000,1.32500000,2.46000000,3358.00
"LTT 3780 c","LTT 3780",12.25228400000,2.39000000,8.04000000,3358.00
"LHS 1140 b","LHS 1140",24.73723000000,1.73000000,5.60000000,3096.00
"LHS 1140 c","LHS 1140",3.77794000000,1.27200000,1.91000000,3096.00
"GJ 1214 b","GJ 1214",1.58040453100,2.73300000,8.41000000,3101.00
"TOI-1136 b","TOI-1136",4.17270000000,,3.50000000,5770.00
"TOI-1136 c","TOI-1136",6.25740000000,,6.32000000,5770.00
"TOI-1136 d","TOI-1136",12.51990000000,,8.35000000,5770.00
"TOI-1136 e","TOI-1136",18.80100000000,,6.07000000,5770.00
"TOI-1136 f","TOI-1136",26.32100000000,,9.70000000,5770.00
"TOI-1136 g","TOI-1136",39.54500000000,,5.60000000,5770.00
"TOI-1899 b","TOI-1899",29.09031200000,11.09689089,212.94503269,3926.00
"PH2 b","PH2",282.52542000000,9.33708092,87.08498352,5734.00
"WASP-47 b","WASP-47",4.15915100000,12.86000000,374.00000000,
"WASP-47 c","WASP-47",589.57000000000,,447.00000000,
"WASP-47 d","WASP-47",9.03050100000,3.65000000,15.50000000,
"WASP-47 e","WASP-47",0.78961000000,1.83000000,9.00000000,
"TOI-776 b","TOI-776",8.24662000000,1.79800000,5.00000000,3725.00
"TOI-776 c","TOI-776",15.66532300000,2.04700000,6.90000000,3725.00
"WASP-76 b","WASP-76",1.80988198000,20.78145022,284.13859586,6329.00
"HIP 9618 b","HIP 9618",20.77285800000,3.82838127,8.30000000,5649.00
"HIP 9618 c","HIP 9618",52.56363000000,3.42855926,7.00000000,5649.00
"TOI-1823 b","TOI-1823",38.80000000000,7.54062410,67.40000000,4927.00
"TOI-849 b","TOI-849",0.76554800000,3.64000000,41.80000000,5257.00
"HD 63935 b","HD 63935",9.05880700000,2.91575244,10.50000000,5513.00
"HD 63935 c","HD 63935",21.40270000000,3.06451296,11.10000000,5513.00
"TOI-1807 b","TOI-1807",0.54937097000,1.49681583,2.44000000,4914.00
"LTT 1445 A b","LTT 1445 A",5.35876350000,1.34000000,2.73000000,
"TOI-6255 b","TOI-6255",0.23818244000,1.07900000,1.44000000,3421.00
"TOI-421 b","TOI-421",5.19757600000,2.64000000,6.70000000,5291.00
"TOI-421 c","TOI-421",16.06754100000,5.09000000,14.10000000,5291.00
"TOI-1338 b","TOI-1338 A",95.40010000000,7.66100000,11.30000000,
"TOI-1338 c","TOI-1338 A",215.79000000000,,75.40000000,
"TOI-3884 b","TOI-3884",4.54458280000,6.43000000,32.59000000,3180.00
"GJ 1132 b","GJ 1132",1.62892911000,1.19151465,1.83704819,3229.00
"HIP 67522 b","HIP 67522",6.95947310000,9.98720180,,5675.00
"HIP 67522 c","HIP 67522",14.33489200000,7.93595834,,5675.00
"GJ 9827 d","GJ 9827",6.20183000000,1.98000000,3.02000000,4236.00
"GJ 486 b","GJ 486",1.46712127000,1.28900000,2.77000000,3317.00
"L 168-9 b","L 168-9",1.40152604000,1.63000000,4.07000000,3842.00
"TOI-1130 b","TOI-1130",4.07455400000,3.66000000,19.80000000,4360.00
"TOI-1130 c","TOI-1130",8.35018980000,13.00000000,336.00000000,4360.00
"Kepler-51 e","Kepler-51",264.28400000000,,5.40000000,5674.00
"IRAS 04125+2902 b","IRAS 04125+2902",8.83497800000,10.73820351,,4080.00
"WASP-12 b","WASP-12",1.09141890100,22.02564708,,6265.00
"HD 15337 b","HD 15337",4.75598040000,1.77000000,6.51900000,5131.00
"HD 15337 c","HD 15337",17.18054600000,2.52600000,6.79200000,5131.00
"GJ 341 b","GJ 341",7.57686000000,0.88000000,4.00000000,3770.00
"TOI-561 b","TOI-561",0.44656970000,1.39700000,2.02000000,
"TOI-561 c","TOI-561",10.77883800000,2.86500000,5.93000000,
"TOI-561 d","TOI-561",25.71268000000,2.61500000,13.33000000,
"TOI-561 e","TOI-561",77.14400000000,2.51700000,12.40000000,
"HAT-P-11 b","HAT-P-11",4.88800000000,,23.51930212,
"HAT-P-11 c","HAT-P-11",3361.00000000000,,851.78013076,
"TOI-677 b","TOI-677",11.23659850000,13.11450742,392.20025424,6295.00
"BD+05 4868 A b","BD+05 4868 A",1.27186900000,,6.20000000,4596.00
"WASP-131 b","WASP-131",5.32201250000,13.74221034,86.76715511,5990.00
"TOI-6324 b","TOI-6324",0.27922100000,1.05900000,1.17000000,3247.00
"TOI-771 b","TOI-771",2.32601550000,1.36000000,2.47000000,3370.00
"TOI-771 c","TOI-771",7.61000000000,,2.87000000,3370.00
"WASP-77 A b","WASP-77 A",1.36002939500,,529.31142902,5617.00
"TOI-6894 b","TOI-6894",3.37077196000,9.58367850,53.39517238,3007.00
"KELT-11 b","KELT-11",4.73620865000,15.13212395,65.15482343,5375.00
"TOI-1468 b","TOI-1468",1.88052010000,1.40100000,3.04000000,3376.00
"TOI-1468 c","TOI-1468",15.53247700000,2.12600000,4.10000000,3376.00
"Kepler-1386 b","Kepler-1386",6.73972381000,1.24000000,,5733.00
"TOI-1232 c","TOI-1232",30.35600000000,,58.48042689,5823.00
"KMT-2021-BLG-1303L b","KMT-2021-BLG-1303L",,,120.77479466,
"GJ 3222 b","GJ 3222",10.66669000000,,11.44182265,
"K2-169 b","K2-169",6.38080300000,1.27328671,,5548.00
"WASP-108 b","WASP-108",,15.13212395,,
"Kepler-878 b","Kepler-878",25.94220330000,1.93000000,,5044.00
"HD 148156 b","HD 148156",1027.00000000000,,270.14400000,6308.00
"HATS-23 b","HATS-23",2.16051560000,20.84874000,467.21010000,5780.00
"Kepler-213 b","Kepler-213",2.46236000000,1.62000000,,5696.00
"TOI-1180 b","TOI-1180",9.68676037800,3.07200000,,4738.00
"Kepler-790 b","Kepler-790",13.73469807000,2.18000000,,5208.00
"Kepler-369 c","Kepler-369",14.87157200000,1.41000000,,3591.00
"TOI-3362 b","TOI-3362",18.09547000000,12.80065596,1598.35905880,6532.00
"Kepler-1911 b","Kepler-1911",5.99079990400,1.01100000,,5721.00
"Kepler-1328 b","Kepler-1328",4.52158888000,0.98000000,,5780.00
"HATS-36 b","HATS-36",4.17518600000,12.92000000,,5950.00
"Kepler-1345 b","Kepler-1345",44.61695570000,2.36000000,,6449.00
"K2-384 b","K2-384",2.23152700000,1.07600000,,3623.00
"TOI-1064 c","TOI-1064",12.22657400000,2.65100000,2.50000000,4734.00
"HAT-P-53 b","HAT-P-53",1.96162410000,14.77346200,471.65972000,5956.00
"HD 94771 b","HD 94771",2164.00000000000,,169.00000000,5631.00
"Kepler-1314 b","Kepler-1314",5.42474928100,5.11000000,,4188.00
"HAT-P-57 b","HAT-P-57",2.46530000000,19.50366000,448.14030000,6330.00
"Kepler-275 c","Kepler-275",16.08813400000,3.38000000,,6165.00
"WASP-78 b","WASP-78",2.17518000000,21.63337000,352.79130000,6100.00
"OGLE-2019-BLG-1492L b","OGLE-2019-BLG-1492L",,,37.10000000,
"HD 164922 e","HD 164922",41.76300000000,,10.52012027,5393.43
"Kepler-195 c","Kepler-195",34.09686300000,1.55000000,,5329.00
"Kepler-1488 c","Kepler-1488",6.15826988200,1.65156749,,5710.00
"Kepler-1705 b","Kepler-1705",9.03502000000,2.03000000,4.47000000,6312.00
"WASP-48 b","WASP-48",2.14363000000,16.81350000,254.26400000,5920.00
"Kepler-217 b","Kepler-217",5.37494300000,2.23000000,,6171.00
"WASP-88 b","WASP-88",4.95400000000,16.36514000,133.48860000,6430.00
"Kepler-237 c","Kepler-237",8.10363600000,2.08000000,,4861.00
"Kepler-106 e","Kepler-106",43.84450000000,2.56000000,11.17000000,5858.00
"G 196-3 b","G 196-3",,,8263.53858200,
"Kepler-431 c","Kepler-431",8.70300000000,0.66800000,,6004.00
"Kepler-1542 d","Kepler-1542",5.99273738000,0.87000000,,5564.00
"Kepler-1909 b","Kepler-1909",2.39160990700,1.09217411,,4935.00
"Kepler-1477 b","Kepler-1477",11.55530021000,1.18000000,,5100.00
"Ross 128 b","Ross 128",9.86580000000,,1.40000000,3192.00
"HATS-10 b","HATS-10",3.31284600000,10.86152100,167.17858000,5880.00
"TOI-132 b","TOI-132",2.10970190000,3.42000000,22.40000000,5397.00
"TOI-697 b","TOI-697",8.60788713593,2.35859364,,5681.95
"HD 28185 b","HD 28185",385.92000000000,,1859.29618095,5602.00
"Kepler-123 c","Kepler-123",26.69507400000,1.48000000,,6089.00
"TOI-2768 b","TOI-2768",1.50801000000,2.63000000,,4008.00
"HIP 97166 b","HIP 97166",10.28891400000,2.48013380,19.10000000,5216.00
"WASP-171 b","WASP-171",3.81862440000,10.98482000,344.52772000,5965.00
"Kepler-1254 b","Kepler-1254",9.99113313000,1.55000000,,4985.00
"HD 211403 b","HD 211403",223.80000000000,,1760.76937478,6273.00
"K2-39 b","K2-39",4.60543000000,6.27704000,28.60470000,4881.00
"HD 156668 c","HD 156668",811.30000000000,,31.49679513,4903.69
"Kepler-396 c","Kepler-396",88.50500000000,5.30000000,17.90000000,
"Kepler-483 b","Kepler-483",30.22910400000,3.21000000,,6346.00
"OGLE-2018-BLG-1011L b","OGLE-2018-BLG-1011L",,,570.00000000,
"Kepler-1459 b","Kepler-1459",62.86916110000,1.36000000,,4828.00
"TOI-6420 b","TOI-6420",6.96150800000,11.93756445,2606.19293740,6020.00
"Kepler-1067 b","Kepler-1067",0.76212926100,0.80000000,,5592.00
"SR 12 AB c","SR 12 AB",,,4131.62000000,
"NGTS-16 b","NGTS-16",4.84532000000,14.57167491,211.99154747,5550.00
"WASP-32 b","WASP-32",2.71866000000,10.76064000,835.89290000,6140.00
"WASP-110 b","WASP-110",3.77840220000,13.19297028,154.78243421,5392.00
"Kepler-346 c","Kepler-346",23.85154900000,3.07000000,,6033.00
"K2-324 b","K2-324",3.26200000000,2.43000000,,3752.00
"Kepler-1431 b","Kepler-1431",5.86601526000,1.47000000,,5806.00
"TOI-4145 A b","TOI-4145 A",4.06644280000,13.30506009,136.66621501,5281.00
"TOI-2719 b","TOI-2719",3.37594000000,5.98000000,,5762.00
"HD 202696 c","HD 202696",946.60000000000,,592.43512000,5040.00
"KMT-2016-BLG-1397L b","KMT-2016-BLG-1397L",,,2200.00000000,
"HD 10180 c","HD 10180",5.75969000000,,13.22172800,5911.00
"HD 1397 b","HD 1397",11.53533000000,11.50043400,131.89945000,5521.00
"K2-64 b","K2-64",6.53044000000,2.07000000,,5312.00
"Kepler-541 b","Kepler-541",5.08005848000,3.36000000,,6166.00
"HD 50499 c","HD 50499",8619.90000000000,,931.24190000,6099.00
"SWEEPS-4 b","SWEEPS-4",4.20000000000,9.07900000,1207.70000000,
"TOI-1680 b","TOI-1680",4.80263450000,1.46600000,,3225.00
"K2-165 b","K2-165",2.35499200000,1.27443657,,5185.00
"Kepler-340 b","Kepler-340",14.84438700000,2.53000000,,6620.00
"K2-219 b","K2-219",3.90128700000,1.34762583,,5753.00
"HD 208527 b","HD 208527",875.50000000000,,3146.40000000,4035.00
"Kepler-1274 b","Kepler-1274",6.98152703000,1.42000000,,6179.00
"Kepler-1828 b","Kepler-1828",10.27379990000,2.11598626,,5806.00
"11 UMi b","11 UMi",516.21997000000,,4684.81420000,4213.00
"TOI-6695 b","TOI-6695",80.38900000000,9.52763359,66.74396547,6400.00
"Kepler-1261 b","Kepler-1261",48.43089910000,2.26000000,,5006.00
"HD 106906 b","HD 106906",,,3496.00000000,6516.00
"TOI-904 b","TOI-904",10.87720000000,2.42600000,,3770.20
"Kepler-1069 b","Kepler-1069",23.89902960000,1.60000000,,5722.00
"Kepler-315 b","Kepler-315",96.10114100000,3.77000000,,5796.00
"HD 108202 b","HD 108202",2990.00000000000,,953.48522100,
"Kepler-197 b","Kepler-197",5.59930800000,1.02000000,,6004.00
"TIC 290487717 b","TIC 290487717",3.40081822900,6.63777941,,5328.97
"BD-08 2823 b","BD-08 2823",5.60000000000,,12.71320000,4816.00
"GJ 3293 e","GJ 3293",13.25430000000,,3.28000000,3466.00
"GJ 411 b","GJ 411",12.93940000000,,2.69000000,3719.00
"NGTS-20 b","NGTS-20",54.18915000000,11.99360935,947.12865286,5980.00
"RR Cae b","RR Cae",4343.50000000000,,1334.88600000,
"Kepler-111 b","Kepler-111",3.34181500000,1.58000000,,5952.00
"HD 231701 b","HD 231701",141.63000000000,,359.14790000,6101.00
"WASP-57 b","WASP-57",2.83891856000,11.76945000,204.68252000,5600.00
"TOI-1260 c","TOI-1260",7.49313400000,2.76000000,13.20000000,4227.00
"CoRoT-3 b","CoRoT-3",4.25680000000,11.32000000,6883.91000000,6740.00
"Kepler-1355 b","Kepler-1355",1.28958811200,1.46000000,,5352.00
"Kepler-256 d","Kepler-256",5.83917200000,2.48000000,,5551.00
"Kepler-304 e","Kepler-304",1.49914695300,1.20000000,,4817.00
"8 UMi b","8 UMi",93.31000000000,,524.41687155,4847.00
"HD 93385 d","HD 93385",45.85000000000,,8.70000000,5977.00
"MOA-2020-BLG-135L b","MOA-2020-BLG-135L",,,11.30000000,
"Kepler-994 b","Kepler-994",1.15116650600,1.60000000,,3934.00
"Kepler-1925 b","Kepler-1925",46.71640015000,3.00177922,,5856.00
"Kepler-508 b","Kepler-508",25.30889748000,1.64000000,,6025.00
"Kepler-331 d","Kepler-331",32.13432800000,1.64000000,,4347.00
"Kepler-301 d","Kepler-301",13.75124300000,1.75000000,,5815.00
"HD 89307 b","HD 89307",2166.00000000000,,670.62130000,5955.00
"HD 38529 b","HD 38529",14.30990000000,,206.58846455,
"Gl 410 b","Gl 410",6.02000000000,,8.40000000,3842.00
"Kepler-1782 b","Kepler-1782",5.75622987700,2.22927435,,4931.00
"Kepler-1280 b","Kepler-1280",66.55790570000,1.87000000,,6227.00
"HD 215152 d","HD 215152",10.86499000000,,2.80100000,4935.00
"TOI-2364 b","TOI-2364",4.01975170000,8.60849718,71.51139158,5306.00
"Kepler-336 c","Kepler-336",9.60000100000,2.10000000,,5867.00
"Kepler-1493 b","Kepler-1493",15.02179830000,1.41000000,,5863.00
"Kepler-1185 b","Kepler-1185",104.35189760000,1.33000000,,5622.00
"MOA-2022-BLG-033L b","MOA-2022-BLG-033L",,,12.15000000,
"HAT-P-23 b","HAT-P-23",1.21288400000,15.33400000,664.23700000,5905.00
"TOI-1232 b","TOI-1232",14.25600000000,10.92875618,220.57291446,5823.00
"TOI-1693 b","TOI-1693",1.76669570000,1.41000000,,3499.00
"TOI-1716.01","TOI-1716",8.08237655400,3.14300000,,5879.00
"Kepler-356 c","Kepler-356",13.12163200000,1.81000000,,6133.00
"HD 23472 c","HD 23472",29.79749000000,1.87000000,3.41000000,4684.00
"TOI-1246 c","TOI-1246",5.90413700000,2.45109846,9.10000000,5213.00
"TOI-2497 b","TOI-2497",10.65566900000,11.14172682,1531.93292174,7360.00
"Kepler-173 b","Kepler-173",4.26374200000,1.29000000,,6031.00
"K2-177 b","K2-177",14.15518500000,2.11620480,,6063.00
"Kepler-593 b","Kepler-593",21.21708973000,2.87000000,,5967.00
"Kepler-1418 b","Kepler-1418",22.47644250000,1.66000000,,4770.00
"Kepler-592 b","Kepler-592",2.82019240800,2.39000000,,5913.00
"KMT-2021-BLG-2478L b","KMT-2021-BLG-2478L",,,286.04556630,
"Kepler-261 b","Kepler-261",10.38122700000,2.18000000,,5098.00
"Kepler-534 c","Kepler-534",7.37868976600,1.22700000,,5936.00
"TOI-2337 b","TOI-2337",2.99432000000,10.08808263,508.52545120,4780.00
"HD 109271 c","HD 109271",30.93000000000,,24.15400000,5783.00
"TOI-1333 b","TOI-1333",4.72021900000,15.64776400,753.25710000,6274.00
"TOI-1438 c","TOI-1438",9.42808900000,2.75000000,10.60000000,5230.00
"CoRoT-20 b","CoRoT-20",9.24285000000,,1366.66900000,
"Kepler-1834 c","Kepler-1834",0.76669151700,1.22000000,,4821.00
"TrES-1 b","TrES-1",3.03007000000,12.66617000,266.97720000,5230.00
"GJ 3293 c","GJ 3293",122.61960000000,,21.09000000,3466.00
"HD 47186 b","HD 47186",4.08450000000,,22.24810000,5657.00
"Kepler-1800 b","Kepler-1800",4.56202983900,0.99679734,,5343.00
"HD 4732 b","HD 4732",371.74000000000,,631.20721630,4898.00
"Kepler-215 b","Kepler-215",9.36067200000,1.62000000,,5739.00
"TOI-4342 b","TOI-4342",5.53825920000,2.32900000,7.30000000,3866.00
"Kepler-193 c","Kepler-193",50.69749400000,2.75000000,,6335.00
"XO-4 b","XO-4",4.12508000000,14.01125000,451.31860000,6397.00
"Kepler-184 d","Kepler-184",29.02235800000,2.49000000,,5788.00
"TOI-559 b","TOI-559",6.98390950000,12.22899794,1910.14872607,5925.00
"Kepler-130 d","Kepler-130",87.51790500000,1.64000000,,5884.00
"Kepler-39 b","Kepler-39",21.08721000000,13.90000000,6388.10000000,6350.00
"Kepler-119 c","Kepler-119",4.12510300000,0.92000000,,5595.00
"Wolf 503 b","Wolf 503",6.00127000000,2.04300000,6.26000000,4716.00
"HAT-P-61 b","HAT-P-61",1.90231289000,10.07687365,335.94462620,5587.00
"K2-225 b","K2-225",15.87230000000,3.60929179,,5520.00
"HD 222237 b","HD 222237",14892.00000000000,,1649.52943233,4751.00
"Kepler-1238 b","Kepler-1238",4.14787559000,1.93000000,,6386.00
"Kepler-648 b","Kepler-648",17.42117490000,3.22000000,,5741.00
"Kepler-91 b","Kepler-91",6.24658000000,15.32270300,257.44230000,4550.00
"Kepler-1376 b","Kepler-1376",5.30880656000,1.05000000,,5659.00
"Kepler-1877 b","Kepler-1877",2.37756991400,0.62408600,,5615.00
"Kepler-259 c","Kepler-259",36.92493100000,2.70000000,,5938.00
"51 Peg b","51 Peg",4.23079660000,,193.87532827,5761.00
"HD 16905 b","HD 16905",10256.00000000000,,3591.46099910,
"TOI-2427 b","TOI-2427",1.30600110000,1.80000000,,4072.00
"Kepler-1181 b","Kepler-1181",4.89337519000,1.57000000,,6176.00
"Kepler-1617 b","Kepler-1617",27.47855720000,1.20000000,,6167.00
"Kepler-893 b","Kepler-893",6.33855761000,3.03000000,,5820.00
"TOI-1431 b","TOI-1431",2.65023700000,16.70138124,991.62462984,7690.00
"Kepler-142 d","Kepler-142",41.80911800000,2.16000000,,5790.00
"Kepler-462 b","Kepler-462",84.68660000000,3.00000000,53.90000000,7500.00
"OGLE-2018-BLG-1011L c","OGLE-2018-BLG-1011L",,,890.00000000,
"WASP-169 b","WASP-169",5.61141180000,14.61653600,178.30263000,6110.00
"Kepler-1788 b","Kepler-1788",2.80012011500,2.37850461,,4786.00
"WD 0806-661 b","WD 0806-661",,12.10569916,2224.79884900,10393.00
"HD 121504 b","HD 121504",63.33000000000,,479.92330000,6027.00
"gam Lib c","gam Lib",966.49000000000,,1662.56039702,4879.00
"Kepler-307 b","Kepler-307",10.42080000000,2.43000000,7.44000000,5367.00
"Kepler-84 d","Kepler-84",4.22453700000,1.38000000,,6031.00
"TOI-5261 b","TOI-5261",4.15097680000,11.60129502,3651.84839643,5790.00
"Kepler-327 b","Kepler-327",2.54957500000,1.11000000,,3799.00
"Kepler-1806 b","Kepler-1806",9.03332042700,2.35560189,,5311.00
"Kepler-80 c","Kepler-80",9.52355000000,2.74000000,6.74000000,4540.00
"WASP-50 b","WASP-50",1.95510000000,13.06969400,466.82870400,5400.00
"HD 215497 c","HD 215497",566.00000000000,,111.23994245,
"Kepler-1167 b","Kepler-1167",1.00393373900,1.71000000,,4971.00
"TOI-3896 b","TOI-3896",4.37730369667,3.14949237,,5110.91
"Kepler-48 e","Kepler-48",982.00000000000,,657.00000000,5194.00
"HATS-32 b","HATS-32",2.81265480000,14.00004100,292.40360000,5700.00
"Kepler-276 d","Kepler-276",48.64800000000,2.80000000,16.30000000,
"Kepler-245 b","Kepler-245",7.49019000000,2.57000000,,5100.00
"CD-35 2722 B b","CD-35 2722 B",171.11000000000,,292.40213444,
"KIC 5437945 b","KIC 5437945",440.78130000000,6.40000000,,6340.00
"Kepler-1870 b","Kepler-1870",3.60694003100,2.10143764,,5508.00
"Kepler-312 b","Kepler-312",1.77241900000,1.29000000,,6115.00
"TOI-2194 b","TOI-2194",15.33759700000,1.98920000,,4756.00
"Kepler-60 b","Kepler-60",7.13340000000,1.71000000,4.19000000,5905.00
"Kepler-856 b","Kepler-856",8.02768059500,9.30000000,,5535.00
"Kepler-1202 b","Kepler-1202",28.68513240000,2.94000000,,5834.00
"CoRoT-14 b","CoRoT-14",1.51214000000,12.22000000,2415.40000000,6035.00
"TYC 1422-614-1 b","TYC 1422-614-1",198.40000000000,,794.50000000,4806.00
"Kepler-1519 b","Kepler-1519",240.79893970000,7.06000000,,5644.00
"TOI-2169 A b","TOI-2169 A",8.21482820000,12.50922246,329.58805806,6270.00
"Kepler-1154 b","Kepler-1154",5.18561420000,2.34000000,,6327.00
"HD 233832 b","HD 233832",2058.00000000000,,565.73740000,4981.00
"OGLE-2018-BLG-1367L b","OGLE-2018-BLG-1367L",,,301.93698665,
"HR 8799 c","HR 8799",69000.00000000000,13.00000000,3000.00000000,
"K2-3 d","K2-3",44.55603000000,1.45800000,2.20000000,3844.00
"Kepler-1997 b","Kepler-1997",26.75758660000,2.28000000,,6215.00
"Kepler-1903 b","Kepler-1903",17.06789970000,2.28642395,,6347.00
"Kepler-205 c","Kepler-205",20.30654600000,1.64000000,,4321.00
"Kepler-1969 b","Kepler-1969",6.64752006500,1.68161001,,6046.00
"K2-217 b","K2-217",14.07452400000,3.57854073,,5967.00
"HD 108863 b","HD 108863",437.70000000000,,767.24162000,4878.00
"HD 185269 b","HD 185269",6.83776000000,,321.00830000,5923.00
"Kepler-365 c","Kepler-365",17.78412900000,1.64000000,,6012.00
"HD 222582 b","HD 222582",572.38000000000,,2660.23710000,5790.00
"HD 56957 b","HD 56957",5859.08992000000,,1880.90851263,
"Kepler-1745 b","Kepler-1745",3.01619005200,1.92872921,,5611.00
"K2-25 b","K2-25",3.48456408000,3.44000000,24.50000000,3207.00
"K2-188 c","K2-188",7.81025300000,2.83000000,,5977.00
"Kepler-889 b","Kepler-889",3.74443900000,1.09000000,,5961.00
"K2-383 b","K2-383",1.86596200000,1.56400000,,5129.00
"TOI-406 c","TOI-406",3.30744100000,1.32000000,2.08000000,3392.00
"Kepler-1713 b","Kepler-1713",18.01160049000,1.71673535,,6477.00
"Kepler-524 b","Kepler-524",7.97419807000,1.91000000,,6014.00
"Kepler-1321 c","Kepler-1321",2.22649108600,2.40000000,,4094.00
"TOI-6692 b","TOI-6692",131.12500000000,11.67975789,197.05361234,5890.00
"Kepler-1203 b","Kepler-1203",0.58800076500,1.06000000,,4105.00
"OGLE-2018-BLG-0298L b","OGLE-2018-BLG-0298L",,,44.49597698,
"HATS-35 b","HATS-35",1.82099930000,16.40997600,388.38826000,6300.00
"HD 19615 b","HD 19615",402.00000000000,,2701.54145950,4263.00
"Kepler-318 b","Kepler-318",4.66271500000,4.71000000,,5746.00
"K2-308 b","K2-308",3.38628000000,9.91600000,,6100.00
"Kepler-145 c","Kepler-145",42.88200000000,4.32000000,79.40000000,
"K2-189 c","K2-189",6.67932000000,2.31000000,,5442.00
"HD 169142 b","HD 169142",,,953.48522100,
"MOA-2007-BLG-400L b","MOA-2007-BLG-400L",,,540.30829190,
"Kepler-326 b","Kepler-326",2.24832900000,1.52000000,,5105.00
"Kepler-932 b","Kepler-932",1.92143739600,1.37000000,,5331.00
"b Cen AB b","b Cen A",1790000.00000000000,,3464.32963630,
"GJ 3138 d","GJ 3138",257.80000000000,,10.50000000,3717.00
"HD 145934 b","HD 145934",2751.53433000000,,658.54045930,
"Kepler-917 b","Kepler-917",2.97041437500,1.91000000,,5418.00
"TOI-1347 c","TOI-1347",4.84196200000,1.60000000,6.40000000,5464.00
"K2-329 b","K2-329",12.45512250000,8.67576600,82.63580000,5282.00
"Kepler-311 d","Kepler-311",232.04032600000,2.05000000,,5903.00
"TIC 65612701 b","TIC 65612701",10.22467974953,5.07802804,,5692.29
"HD 125612 b","HD 125612",557.69994000000,,945.22168242,
"Kepler-436 b","Kepler-436",64.00205000000,2.73000000,,4651.00
"GJ 414 A c","GJ 414 A",749.83000000000,8.40000000,53.83000000,4120.00
"OGLE-2018-BLG-0932L b","OGLE-2018-BLG-0932L",,,282.86728223,
"ZTF J1828+2308 b","ZTF J1828+2308",0.11200670000,11.13051784,6356.56814000,15900.00
"Kepler-1052 c","Kepler-1052",180.92172900000,2.30000000,,5818.00
"HD 105779 b","HD 105779",2412.00000000000,,203.41018048,5792.00
"Kepler-1143 c","Kepler-1143",210.63059100000,3.60000000,,5053.00
"Kepler-1567 b","Kepler-1567",153.97957800000,2.73000000,,5655.00
"Kepler-399 c","Kepler-399",26.67569000000,1.43000000,,5502.00
"K2-168 b","K2-168",15.85230000000,1.86000000,,5502.70
"Kepler-95 b","Kepler-95",11.52310000000,3.42000000,13.00000000,5699.00
"Kepler-453 b","Kepler-453",240.50300000000,6.20400000,16.00000000,5527.00
"HD 20003 c","HD 20003",33.92390000000,,14.44000000,5494.00
"HD 122562 c","HD 122562",84.96276000000,,73.10053361,
"Kepler-513 b","Kepler-513",28.86235584000,2.20000000,,5849.00
"K2-259 b","K2-259",15.48043000000,2.32000000,,6059.00
"HD 6860 b","HD 6860",663.87000000000,,8981.83078182,3802.00
"Kepler-874 b","Kepler-874",40.06867270000,3.94000000,,6020.00
"Kepler-864 c","Kepler-864",2.42150341000,1.62000000,,6213.00
"TIC 147027702 b","TIC 147027702",44.40523000000,10.92875618,346.43296363,6410.00
"HD 191939 g","HD 191939",284.00000000000,,13.50000000,5348.00
"GJ 15 A b","GJ 15 A",11.44070000000,,3.03000000,3607.00
"K2-58 b","K2-58",7.05254000000,2.68000000,,5413.00
"OGLE-2015-BLG-1670L b","OGLE-2015-BLG-1670L",,,17.90000000,
"TOI-4994 b","TOI-4994",21.49198400000,8.54124329,88.99195396,5640.00
"Kepler-552 b","Kepler-552",5.26341576500,3.95000000,,5863.00
"HD 87816 b","HD 87816",484.17000000000,,2142.16346318,4989.00
"KMT-2017-BLG-2197L b","KMT-2017-BLG-2197L",,,2809.60311788,
"Wolf 1061 b","Wolf 1061",4.88690000000,,1.91000000,3342.00
"TOI-3877 b","TOI-3877",4.12359600000,11.67975789,99.79811980,5731.00
"HATS-38 b","HATS-38",4.37502100000,6.88232600,23.51942000,5732.00
"Kepler-1670 b","Kepler-1670",20.49980000000,3.35648010,,5838.00
"K2-37 c","K2-37",6.42966000000,2.41000000,,5352.00
"Kepler-1529 b","Kepler-1529",5.33905686000,2.10000000,,5048.00
"Kepler-87 c","Kepler-87",191.23180000000,6.14000000,6.40000000,5600.00
"HD 147873 b","HD 147873",116.59600000000,,1633.64620000,5972.00
"PSR J2322-2650 b","PSR J2322-2650",0.32296399700,,252.64306700,
"24 Boo b","24 Boo",30.33000000000,,280.64248338,4816.00
"K2-208 b","K2-208",4.19097000000,1.67462172,,5500.00
"K2-352 c","K2-352",8.23488500000,1.92000000,,5791.00
"K2-396 b","K2-396",0.67386200000,1.57900000,,5236.00
"Kepler-1150 b","Kepler-1150",2.78786838600,1.02000000,,4754.00
"Kepler-239 c","Kepler-239",56.22809800000,2.51000000,,4914.00
"Kepler-287 c","Kepler-287",44.85189600000,3.26000000,,5806.00
"HD 73344 d","HD 73344",5823.00000000000,,810.46243785,6148.00
"TOI-1298 b","TOI-1298",4.53714300000,9.65807033,99.00000000,5752.00
"Kepler-988 b","Kepler-988",17.76080053000,2.07000000,,4005.00
"K2-401 b","K2-401",6.29309900000,2.26200000,,4213.00
"Kepler-266 c","Kepler-266",107.72360100000,3.89000000,,5885.00
"HD 158259 e","HD 158259",7.95100000000,,6.08000000,
"Kepler-1028 b","Kepler-1028",2.51462432000,1.33000000,,5522.00
"GJ 676 A c","GJ 676 A",13921.42302000000,,4288.14086724,
"Kepler-1391 b","Kepler-1391",54.40923330000,1.68000000,,5840.00
"Kepler-1546 b","Kepler-1546",19.59749710000,3.13000000,,5623.00
"Kepler-209 b","Kepler-209",16.08784500000,2.26000000,,5513.00
"HD 224018 d","HD 224018",138.07310000000,2.40000000,4.20000000,5784.00
"Kepler-169 d","Kepler-169",8.34812500000,1.25000000,,4997.00
"HD 148427 b","HD 148427",331.90000000000,,381.39408840,5025.00
"HD 155918 c","HD 155918",17202.19446000000,,1878.04805696,
"Kepler-1066 b","Kepler-1066",1.93155983900,2.36000000,,5762.00
"Kepler-1757 b","Kepler-1757",19.65640068000,2.94660251,,5288.00
"Kepler-737 b","Kepler-737",28.59915399000,1.96000000,,3813.00
"K2-347 b","K2-347",7.18725700000,2.41000000,,4599.00
"K2-408 b","K2-408",20.97895900000,1.67700000,,5335.00
"Kepler-172 b","Kepler-172",2.94030900000,2.35000000,,5526.00
"Kepler-235 b","Kepler-235",3.34022200000,2.23000000,,4255.00
"Kepler-995 b","Kepler-995",28.26731672000,2.70000000,,5206.00
"Kepler-142 b","Kepler-142",2.02415200000,1.99000000,,5790.00
"Kepler-54 c","Kepler-54",12.07172490000,1.23000000,,3705.00
"Kepler-389 b","Kepler-389",3.24410700000,1.51000000,,5376.00
"Kepler-1557 b","Kepler-1557",3.74032496000,1.53000000,,6099.00
"TIC 38825265 b","TIC 38825265",3.31336980985,2.18869476,,4375.52
"KMT-2023-BLG-0548L b","KMT-2023-BLG-0548L",,,1086.97315194,
"MOA-2010-BLG-328L b","MOA-2010-BLG-328L",,,9.20000000,
"Kepler-1686 b","Kepler-1686",9.30987000000,1.42553017,,5714.96
"K2-226 b","K2-226",3.27109000000,1.53899305,,5288.00
"KMT-2021-BLG-1253L b","KMT-2021-BLG-1253L",,,19.05000000,
"Kepler-1614 b","Kepler-1614",3.94661410000,1.49000000,,5121.00
"Kepler-306 e","Kepler-306",44.84097500000,2.27000000,,4954.00
"HD 217786 c","HD 217786",2.52221000000,,7.31005336,
"TOI-3819 b","TOI-3819",3.24431410000,13.13692538,352.78953177,5859.00
"Kepler-364 b","Kepler-364",25.74571800000,1.55000000,,6108.00
"Kepler-265 e","Kepler-265",67.83102400000,2.59000000,,5835.00
"Kepler-645 b","Kepler-645",3.27582262100,2.10000000,,6170.00
"Kepler-69 b","Kepler-69",13.72234100000,2.24000000,,5638.00
"HD 167768 b","HD 167768",20.65320000000,,270.15414595,4851.00
"YZ Cet b","YZ Cet",2.02087000000,,0.70000000,3151.00
"Kepler-280 b","Kepler-280",2.13954200000,1.45000000,,5744.00
"KOI-351 g","KOI-351",210.73514000000,,15.00000000,
"Kepler-1577 b","Kepler-1577",6.30560247000,1.13000000,,4862.00
"Kepler-20 f","Kepler-20",19.57832800000,0.95200000,1.40000000,5495.00
"HAT-P-27 b","HAT-P-27",3.03957700000,11.43000000,197.05000000,5316.00
"HD 156668 b","HD 156668",4.64550000000,,4.15000000,4850.00
"K2-19 b","K2-19",7.91930000000,7.00000000,30.80000000,5322.00
"Kepler-764 b","Kepler-764",7.33683936000,1.64000000,,5557.00
"HD 10180 e","HD 10180",49.74800000000,,25.58531500,5911.00
"Kepler-1785 b","Kepler-1785",19.58550072000,2.70422447,,5618.00
"Kepler-1405 b","Kepler-1405",28.22741840000,3.96000000,,5925.00
"Kepler-255 d","Kepler-255",1.04562265800,1.32000000,,5431.00
"USco CTIO 108 b","USco CTIO 108",,,4449.62000000,2700.00
"Kepler-1445 b","Kepler-1445",10.60052251000,0.96000000,,6150.00
"TOI-6478 b","TOI-6478",34.00501900000,4.60000000,,3230.00
"WASP-163 b","WASP-163",1.60968840000,13.47321800,594.34210000,5500.00
"TOI-2158 b","TOI-2158",8.60077000000,10.76062147,260.61929374,5673.00
"TOI-5153 b","TOI-5153",20.33003000000,11.88151954,1036.12060682,6300.00
"HATS-41 b","HATS-41",4.19364900000,14.90797000,3082.95100000,6424.00
"WASP-176 b","WASP-176",3.89905200000,16.86954500,271.74465000,5941.00
"HAT-P-25 b","HAT-P-25",3.65281514000,12.72221500,180.84527000,5519.00
"Kepler-1281 b","Kepler-1281",3.11602791000,1.64000000,,5353.00
"GJ 328 c","GJ 328",241.80000000000,,21.40000000,3897.00
"Kepler-170 b","Kepler-170",7.93059200000,3.20000000,,5679.00
"Kepler-902 b","Kepler-902",40.10995470000,2.54000000,,5647.00
"K2-181 b","K2-181",6.89410000000,2.69000000,,5528.00
"Kepler-162 c","Kepler-162",19.44635500000,3.03000000,,5816.00
"Kepler-1194 b","Kepler-1194",16.22371307000,1.51000000,,5590.00
"Kepler-57 c","Kepler-57",11.60000000000,2.19600000,6.86000000,5187.90
"Kepler-1887 b","Kepler-1887",19.94750023000,2.92454357,,5749.00
"TOI-6041 b","TOI-6041",26.04945000000,4.55000000,28.90000000,5445.00
"K2-129 b","K2-129",8.23949300000,1.04000000,,3459.09
"Kepler-903 c","Kepler-903",62.92285570000,2.53000000,,5682.00
"HD 103891 b","HD 103891",1919.00000000000,,457.67290608,6072.00
"HD 216520 c","HD 216520",154.43000000000,,9.44000000,5103.00
"HD 34445 g","HD 34445",5700.00000000000,,120.60000000,5836.00
"Kepler-1237 b","Kepler-1237",84.57332260000,2.86000000,,5472.00
"WTS-1 b","WTS-1",3.35205700000,16.70000000,1274.44000000,6250.00
"gam1 Leo b","gam1 Leo",428.50000000000,,2790.43000000,4330.00
"TIC 88785435 b","TIC 88785435",10.50884300000,5.03000000,,3998.00
"HIP 8152 c","HIP 8152",19.60562000000,2.52442508,10.70000000,5618.00
"Kepler-406 c","Kepler-406",4.62332000000,0.85000000,2.71000000,5538.00
"HD 109271 b","HD 109271",7.85430000000,,17.16200000,5783.00
"Kepler-1434 b","Kepler-1434",8.05333618000,1.11000000,,6291.00
"Kepler-80 d","Kepler-80",3.07222000000,1.53000000,6.75000000,4540.00
"Kepler-1199 b","Kepler-1199",15.04471980000,1.15000000,,5889.00
"Kepler-625 c","Kepler-625",4.16536510000,1.05000000,,5789.00
"TOI-2373 b","TOI-2373",13.33668000000,10.42435205,2955.80418510,5651.00
"GJ 1061 c","GJ 1061",6.68210000000,,1.81000000,2953.00
"Kepler-448 c","KOI-12",2500.00000000000,,6992.26000000,
"Kepler-968 b","Kepler-968",3.69298372800,2.00000000,,4598.00
"TOI-4311 c","TOI-4311",15.07042500000,2.47000000,13.58000000,5063.00
"Kepler-610 c","Kepler-610",151.86392000000,3.30000000,,5943.00
"HD 47186 c","HD 47186",1353.60000000000,,111.42000000,
"HD 144899 b","HD 144899",40.43914000000,,20.34101805,
"WASP-42 b","WASP-42",4.98168190000,12.57649800,167.49641000,5315.00
"Kepler-1383 b","Kepler-1383",13.90935830000,1.41000000,,6370.00
"Kepler-1449 b","Kepler-1449",13.22745280000,1.68000000,,5979.00
"Kepler-1698 b","Kepler-1698",1.21070000000,1.07315686,,4975.03
"Kepler-49 b","Kepler-49",7.20000000000,2.57900000,9.77000000,4095.60
"TOI-2803 A b","TOI-2803 A",1.96229325000,18.11371281,309.88269682,6280.00
"TOI-1288 b","TOI-1288",2.69982790000,4.96846551,44.10000000,5388.00
"K2-247 b","K2-247",2.25021000000,2.12000000,,4667.00
"HD 107148 c","HD 107148",18.32670000000,,19.89605828,5752.92
"Kepler-791 b","Kepler-791",14.55397590000,3.05000000,,6383.00
"Kepler-150 b","Kepler-150",3.42805400000,1.25000000,,5560.00
"HD 48948 c","HD 48948",38.06000000000,,7.27000000,4593.00
"Kepler-180 c","Kepler-180",41.88577500000,3.01000000,,5731.00
"Kepler-754 b","Kepler-754",14.55962370000,2.01000000,,5935.00
"HAT-P-62 b","HAT-P-62",2.64532350000,12.02723629,241.86741773,5629.00
"NGTS-5 b","NGTS-5",3.35698660000,12.73342400,72.78307000,4987.00
"Kepler-62 e","Kepler-62",122.38740000000,1.61000000,36.00000000,4925.00
"K2-117 b","K2-117",1.29160000000,2.03000000,,3778.00
"WASP-190 b","WASP-190",5.36775300000,12.89035000,317.83000000,6400.00
"WASP-92 b","WASP-92",2.17467420000,16.37634900,255.85315000,6280.00
"TOI-5532 b","TOI-5532",5.65396594310,2.52763693,,4208.45
"HD 86081 b","HD 86081",2.13784310000,,470.38840000,5939.00
"KMT-2023-BLG-0416L b","KMT-2023-BLG-0416L",,,13.03096469,
"OGLE-2017-BLG-0173L b","OGLE-2017-BLG-0173L",,,3.26900000,
"Kepler-940 b","Kepler-940",59.62252570000,3.34000000,,5769.00
"Kepler-10 b","Kepler-10",0.83749070000,1.47000000,3.24000000,5708.00
"TOI-262 b","TOI-262",11.14529000000,2.07000000,,5310.00
"Kepler-922 b","Kepler-922",0.93846683200,1.42000000,,5671.00
"HD 19994 b","HD 19994",466.20000000000,,435.41000000,6188.00
"TOI-2570 b","TOI-2570",2.98876150000,13.64132951,260.61929374,5771.00
"Kepler-232 b","Kepler-232",4.43122200000,3.08000000,,5847.00
"Kepler-238 d","Kepler-238",13.23354900000,3.07000000,,5751.00
"Kepler-1491 c","Kepler-1491",61.56976500000,2.44000000,,5626.00
"TOI-763 c","TOI-763",12.27370000000,2.63000000,9.32000000,5450.00
"Kepler-863 b","Kepler-863",15.59461874000,2.90000000,,5678.00
"Kepler-1219 b","Kepler-1219",16.10467749000,2.12000000,,5944.00
"WASP-130 b","WASP-130",11.55098000000,9.97601000,390.93090000,5625.00
"KMT-2019-BLG-1552L b","KMT-2019-BLG-1552L",,,1287.20504835,
"Kepler-1053 b","Kepler-1053",2.41435165400,0.98000000,,4529.00
"K2-292 b","K2-292",16.98410000000,2.63000000,24.50000000,5725.00
"K2-116 b","K2-116",4.65541100000,0.69000000,,4348.35
"WASP-161 b","WASP-161",5.40604250000,12.81188700,791.39670000,6400.00
"Kepler-197 c","Kepler-197",10.34969500000,1.23000000,,6004.00
"Kepler-518 b","Kepler-518",8.51203587700,2.11000000,,5842.00
"Kepler-544 b","Kepler-544",21.41616926000,2.12000000,,6206.00
"K2-387 b","K2-387",28.73532700000,7.32200000,,3572.00
"Kepler-608 b","Kepler-608",6.41251503700,3.64000000,,5820.00
"K2-370 b","K2-370",2.14080930000,2.67000000,11.10000000,5662.00
"TOI-3980 b","TOI-3980",3.60892540000,14.45958510,187.51876013,5840.00
"Kepler-24 e","Kepler-24",18.99835500000,2.78000000,,5897.00
"Kepler-47 b","Kepler-47",49.46430000000,3.05000000,2.07000000,
"Kepler-1985 b","Kepler-1985",3.42064689000,2.27000000,,5370.00
"Kepler-125 b","Kepler-125",4.16438900000,2.37000000,,3810.00
"OGLE-2012-BLG-0563L b","OGLE-2012-BLG-0563L",,,120.00000000,
"Kepler-1809 b","Kepler-1809",3.75729990000,1.51300000,,4901.00
"Kepler-953 c","Kepler-953",9.10967112000,1.19000000,,5416.00
"Kepler-199 b","Kepler-199",23.63760400000,3.11000000,,5644.00
"GJ 849 c","GJ 849",5990.00000000000,,314.65012293,3467.00
"KMT-2022-BLG-0440L b","KMT-2022-BLG-0440L",,,15.40000000,
"Kepler-152 c","Kepler-152",88.25505500000,2.39000000,,5088.00
"TIC 393818343 b","TIC 393818343",16.24921000000,12.18416202,1379.37528638,5756.00
"Kepler-1514 c","Kepler-1514",10.51418100000,1.17582410,,6145.00
"TOI-4214 b","TOI-4214",3.49138850000,10.68215861,165.27077164,6370.00
"Kepler-616 d","Kepler-616",51.06740189000,2.65300000,,6004.00
"Kepler-1962 b","Kepler-1962",7.99145984600,1.21463929,,5700.00
"WASP-106 b","WASP-106",9.28969000000,12.10569916,613.40882551,6002.00
"OGLE-2019-BLG-0249L b","OGLE-2019-BLG-0249L",,,2262.93825784,
"Kepler-1893 b","Kepler-1893",4.17936992600,1.70557445,,5633.00
"Kepler-1491 b","Kepler-1491",16.58617620000,1.51000000,,5728.00
"OGLE-2017-BLG-1237L b","OGLE-2017-BLG-1237L",,,1207.74794660,
"Kepler-1883 b","Kepler-1883",103.42700200000,3.25107395,,6208.00
"TOI-1739 b","TOI-1739",8.30334140600,1.94600000,,4814.00
"Kepler-527 b","Kepler-527",13.28535633000,2.84000000,,6388.00
"TOI-628 b","TOI-628",3.40956750000,11.88154000,2011.86390000,6250.00
"Kepler-1791 b","Kepler-1791",7.72086000400,3.12103321,,5887.00
"Kepler-1399 b","Kepler-1399",1.63865305800,1.25000000,,5735.00
"HD 20794 b","HD 20794",18.31400000000,,2.15000000,5368.00
"KOI-3503 b","KOI-3503",21.18500000000,1.19000000,9.20000000,6001.00
"GJ 667 C c","GJ 667 C",28.14000000000,,3.80000000,3350.00
"HD 28254 b","HD 28254",1333.00000000000,,1207.74794660,
"TOI-257 b","TOI-257",18.38818000000,7.16253867,43.86032017,6095.00
"HD 34445 d","HD 34445",117.87000000000,,30.70000000,5836.00
"KMT-2021-BLG-1077L c","KMT-2021-BLG-1077L",,,79.45710175,
"GJ 251 b","GJ 251",14.23700000000,,3.85000000,3342.00
"HAT-P-31 b","HAT-P-31",5.00542000000,12.21781000,721.47410000,6065.00
"Kepler-217 d","Kepler-217",3.88689525000,1.32000000,,6341.00
"DMPP-1 d","DMPP-1",3.14170000000,,4.72000000,
"Kepler-811 b","Kepler-811",23.58447697000,2.70000000,,5747.00
"OGLE2-TR-L9 b","OGLE2-TR-L9",2.48553350000,18.04600000,1430.17500000,6933.00
"Kepler-1954 b","Kepler-1954",5.88343000400,1.80235934,,5840.00
"TOI-4600 c","TOI-4600",482.81910000000,9.42000000,2946.26933289,5170.00
"TOI-2524 b","TOI-2524",7.18585000000,11.20898070,203.41018048,5831.00
"HD 96167 b","HD 96167",498.04000000000,,227.88411000,5733.00
"OGLE-2017-BLG-0604L b","OGLE-2017-BLG-0604L",,,160.00000000,
"Kepler-359 c","Kepler-359",57.68802000000,4.30000000,,6248.00
"TOI-1260 d","TOI-1260",16.60816400000,3.12000000,11.84000000,4227.00
"Kepler-444 c","Kepler-444",4.54588410000,0.49700000,,5046.00
"TOI-1749 c","TOI-1749",4.49290000000,2.12000000,14.00000000,3985.00
"Kepler-616 b","Kepler-616",9.99761851000,2.43000000,,5753.00
"TOI-237 b","TOI-237",5.43609800000,1.44000000,,3212.00
"HATS-1 b","HATS-1",3.44645900000,14.59400000,589.55000000,5870.00
"nu Oph c","nu Oph",3180.60000000000,,7530.30844705,4887.00
"Kepler-977 b","Kepler-977",26.85328322000,2.62000000,,5315.00
"GJ 3138 b","GJ 3138",1.22003000000,,1.78000000,3717.00
"HD 130322 b","HD 130322",10.70871000000,,365.49000000,5387.00
"TOI-6448 b","TOI-6448",14.84426100000,8.47398941,,5910.00
"Kepler-1363 b","Kepler-1363",2.94194094000,1.25000000,,4839.00
"Kepler-880 b","Kepler-880",7.71468975000,2.66000000,,6761.00
"Kepler-849 b","Kepler-849",394.62508000000,8.08167508,298.75870258,5950.00
"NGTS-23 b","NGTS-23",4.07643260000,14.20177855,194.82881349,6057.00
"Kepler-299 b","Kepler-299",2.92712800000,1.32000000,,5617.00
"HD 40307 b","HD 40307",4.31230000000,,4.00000000,4956.00
"HAT-P-21 b","HAT-P-21",4.12448000000,12.44199000,1547.83210000,5588.00
"Kepler-478 b","Kepler-478",13.22175760000,2.71000000,,5210.00
"NGTS-18 b","NGTS-18",3.05125000000,13.56286665,129.99181846,5610.00
"M62H b","M62H",0.13293502800,,785.03616529,
"K2-346 b","K2-346",26.20144600000,2.26000000,,4801.00
"KIC 5479689 b","KIC 5479689",1.70153100000,,158.91420350,5459.10
"Kepler-392 b","Kepler-392",5.34185300000,1.00000000,,5938.00
"Kepler-363 c","Kepler-363",7.54242700000,1.69000000,,5593.00
"Kepler-1464 c","Kepler-1464",5.32786292000,1.00000000,,5828.00
"Kepler-223 b","Kepler-223",7.38449000000,2.99000000,7.40000000,
"Kepler-1374 b","Kepler-1374",10.65276707000,2.29000000,,5323.00
"Kepler-1370 b","Kepler-1370",20.26416840000,1.84000000,,6202.00
"WASP-41 b","WASP-41",3.05240000000,12.32990000,270.15550000,5545.00
"KMT-2019-BLG-1953L b","KMT-2019-BLG-1953L",,,200.00000000,
"HIP 97233 b","HIP 97233",1062.26506000000,,6098.17364511,
"TOI-1794 b","TOI-1794",8.76552800000,3.29701268,8.70000000,5631.00
"EPIC 201427007 b","EPIC 201427007",0.72091000000,1.50000000,,5633.00
"TOI-6019 b","TOI-6019",14.54795200000,12.30000000,149.00000000,5561.00
"TOI-2876 b","TOI-2876",6.29964310000,9.63972340,54.03082919,5271.00
"Gaia-4 b","Gaia-4",571.30000000000,,3750.37520260,4034.00
"HD 102195 b","HD 102195",4.11377000000,,130.31030000,5301.00
"Kepler-650 b","Kepler-650",3.03214558800,2.96000000,,5849.00
"OGLE-2019-BLG-0960L b","OGLE-2019-BLG-0960L",,,2.50000000,
"TOI-4127 b","TOI-4127",56.39870000000,12.07000000,743.71847238,6096.00
"Kepler-892 b","Kepler-892",13.75210720000,2.81000000,,4747.00
"TOI-5126 b","TOI-5126",5.45883850000,4.74000000,,6150.00
"Kepler-305 e","Kepler-305",3.20538000000,1.79381530,,4974.00
"Kepler-228 b","Kepler-228",2.56654600000,1.53000000,,6043.00
"Kepler-864 b","Kepler-864",5.83376092000,2.40000000,,5754.00
"TOI-5489 b","TOI-5489",3.15222000000,1.40000000,,3547.00
"TOI-1062 b","TOI-1062",4.11296000000,2.26500000,10.15000000,5328.00
"GJ 96 b","GJ 96",73.94000000000,,19.66000000,3785.00
"Kepler-1858 b","Kepler-1858",88.07160187000,2.42168247,,4939.00
"Kepler-1743 b","Kepler-1743",7.64971017800,1.59887007,,5855.00
"HD 181433 b","HD 181433",9.37450000000,,7.22000000,
"HD 147018 c","HD 147018",1008.00000000000,,2080.00000000,5441.00
"K2-349 b","K2-349",9.03217800000,1.38000000,,4385.00
"Kepler-25 d","Kepler-25",122.40000000000,,71.90000000,
"Kepler-589 c","Kepler-589",3.52466011000,1.11727238,,5372.00
"Kepler-332 c","Kepler-332",15.99562200000,1.09000000,,4955.00
"HD 222076 b","HD 222076",871.00000000000,,495.81480000,4806.00
"Kepler-882 b","Kepler-882",3.98953966600,1.23000000,,5476.00
"HAT-P-67 b","HAT-P-67",4.81010690000,23.98721870,143.02278315,6640.00
"Kepler-304 b","Kepler-304",3.29570900000,2.86000000,,4731.00
"HD 27894 b","HD 27894",18.01939000000,,196.73578393,
"HD 141399 b","HD 141399",94.44000000000,,143.34133000,5600.00
"Kepler-1080 b","Kepler-1080",77.25483960000,3.28000000,,5956.00
"Kepler-355 b","Kepler-355",11.03189000000,1.46000000,,6184.00
"K2-213 b","K2-213",8.13087000000,1.51398464,,5794.00
"HIP 18606 b","HIP 18606",674.94000000000,,244.72787339,4860.00
"OGLE-2017-BLG-0406L b","OGLE-2017-BLG-0406L",,,130.00000000,
"Kepler-224 d","Kepler-224",11.34939300000,2.30000000,,5018.00
"TOI-2578 b","TOI-2578",3.45796670000,19.66055215,167.17774208,6333.00
"KOI-4978 b","KOI-4978",0.94196700000,0.70000000,,5050.28
"K2-102 b","K2-102",9.91561500000,1.30000000,,4695.00
"Kepler-757 b","Kepler-757",1.02267882100,1.36000000,,6014.00
"Kepler-164 b","Kepler-164",5.03503000000,1.41000000,,5888.00
"Kepler-1196 b","Kepler-1196",66.18490310000,2.23000000,,5756.00
"K2-356 b","K2-356",21.02673660000,2.29000000,,5568.00
"HAT-P-44 c","HAT-P-44",872.20000000000,,1271.30000000,5295.00
"K2-75 c","K2-75",18.31100000000,2.77000000,,5995.00
"GJ 433 d","GJ 433",36.05900000000,,5.22300000,
"Kepler-308 c","Kepler-308",15.38231000000,2.16000000,,5895.00
"HAT-P-64 b","HAT-P-64",4.00723200000,19.08889413,184.34047606,6457.00
"WASP-194 b","WASP-194",3.18338700000,15.47960235,373.13054982,6405.00
"HD 73526 b","HD 73526",188.30000000000,,978.91640000,5601.00
"HD 142 c","HD 142",10159.64279000000,,3464.64746471,
"Kepler-1597 b","Kepler-1597",2.94654179000,1.06000000,,6377.00
"G 264-012 b","G 264-012",2.30538000000,,2.50000000,3326.00
"Kepler-256 e","Kepler-256",10.68157200000,2.35000000,,5551.00
"WASP-64 b","WASP-64",1.57329180000,14.24700000,403.94500000,5400.00
"TOI-2145 b","TOI-2145",10.26112800000,12.24020692,1805.26535176,6206.00
"K2-187 d","K2-187",7.14958400000,2.40000000,,5438.00
"BD+15 2375 b","BD+15 2375",153.22000000000,,337.21763000,4649.00
"TOI-1751 b","TOI-1751",37.46852000000,2.95078450,19.50000000,5970.00
"GJ 3341 b","GJ 3341",14.20700000000,,6.60000000,3526.00
"K2-157 d","K2-157",66.50000000000,,23.30000000,5334.00
"Kepler-1217 b","Kepler-1217",2.03232507200,1.99000000,,5905.00
"GJ 536 c","GJ 536",32.76100000000,,5.89000000,3641.00
"TIC 245076932 b","TIC 245076932",21.61389000000,10.87271128,162.09248757,6130.00
"HD 31527 d","HD 31527",271.67370000000,,11.82000000,5898.00
"K2-381 d","K2-381",26.80302300000,1.68900000,,4473.00
"K2-27 b","K2-27",6.77134700000,4.74000000,30.20000000,5246.00
"Kepler-172 c","Kepler-172",6.38899600000,2.86000000,,5526.00
"TOI-2986 b","TOI-2986",3.27836620000,9.29224500,96.61983573,5906.00
"TOI-756 b","TOI-756",1.23924950000,2.81000000,9.83000000,3657.00
"HD 28192 b","HD 28192",14.23283000000,,99.79811980,
"AB Pic b","AB Pic",,,4290.50000000,
"Kepler-782 b","Kepler-782",158.68533080000,3.21000000,,5867.00
"Kepler-679 b","Kepler-679",12.39358604000,3.01000000,,5403.00
"Kepler-1829 b","Kepler-1829",5.18671989400,2.47887001,,5230.00
"EPIC 212737443 b","EPIC 212737443",13.60300000000,2.58600000,,4684.00
"HD 4208 b","HD 4208",832.97000000000,,257.44230000,5717.00
"Kepler-307 c","Kepler-307",13.07290000000,2.20000000,3.64000000,5367.00
"Kepler-265 c","Kepler-265",17.02893700000,2.63000000,,5835.00
"KOI-1599.02","KOI-1599",13.60880000000,1.90000000,9.00000000,
"TOI-1203 b","TOI-1203",4.15728880000,1.52000000,3.51000000,5737.00
"Kepler-1006 b","Kepler-1006",19.76172042000,1.54000000,,5328.00
"OGLE-2003-BLG-235L b","OGLE-2003-BLG-235L",,,830.00000000,
"OGLE-2017-BLG-0482L b","OGLE-2017-BLG-0482L",,,9.00000000,
"K2-132 b","K2-132",9.17510000000,14.57170000,155.73670000,4840.00
"Kepler-685 b","Kepler-685",1.62552220000,10.58000000,,5963.00
"Kepler-192 c","Kepler-192",21.22340000000,2.79000000,,5479.00
"Wolf 1069 b","Wolf 1069",15.56400000000,,1.26000000,3158.00
"Kepler-32 e","Kepler-32",2.89600000000,1.50000000,,3900.00
"K2-266 e","K2-266",19.48200000000,2.73000000,14.30000000,4285.00
"Kepler-1691 b","Kepler-1691",3.84820000000,1.83470985,,6000.00
"Kepler-1995 b","Kepler-1995",73.75788750000,4.28000000,,5029.00
"WASP-192 b","WASP-192",2.87867650000,13.78707000,731.00900000,5910.00
"OGLE-2016-BLG-1067L b","OGLE-2016-BLG-1067L",,,140.00000000,
"HD 147379 b","HD 147379",86.58000000000,,21.60000000,4090.00
"OGLE-2008-BLG-355L b","OGLE-2008-BLG-355L",,,1500.00000000,
"Kepler-1603 b","Kepler-1603",2.27163926000,1.29000000,,6241.00
"Kepler-1867 b","Kepler-1867",9.88735961900,1.15985997,,5693.00
"Kepler-450 b","Kepler-450",28.45485100000,6.14000000,,6197.21
"OGLE-2013-BLG-0911L b","OGLE-2013-BLG-0911L",,,3020.00000000,
"Kepler-1025 b","Kepler-1025",37.32294930000,1.98000000,,6089.00
"TOI-7041 b","TOI-7041",9.69100000000,11.43316031,114.41822652,4700.00
"HD 111232 b","HD 111232",1169.13202000000,,2531.50326176,
"Kepler-1198 b","Kepler-1198",7.68477160000,1.47000000,,5517.00
"Kepler-187 c","Kepler-187",10.64026300000,2.67000000,,6105.00
"TOI-1347 b","TOI-1347",0.84742346000,1.80000000,11.10000000,5464.00
"HD 94890 b","HD 94890",824.61000000000,,676.97450691,4867.00
"Kepler-76 b","Kepler-76",1.54492980000,15.24424000,638.83830000,6409.00
"TOI-5502 b","TOI-5502",11.62592988285,4.12873780,,6088.71
"TOI-329 b","TOI-329",5.70439000000,4.94057819,40.40000000,5614.00
"Kepler-1772 b","Kepler-1772",3.21509003600,2.68609988,,5541.00
"GJ 393 b","GJ 393",7.02679000000,,1.71000000,3579.00
"HIP 65407 c","HIP 65407",67.30000000000,,249.17872000,5460.00
"Kepler-197 d","Kepler-197",15.67756300000,1.22000000,,6004.00
"HIP 79098 AB b","HIP 79098 AB",,,6515.51500000,
"Kepler-356 b","Kepler-356",4.61269600000,1.57000000,,6133.00
"HD 11506 d","HD 11506",26500.00000000000,,4068.20360960,6123.00
"OGLE-2006-BLG-109L c","OGLE-2006-BLG-109L",4927.50000000000,,86.00000000,
"Kepler-1514 b","Kepler-1514",217.83184000000,12.41957200,1678.14240000,6145.00
"Kepler-274 b","Kepler-274",11.63478800000,1.54000000,,6023.00
"K2-321 b","K2-321",2.29797490000,2.05124347,,3750.00
"Kepler-1242 b","Kepler-1242",13.62798432000,2.26000000,,4895.00
"Kepler-1249 b","Kepler-1249",24.33471270000,2.38000000,,6202.00
"Kepler-75 b","Kepler-75",8.88491160000,11.77000000,3209.90000000,5200.00
"TOI-2025 b","TOI-2025",8.87209820000,11.89272852,1144.18226520,5977.00
"TOI-4311 b","TOI-4311",0.99027380000,1.37600000,4.50000000,5063.00
"WASP-177 b","WASP-177",3.07172200000,17.71022000,161.45764000,5017.00
"TOI-5380 b","TOI-5380",3.77229247873,3.48093238,,6400.78
"Kepler-345 b","Kepler-345",7.41556300000,0.74000000,,4504.00
"Kepler-1389 b","Kepler-1389",99.25309510000,1.77000000,,5078.00
"Kepler-574 b","Kepler-574",7.65880414000,2.39000000,,5612.00
"Kepler-1580 b","Kepler-1580",56.64492790000,2.11000000,,6228.00
"nu Oph b","nu Oph",529.93000000000,,6848.56651404,4887.00
"Kepler-1773 b","Kepler-1773",40.80970001000,3.50469499,,6183.00
"K2-187 c","K2-187",2.87151200000,1.40000000,,5438.00
"Kepler-161 c","Kepler-161",7.06424000000,2.05000000,,5078.00
"BD-06 1339 c","BD-06 1339",125.94000000000,,53.00000000,4324.00
"Kepler-1499 b","Kepler-1499",44.20080000000,1.19000000,,5097.00
"Kepler-1930 b","Kepler-1930",13.02680016000,1.52955541,,5083.00
"TOI-1266 c","TOI-1266",18.80270000000,1.98000000,3.17000000,3563.00
"HD 43197 c","HD 43197",9295.97350000000,,2500.67390628,
"Kepler-1960 b","Kepler-1960",2.29794001600,1.30749704,,6371.00
"CHXR 73 b","CHXR 73",,,3994.48600000,
"K2-128 b","K2-128",5.67581900000,1.42000000,,4469.51
"BD+60 1417 b","BD+60 1417",,14.68376472,4767.42610500,4993.00
"TOI-712 c","TOI-712",51.69906000000,2.70100000,,4622.00
"Kepler-501 b","Kepler-501",5.64067757200,4.30000000,,5904.00
"TOI-5736 b","TOI-5736",0.64899000000,1.56000000,,3949.00
"K2-343 c","K2-343",7.67697200000,2.02000000,,3804.00
"Kepler-387 c","Kepler-387",11.83754900000,0.89000000,,5774.00
"TOI-4507 b","TOI-4507",104.61611000000,8.20000000,20.00000000,6260.00
"TOI-5181 A b","TOI-5181 A",3.89222950000,13.34989601,330.54154328,6060.00
"Kepler-348 c","Kepler-348",17.26542700000,1.33000000,,6177.00
"Kepler-844 b","Kepler-844",2.61302085600,1.68000000,,4128.00
"KMT-2019-BLG-0953L b","KMT-2019-BLG-0953L",,,15.50000000,
"MOA-2016-BLG-319L b","MOA-2016-BLG-319L",,,200.00000000,
"LP 261-75 b","LP 261-75 A",,,6674.39654700,
"Kepler-1285 b","Kepler-1285",14.79674580000,0.97000000,,6170.00
"HD 49674 b","HD 49674",4.94737000000,,31.78300000,5602.00
"LHS 1678 b","LHS 1678",0.86023250000,0.68500000,,3490.00
"Kepler-1583 b","Kepler-1583",9.32807355000,0.60000000,,5645.00
"Kepler-674 b","Kepler-674",2.24338184700,1.69000000,,4192.00
"NN Ser d","NN Ser",2880.00000000000,,696.04421133,
"HD 220773 b","HD 220773",3724.70000000000,,460.80000000,5940.00
"HD 8673 b","HD 8673",1644.69097000000,,4210.59073594,
"Kepler-62 c","Kepler-62",12.44170000000,0.54000000,4.00000000,4925.00
"Kepler-700 b","Kepler-700",80.87206390000,5.99000000,,5692.00
"HD 6061 b","HD 6061",5.25490000000,2.42763557,10.00000000,5934.00
"TOI-3321 b","TOI-3321",3.65251450000,15.55806521,176.07693748,5850.00
"Kepler-209 c","Kepler-209",41.74988200000,3.10000000,,5513.00
"ups Leo b","ups Leo",385.20000000000,,162.09248757,4836.00
"TOI-406.01","TOI-406",13.17568200000,2.08000000,6.57000000,3392.00
"Kepler-20 d","Kepler-20",77.61145500000,2.60600000,13.40000000,5495.00
"NGTS-8 b","NGTS-8",2.49970000000,12.21781000,295.58190000,5241.00
"OGLE-2016-BLG-1195L b","OGLE-2016-BLG-1195L",,,1.43000000,
"Kepler-1070 b","Kepler-1070",6.22161470000,1.73000000,,6261.00
"mu2 Sco b","mu2 Sco",,,4576.72906080,21700.00
"TIC 161045582 b","TIC 161045582",8.85577189959,2.24566738,,5683.87
"Kepler-53 d","Kepler-53",9.75196200000,2.12000000,,6085.00
"KMT-2016-BLG-1105L b","KMT-2016-BLG-1105L",,,2.32000000,
"Kepler-382 b","Kepler-382",5.26215500000,1.32000000,,5600.00
"HD 190360 c","HD 190360",17.11625000000,,26.20000000,5560.00
"Kepler-1309 b","Kepler-1309",28.84326470000,2.37000000,,5235.00
"Kepler-603 c","Kepler-603",127.90757740000,6.50000000,,5808.00
"Kepler-946 b","Kepler-946",11.79162572000,1.93000000,,5665.00
"TOI-5678 b","TOI-5678",47.73022000000,4.91000000,20.00000000,5485.00
"Kepler-77 b","Kepler-77",3.57878087000,10.76100000,136.66100000,5520.00
"BD-06 1339 b","BD-06 1339",3.87280000000,,8.50000000,4324.00
"Kepler-385 c","Kepler-385",15.16316100000,3.04000000,,6326.00
"Kepler-272 d","Kepler-272",10.93730400000,2.25000000,,5297.00
"Kepler-1564 b","Kepler-1564",18.05403810000,1.47000000,,5528.00
"CT Cha b","CT Cha",,24.66000000,5403.00000000,
"WASP-13 b","WASP-13",4.35301000000,13.67498000,114.41880000,5950.00
"Kepler-659 b","Kepler-659",17.67179600000,2.50000000,,4870.00
"Kepler-117 b","Kepler-117",18.79592280000,8.05900000,29.87500000,6150.00
"HD 47366 b","HD 47366",360.08000000000,,661.71874337,4866.00
"Kepler-134 b","Kepler-134",5.31742900000,2.00000000,,5983.00
"14 And b","14 And",186.76000000000,,1131.15130051,4888.00
"Kepler-1744 b","Kepler-1744",37.10110092000,3.76754004,,5986.00
"TOI-1811 b","TOI-1811",3.71307650000,11.14172682,308.92921160,4766.00
"Kepler-1182 b","Kepler-1182",11.17394617000,2.41000000,,5924.00
"TOI-5734 b","TOI-5734",6.18418760000,2.10000000,9.10000000,4750.00
"Kepler-384 b","Kepler-384",22.59705300000,1.12000000,,5577.00
"Kepler-1317 b","Kepler-1317",0.56887442700,1.56000000,,5144.00
"HD 224018 c","HD 224018",36.57669000000,2.42000000,10.40000000,5784.00
"Kepler-157 b","Kepler-157",1.73234200000,1.32000000,,5774.00
"WASP-62 b","WASP-62",4.41195000000,14.79588000,165.27160000,6230.00
"TOI-1855 b","TOI-1855",1.36414864000,18.49481816,360.09958513,5359.00
"K2-172 c","K2-172",29.62682000000,3.20569097,,5569.00
"WASP-102 b","WASP-102",2.70981300000,14.90794433,197.68926915,5990.00
"EPIC 212499991 b","EPIC 212499991",34.88500000000,1.60000000,,
"Kepler-736 b","Kepler-736",3.60147201000,2.93000000,,5217.00
"K2-253 b","K2-253",4.00167000000,12.67000000,,6027.00
"Kepler-1472 b","Kepler-1472",38.13128310000,1.90000000,,6159.00
"K2-264 c","K2-264",19.66030200000,2.66800000,,3660.00
"TOI-4588 b","TOI-4588",13.11881173651,2.92922558,,7746.12
"WASP-70 A b","WASP-70 A",3.71302030000,13.04700000,187.51200000,5763.00
"Kepler-783 b","Kepler-783",4.29264638000,0.78000000,,5521.00
"Kepler-351 b","Kepler-351",37.05491900000,3.06000000,,5643.00
"Kepler-1640 b","Kepler-1640",7.58441260000,4.82000000,,6324.00
"OGLE-2006-BLG-284L A b","OGLE-2006-BLG-284L A",,,144.00000000,
"Kepler-1611 b","Kepler-1611",5.17624290000,0.81000000,,5605.00
"KMT-2022-BLG-1790L b","KMT-2022-BLG-1790L",,,549.84314411,
"TOI-512 b","TOI-512",7.18886000000,1.54000000,3.57000000,5277.00
"Kepler-1530 c","Kepler-1530",5.32274060000,1.65000000,,5477.00
"Kepler-1387 b","Kepler-1387",2.27952665600,0.93000000,,5046.00
"Kepler-968 c","Kepler-968",5.70940491800,1.69000000,,4598.00
"Kepler-342 d","Kepler-342",39.45935700000,2.49000000,,6175.00
"alf Ari b","alf Ari",380.80000000000,,572.07000000,4553.00
"GJ 876 d","GJ 876",1.93778000000,,6.83000000,
"GJ 3779 b","GJ 3779",3.02320000000,,8.00000000,3324.00
"TOI-6699 b","TOI-6699",5.32005926761,2.32645266,,4705.10
"KELT-16 b","KELT-16",0.96899510000,15.86073500,874.03250000,6236.00
"K2-384 c","K2-384",4.19476600000,1.19100000,,3623.00
"Kepler-1229 b","Kepler-1229",86.82898900000,1.40000000,,3784.00
"Kepler-722 c","Kepler-722",105.14474900000,2.82000000,,5863.00
"TOI-1444 b","TOI-1444",0.47027430000,1.41792246,3.58000000,5460.00
"TOI-908 b","TOI-908",3.18379200000,3.18600000,16.13700000,5626.00
"K2-80 c","K2-80",5.60500000000,1.47000000,,5441.00
"Kepler-220 e","Kepler-220",45.90273300000,1.33000000,,4632.00
"Kepler-1106 b","Kepler-1106",1.25275217400,1.65000000,,6104.00
"TOI-4379 b","TOI-4379",3.25352000000,16.69017226,353.74301699,6020.00
"Kepler-162 b","Kepler-162",6.91979800000,1.26000000,,5816.00
"K2-191 b","K2-191",2.85864600000,1.57889322,,5176.00
"Kepler-1826 b","Kepler-1826",1.61536002200,1.47519116,,3821.00
"HD 153950 b","HD 153950",499.39999000000,,937.59850000,6124.00
"Kepler-1161 b","Kepler-1161",10.71252541000,2.13000000,,4253.00
"Kepler-294 b","Kepler-294",3.70121200000,1.77000000,,5913.00
"K2-133 c","K2-133",4.86784000000,1.60300000,,3655.00
"TOI-2147 b","TOI-2147",26.20518000000,10.50000000,116.00000000,5983.00
"WASP-35 b","WASP-35",3.16158000000,14.57170000,225.65930000,5990.00
"FU Tau b","FU Tau",,,5085.28000000,2838.00
"WASP-132 d","WASP-132",1816.60000000000,,1639.99458012,4686.00
"HD 74156 b","HD 74156",51.63564000000,,532.36258173,
"Kepler-1607 b","Kepler-1607",13.64736760000,0.92000000,,6116.00
"HD 22781 b","HD 22781",528.07000000000,,4338.20000000,5027.00
"HD 65216 c","HD 65216",5370.00000000000,,645.19490000,5612.00
"EPIC 220674823 b","EPIC 220674823",0.57130782000,1.60600000,7.54000000,5578.00
"TOI-1846 b","TOI-1846",3.93067370000,1.79200000,,3568.00
"TOI-2141 c","TOI-2141",5.46240000000,,6.14000000,5635.00
"K2-138 c","K2-138",3.56004000000,2.29900000,6.31000000,5356.30
"Kepler-1737 b","Kepler-1737",64.61750031000,5.39500000,,5043.00
"HATS-39 b","HATS-39",4.57763480000,17.59813000,200.23290000,6572.00
"Kepler-320 c","Kepler-320",17.93493700000,1.37000000,,6435.00
"NGTS-39 b","NGTS-39",58.20472000000,12.19537100,466.25427307,6053.00
"HD 79498 b","HD 79498",1807.00000000000,,425.89220000,5748.00
"Kepler-1574 b","Kepler-1574",6.94243340000,1.29000000,,5892.00
"K2-285 b","K2-285",3.47174500000,2.59000000,9.68000000,4975.00
"HD 216770 b","HD 216770",118.45000000000,,181.16310000,5399.00
"Kepler-693 b","Kepler-693",15.37563332000,10.18000000,,4881.00
"Kepler-84 e","Kepler-84",27.43438900000,2.60000000,,6031.00
"Kepler-1206 b","Kepler-1206",1.21699766300,1.64000000,,4877.00
"TOI-1466 b","TOI-1466",1.87190602231,2.46741991,,4435.39
"Kepler-1901 b","Kepler-1901",3.48412990600,1.47418907,,5696.00
"Kepler-891 b","Kepler-891",53.44945593000,6.41000000,,5887.00
"TOI-4405 b","TOI-4405",5.92143995316,2.55505441,,4467.38
"KMT-2024-BLG-2242L b","KMT-2024-BLG-2242L",,,13.98444991,
"Kepler-1675 b","Kepler-1675",63.03820000000,3.12483349,,5853.19
"Kepler-319 b","Kepler-319",4.36270500000,1.63000000,,5526.00
"HD 219077 b","HD 219077",5478.68861000000,,3057.50927534,
"Kepler-256 b","Kepler-256",1.62049300000,1.59000000,,5551.00
"HD 204941 b","HD 204941",1733.00000000000,,73.10090000,5026.00
"Kepler-1627 b","Kepler-1627",7.20283653000,3.69000000,,5445.00
"Kepler-482 b","Kepler-482",56.35418576000,2.36000000,,4871.00
"Kepler-709 b","Kepler-709",16.08524954000,2.92000000,,5071.00
"HD 38529 c","HD 38529",2127.60566000000,,3299.05886466,
"DMPP-4 b","DMPP-4",3.49820000000,,12.20000000,6400.00
"Kepler-299 c","Kepler-299",6.88587500000,2.65000000,,5617.00
"Kepler-234 c","Kepler-234",7.21205000000,3.51000000,,6224.00
"TIC 320419023 b","TIC 320419023",5.26375651589,2.77280763,,5703.36
"HD 45184 c","HD 45184",13.13540000000,,8.81000000,5869.00
"Kepler-79 e","Kepler-79",81.06650000000,3.53000000,3.80000000,6389.00
"Kepler-11 d","Kepler-11",22.68450000000,3.12000000,7.30000000,5663.00
"Kepler-884 b","Kepler-884",5.69919514000,1.23000000,,5715.00
"TOI-1839 c","TOI-1839",4.02393854207,2.40867246,,5315.91
"K2-187 b","K2-187",0.77401000000,1.20000000,,5438.00
"K2-8 c","K2-8",5.06416000000,2.41000000,,4870.00
"Kepler-747 b","Kepler-747",35.61760587000,5.27000000,,5096.00
"HIP 109600 b","HIP 109600",232.08000000000,,851.78440000,5530.00
"GJ 9404 b","GJ 9404",13.45860000000,,11.90000000,
"Kepler-23 b","Kepler-23",7.10000000000,1.63800000,2.56000000,5828.00
"WASP-159 b","WASP-159",3.84040100000,15.46842000,174.80650000,6120.00
"TOI-2886 b","TOI-2886",1.60200105000,18.64053490,444.95976980,6240.00
"GJ 9773 b","GJ 9773",2965.00000000000,,172.58082500,3528.00
"HD 73526 c","HD 73526",379.10000000000,,715.09000000,
"OGLE-TR-182 b","OGLE-TR-182",3.97910000000,12.66600000,320.99500000,5924.00
"Kepler-832 b","Kepler-832",7.13969410000,2.06000000,,5596.00
"K2-245 b","K2-245",11.89307000000,4.34000000,,5793.00
"Kepler-859 b","Kepler-859",20.38177573000,3.09000000,,5020.00
"KELT-14 b","KELT-14",1.71005660000,19.53728700,408.09372000,5720.00
"Kepler-1160 b","Kepler-1160",7.97034958000,2.14000000,,5519.00
"TOI-1238 c","TOI-1238",3.29473600000,2.11000000,8.32000000,4089.00
"Kepler-599 b","Kepler-599",15.65562652000,2.84000000,,5127.00
"Kepler-218 c","Kepler-218",44.69957600000,3.14000000,,5502.00
"KMT-2021-BLG-1547L b","KMT-2021-BLG-1547L",,,467.20775829,
"Kepler-381 b","Kepler-381",5.62902100000,0.99000000,,6152.00
"HD 23127 b","HD 23127",1211.17000000000,,485.32641000,5843.00
"Kepler-712 c","Kepler-712",226.89047000000,4.85000000,,5148.00
"Kepler-128 c","Kepler-128",22.80000000000,1.52100000,3.38000000,6072.00
"TOI-1080 b","TOI-1080",3.96524820000,1.20000000,10.70000000,3065.00
"TOI-2379 b","TOI-2379",5.46938270000,11.72459381,1830.69162432,3707.00
"HD 178911 B b","HD 178911 B",71.48400000000,,2552.17490000,5588.00
"K2-200 b","K2-200",2.84988300000,1.36439870,,5233.00
"Kepler-1188 b","Kepler-1188",17.13695430000,2.08000000,,5913.00
"HD 155358 c","HD 155358",391.90000000000,,261.00000000,5900.00
"K2-21 b","K2-21",9.32503800000,1.84000000,,4222.06
"CI Tau c","CI Tau",25.20000000000,,1144.18226520,
"KOI-55 b","KOI-55",0.24010400000,0.75900000,0.44000000,27730.00
"K2-376 b","K2-376",5.77647500000,1.73600000,,5937.00
"HD 63433 d","HD 63433",4.20907500000,1.07300000,,5688.00
"Kepler-515 b","Kepler-515",19.96371318000,1.46000000,,5293.00
"Kepler-639 b","Kepler-639",10.21420496000,2.38000000,,5896.00
"WASP-141 b","WASP-141",3.31065100000,13.56289000,854.96270000,5900.00
"Kepler-203 c","Kepler-203",5.37064700000,2.47000000,,5821.00
"TOI-1052 c","TOI-1052",35.80600000000,,34.30000000,6146.00
"K2-5 c","K2-5",10.93241000000,2.26000000,,3930.00
"KOI-13 b","KOI-13",1.76358800000,16.94800800,2949.46240000,7650.00
"HATS-62 b","HATS-62",3.27688370000,11.82549500,56.89157000,5416.00
"Kepler-393 c","Kepler-393",14.61361200000,1.33000000,,6189.00
"IC 4651 9122 b","IC 4651 9122",734.00000000000,,2002.32900000,
"K2-239 b","K2-239",5.24000000000,1.10000000,,3420.00
"TOI-1408 b","TOI-1408",4.42587000000,25.00000000,593.00000000,6117.00
"TOI-5595 b","TOI-5595",5.99002553853,4.73740402,,4417.30
"Kepler-33 d","Kepler-33",21.77596000000,5.35000000,,5904.00
"Kepler-556 b","Kepler-556",11.72292176000,2.24000000,,5740.00
"Kepler-1798 b","Kepler-1798",16.85589981000,2.30911251,,3967.00
"KMT-2018-BLG-1743L b","KMT-2018-BLG-1743L",,,77.86795971,
"VHS J125601.92-125723.9 b","VHS J125601.92-125723.9",5800000.00000000000,13.67495645,5085.25451200,
"TOI-2071 b","TOI-2071",5.67395386982,2.56484195,,5755.41
"HD 145457 b","HD 145457",176.13000000000,,888.01256916,4757.00
"Kepler-166 c","Kepler-166",34.26028100000,2.38000000,,5413.00
"HAT-P-33 b","HAT-P-33",3.47447000000,20.73665000,292.40360000,6446.00
"K2-154 c","K2-154",7.95486000000,2.07000000,,4097.00
"Kepler-770 b","Kepler-770",18.92540274000,2.30000000,,5598.00
"WASP-54 b","WASP-54",3.69364000000,17.71022000,187.51970000,6100.00
"HAT-P-5 b","HAT-P-5",2.78849000000,13.56289000,311.47340000,5960.00
"TIC 77319217 b","TIC 77319217",7.54830765124,3.10879526,,5961.52
"Kepler-1980 b","Kepler-1980",33.02571790000,2.21000000,,5819.00
"TOI-1736 b","TOI-1736",7.07307600000,3.18175535,12.30000000,5636.00
"Kepler-1254 d","Kepler-1254",5.72717226000,1.31000000,,4985.00
"Kepler-1255 b","Kepler-1255",36.29193360000,2.32000000,,6018.00
"K2-158 c","K2-158",5.90279000000,1.28000000,,5503.00
"Kepler-869 b","Kepler-869",40.42877550000,3.61000000,,5664.00
"GJ 3512 b","GJ 3512",203.10900000000,,146.51889563,3141.00
"Kepler-563 b","Kepler-563",22.18432708000,3.09000000,,5066.00
"Kepler-150 c","Kepler-150",7.38199800000,3.69000000,,5560.00
"Kepler-586 b","Kepler-586",2.10472218400,2.79000000,,5575.00
"Kepler-698 b","Kepler-698",16.32976218000,3.68000000,,5612.00
"K2-29 b","K2-29",3.25883210000,13.33871000,232.01590000,5358.00
"MOA-bin-29 b","MOA-bin-29",,,190.00000000,
"Kepler-206 c","Kepler-206",13.13747100000,1.77000000,,5764.00
"HD 31527 b","HD 31527",16.55350000000,,10.47000000,5898.00
"Kepler-450 c","Kepler-450",15.41313500000,2.62000000,,6197.21
"TOI-2015 b","TOI-2015",3.34823700000,3.30900000,9.20000000,3297.00
"Kepler-913 c","Kepler-913",5.93911981600,3.85807090,,6068.00
"K2-52 b","K2-52",3.53505500000,18.00000000,,7147.00
"HD 38283 b","HD 38283",363.20001000000,,127.13200000,5981.00
"TOI-5624 b","TOI-5624",3.39034730000,2.31400000,9.40000000,5327.00
"KMT-2019-BLG-1042L b","KMT-2019-BLG-1042L",,,60.38739733,
"TOI-6054.01","TOI-6054",7.50142800000,2.64000000,12.50000000,6047.00
"XO-1 b","XO-1",3.94153000000,12.77826000,263.79890000,5750.00
"4 UMa b","4 UMa",270.27000000000,,2511.48007211,4415.00
"Kepler-1932 b","Kepler-1932",0.52417701500,1.51482218,,5278.00
"HD 208487 b","HD 208487",129.36000000000,,146.20106722,6134.00
"Kepler-202 c","Kepler-202",16.28249300000,1.85000000,,4668.00
"Kepler-341 d","Kepler-341",27.66631300000,1.85000000,,6012.00
"Kepler-48 f","Kepler-48",5219.68185400000,,298.58099680,
"K2-274 b","K2-274",14.13303140000,2.08000000,,5044.00
"Kepler-1340 b","Kepler-1340",0.66502691600,1.55000000,,6331.00
"GJ 1061 b","GJ 1061",3.20730000000,,1.11000000,2953.00
"GU Psc b","GU Psc",,14.17900000,3591.30000000,
"TOI-2796 b","TOI-2796",4.80849830000,17.26183028,139.84449908,5764.00
"KMT-2016-BLG-2364L b","KMT-2016-BLG-2364L",,,1250.00000000,
"AF Lep b","AF Lep",8905.00000000000,,1147.36054927,
"Kepler-159 b","Kepler-159",10.13962300000,2.38000000,,4625.00
"HIP 54597 b","HIP 54597",3274.00000000000,,762.78817680,
"HD 149806 b","HD 149806",16521.52778000000,,4003.68444298,
"Kepler-901 b","Kepler-901",3.51749439400,1.37000000,,4184.00
"Kepler-1712 b","Kepler-1712",13.81499958000,2.28372556,,3732.00
"OGLE-2017-BLG-0364L b","OGLE-2017-BLG-0364L",,,75.80000000,
"TIC 139270665 c","TIC 139270665",1010.00000000000,,1554.18091023,5844.00
"TOI-712 b","TOI-712",9.53136100000,2.04900000,,4622.00
"Kepler-568 b","Kepler-568",11.02347475000,2.26000000,,3768.00
"Kepler-1147 b","Kepler-1147",10.62784997000,2.61000000,,5941.00
"Kepler-1572 b","Kepler-1572",5.49548621000,0.94000000,,5618.00
"HAT-P-3 b","HAT-P-3",2.89970000000,10.53646000,206.58950000,5185.00
"Kepler-383 c","Kepler-383",31.20075100000,1.24000000,,4710.00
"Kepler-1700 b","Kepler-1700",234.23900000000,2.90129941,,6031.00
"Kepler-1322 b","Kepler-1322",0.96286738200,1.61000000,,5488.00
"TOI-2133 b","TOI-2133",3.82664720000,2.37000000,,4250.00
"KOI-351 c","KOI-351",8.71937500000,1.19000000,,6080.00
"Kepler-614 b","Kepler-614",14.03491514000,2.39000000,,5268.00
"Kepler-281 c","Kepler-281",36.33737300000,5.31000000,,5723.00
"OGLE-2005-BLG-071L b","OGLE-2005-BLG-071L",,,1200.00000000,
"Kepler-221 c","Kepler-221",5.69058600000,2.93000000,,5243.00
"Kepler-627 b","Kepler-627",40.69944430000,3.73000000,,6424.00
"Kepler-1140 b","Kepler-1140",24.08627070000,2.77000000,,4850.00
"Kepler-1884 b","Kepler-1884",8.98832035100,1.81406781,,5984.00
"Kepler-1653 b","Kepler-1653",140.25240000000,2.17000000,,4807.00
"Gl 378 b","Gl 378",3.82200000000,,13.02000000,3879.00
"HIP 57274 c","HIP 57274",32.03000000000,,130.00000000,4640.00
"ups And c","ups And",241.25800000000,,629.59500000,
"Kepler-244 c","Kepler-244",9.76729200000,2.05000000,,5554.00
"Kepler-1631 b","Kepler-1631",4.09513932000,1.35000000,,5679.00
"Kepler-1034 b","Kepler-1034",12.12400943000,2.26000000,,5198.00
"Kepler-143 b","Kepler-143",16.00758300000,2.41000000,,5848.00
"HD 142415 b","HD 142415",386.29999000000,,530.77610000,5940.00
"HD 169830 b","HD 169830",225.67372000000,,804.42369812,
"Kepler-921 b","Kepler-921",51.30063400000,2.87000000,,5663.00
"Kepler-333 c","Kepler-333",24.08821000000,1.11000000,,4259.00
"Kepler-402 b","Kepler-402",4.02875100000,1.22000000,,6090.00
"Kepler-670 b","Kepler-670",2.81650485200,13.18000000,,5709.00
"Kepler-758 e","Kepler-758",8.19347190000,1.53000000,,6228.00
"K2-412 b","K2-412",5.93820000000,2.11600000,,5590.00
"Kepler-311 b","Kepler-311",9.17609200000,1.70000000,,5905.00
"Kepler-1297 b","Kepler-1297",1.68189002000,0.97000000,,5818.00
"HD 145675 c","14 Her",,,2510.84441530,
"TOI-2093 c","TOI-2093",53.81149000000,2.30000000,15.80000000,4426.00
"K2-334 b","K2-334",5.11398100000,5.65000000,,6502.00
"HD 4313 b","HD 4313",356.21000000000,,612.45841000,4943.00
"Kepler-424 c","Kepler-424",223.30000000000,,2215.18000000,5460.00
"Kepler-1628 b","Kepler-1628",76.37803300000,6.43000000,,3724.00
"Kepler-230 b","Kepler-230",32.62555500000,4.26000000,,5588.00
"GJ 3942 b","GJ 3942",6.90500000000,,7.14000000,3867.00
"Kepler-1660 AB b","Kepler-1660 A",239.50440000000,,1586.59940774,
"Kepler-382 c","Kepler-382",12.16270100000,1.59000000,,5600.00
"HD 5388 b","HD 5388",772.50000000000,,1017.05090240,6297.00
"mu Leo b","mu Leo",357.80000000000,,762.80000000,4538.20
"Kepler-607 b","Kepler-607",0.63816320400,0.87000000,,5196.00
"Kepler-1839 b","Kepler-1839",5.05675983400,1.94937590,,5926.00
"HD 12661 c","HD 12661",1708.00000000000,,575.88400000,5748.00
"HD 45652 b","HD 45652",44.07300000000,,137.62039000,5294.00
"TOI-2567 b","TOI-2567",5.98394400000,10.92875618,63.88350981,5611.00
"HD 211970 b","HD 211970",25.20100000000,,13.00000000,4127.00
"HD 48265 b","HD 48265",778.51000000000,,484.69075000,5733.00
"TOI-5232 b","TOI-5232",4.09666920000,12.77823800,743.71847238,6500.00
"Kepler-1959 b","Kepler-1959",6.38669014000,1.14315727,,5071.00
"Kepler-949 c","Kepler-949",20.99757968000,2.97000000,,5211.00
"Kepler-367 c","Kepler-367",53.57863700000,1.20000000,,4710.00
"K2-315 b","K2-315",3.14431890000,0.95000000,,3300.00
"Kepler-1549 b","Kepler-1549",214.88654500000,2.57000000,,5324.00
"HD 86264 b","HD 86264",1488.79123000000,,3117.26101586,
"WASP-104 b","WASP-104",1.75541370000,12.74500000,404.26300000,5475.00
"KIC 10001893 c","KIC 10001893",0.32528000000,,,27500.00
"TOI-833 b","TOI-833",1.04187770000,1.27000000,,3920.00
"KMT-2017-BLG-0165L b","KMT-2017-BLG-0165L",,,34.00000000,
"TOI-5728 b","TOI-5728",11.49761000000,1.31000000,,3419.00
"Kepler-814 b","Kepler-814",6.14698510000,2.12000000,,6162.00
"Kepler-1894 c","Kepler-1894",5.05368985000,1.21000000,,5772.00
"HD 211810 b","HD 211810",1558.00000000000,,212.94610000,5652.00
"KMT-2024-BLG-2087L b","KMT-2024-BLG-2087L",,,1395.26670673,
"Kepler-102 c","Kepler-102",7.07139200000,0.56700000,1.70000000,4909.00
"K2-37 d","K2-37",14.09229000000,2.31000000,12.50000000,5352.00
"Kepler-252 b","Kepler-252",6.66839100000,1.23000000,,4208.00
"Kepler-17 b","Kepler-17",1.48571080000,14.68000000,778.65000000,5781.00
"Kepler-163 b","Kepler-163",7.81093700000,1.05000000,,5776.00
"Kepler-1162 c","Kepler-1162",59.28406400000,1.81000000,,5225.00
"HR 8799 e","HR 8799",,13.11453000,3178.30000000,7400.00
"DMPP-2 b","DMPP-2",5.20300000000,,171.48000000,
"HD 136925 b","HD 136925",4540.00000000000,,266.97586188,5773.19
"K2-61 b","K2-61",2.57336000000,1.92000000,,5748.00
"KOINTREAU-3 b","ISO-Oph 96",,,1080.61658380,3920.00
"TOI-1453 b","TOI-1453",4.31352250000,1.17300000,2.32000000,4975.00
"Kepler-1841 b","Kepler-1841",25.88599968000,1.48912557,,5190.00
"Kepler-1972 c","Kepler-1972",11.32950000000,0.86800000,2.11000000,5818.00
"K2-10 b","K2-10",19.30553000000,3.77300000,25.20000000,5533.00
"Kepler-1789 b","Kepler-1789",80.23190308000,2.83137505,,5436.00
"Kepler-308 b","Kepler-308",9.69492800000,2.12000000,,5895.00
"Kepler-636 b","Kepler-636",16.08066114700,4.45000000,,5203.00
"GJ 4274 c","GJ 4274",69.57000000000,,8.39000000,3228.00
"TOI-3082 b","TOI-3082",1.92690700000,3.66210000,,4263.00
"Barnard b","Barnard's star",3.15420000000,,0.29900000,3195.00
"MOA-bin-1L b","MOA-bin-1L",,,1200.00000000,
"HD 155358 b","HD 155358",194.30000000000,,314.65170000,5905.00
"Kepler-1928 b","Kepler-1928",19.57783000000,1.99200000,,5720.00
"HR 8799 b","HR 8799",170000.00000000000,13.00000000,2000.00000000,
"Kepler-141 b","Kepler-141",3.10767500000,0.69000000,,4910.00
"Kepler-1927 b","Kepler-1927",73.75039673000,3.40627075,,6056.00
"Kepler-265 d","Kepler-265",43.13061700000,2.49000000,,5835.00
"Kepler-619 b","Kepler-619",5.40427219700,3.16000000,,5980.00
"WASP-36 b","WASP-36",1.53736596000,14.87434300,750.39663000,5959.00
"HD 126105 b","HD 126105",524.00000000000,,530.77343969,4875.00
"K2-281 b","K2-281",8.68772100000,8.18000000,,4812.00
"Kepler-983 b","Kepler-983",60.08550820000,2.36000000,,6052.00
"Kepler-1790 b","Kepler-1790",31.58889961000,3.14461450,,5866.00
"Kepler-230 c","Kepler-230",91.77324200000,2.04000000,,5588.00
"Kepler-164 e","Kepler-164",94.88690200000,4.24000000,,5888.00
"Kepler-461 b","Kepler-461",8.31378305900,2.58000000,,5634.00
"TOI-4794 b","TOI-4794",3.56581160000,14.35870428,308.29355479,6390.00
"WASP-167 b","WASP-167",2.02195960000,17.71022000,2542.64000000,7000.00
"TOI-157 b","TOI-157",2.08454350000,14.41477400,375.03940000,5404.00
"K2-115 b","K2-115",20.27299140000,11.80305668,321.00669107,5870.00
"Kepler-223 e","Kepler-223",19.72567000000,4.60000000,4.80000000,
"HD 73344 b","HD 73344",15.61100000000,2.88400000,10.48000000,6252.60
"61 Vir d","61 Vir",123.01000000000,,22.90000000,5577.00
"HD 164922 d","HD 164922",12.45800000000,,4.00000000,5390.00
"HD 99109 b","HD 99109",439.29999000000,,139.84520000,5282.00
"Kepler-118 b","Kepler-118",7.51849600000,1.96000000,,5274.00
"Kepler-50 c","Kepler-50",9.37647000000,2.17000000,,6225.00
"TOI-4156 c","TOI-4156",12.82282706375,2.92303762,,5971.64
"Kepler-1993 b","Kepler-1993",26.65657370000,4.15000000,,5159.00
"K2-390 b","K2-390",3.31279200000,4.66200000,,5558.00
"Kepler-741 b","Kepler-741",7.03902374000,2.97000000,,6129.00
"HD 133131 A b","HD 133131 A",649.00000000000,,451.31860000,5799.00
"G 9-40 b","G 9-40",5.74599820000,1.90000000,4.00000000,3395.00
"Kepler-160 c","Kepler-160",13.69942900000,3.76000000,,5471.00
"K2-31 b","K2-31",1.25785000000,11.88154000,563.83042000,5280.00
"Kepler-114 b","Kepler-114",5.18854900000,1.26000000,,4605.00
"Kepler-1143 b","Kepler-1143",2.88890484900,1.67000000,,5053.00
"Kepler-1129 c","Kepler-1129",76.53695860000,2.73000000,,5831.00
"HR 8799 d","HR 8799",37000.00000000000,13.00000000,3000.00000000,
"Kepler-1073 b","Kepler-1073",8.67888593000,2.30000000,,5792.00
"Kepler-1966 b","Kepler-1966",8.61742973300,1.10479327,,5009.00
"Kepler-58 d","Kepler-58",40.10137100000,2.94000000,,6099.00
"Kepler-62 d","Kepler-62",18.16406000000,1.95000000,14.00000000,4925.00
"Kepler-1866 b","Kepler-1866",11.66009998000,2.08215108,,5791.00
"BD+20 2457 b","BD+20 2457",379.63000000000,,6807.63000000,4137.00
"Kepler-353 b","Kepler-353",5.79527800000,0.89000000,,3903.00
"Kepler-1506 b","Kepler-1506",14.03291540000,1.32000000,,5676.00
"K2-340 b","K2-340",29.74045100000,3.36000000,,5532.00
"KIC 3558849 b","KIC 3558849",1322.30000000000,6.90000000,,6175.00
"TOI-2211.01","TOI-2211",3.09268675700,1.56100000,,5253.00
"Kepler-1786 b","Kepler-1786",78.54609680000,3.16305828,,5808.00
"Kepler-973 b","Kepler-973",49.60773310000,1.96000000,,5213.00
"MOA-2019-BLG-008L b","MOA-2019-BLG-008L",,,5720.91132600,
"Kepler-333 b","Kepler-333",12.55115800000,1.32000000,,4259.00
"HD 2952 b","HD 2952",312.08000000000,,284.77425267,4853.00
"Kepler-35 b","Kepler-35",131.45800000000,8.16000000,40.36300000,5606.00
"TOI-5573 b","TOI-5573",8.79758977000,9.75000000,112.00000000,3790.00
"2MASS J22362452+4751425 b","2MASS J22362452+4751425",,,3972.87500000,4045.00
"GJ 1002 c","GJ 1002",21.20200000000,,1.36000000,3024.00
"Kepler-1668 b","Kepler-1668",15.43400000000,4.34764405,,5542.00
"Kepler-1795 b","Kepler-1795",13.36019993000,1.66301611,,4500.00
"Kepler-1720 b","Kepler-1720",12.70639992000,3.21585295,,5573.00
"HD 33844 b","HD 33844",551.40002000000,,638.83830000,4861.00
"KMT-2025-BLG-1616L b","KMT-2025-BLG-1616L",,,42.32000000,
"HD 32518 b","HD 32518",157.35000000000,,905.49313154,4580.00
"Kepler-1830 b","Kepler-1830",56.49330139000,3.32992941,,6160.00
"HD 65216 b","HD 65216",577.60000000000,,411.58985000,5612.00
"HAT-P-28 b","HAT-P-28",3.25721500000,13.58500000,198.95300000,5680.00
"K2-160 b","K2-160",3.70587100000,3.17824034,,5649.00
"Kepler-296 d","Kepler-296",19.85029100000,2.09000000,,3740.00
"Kepler-501 c","Kepler-501",3.62276005700,1.68119739,,5794.00
"HAT-P-66 b","HAT-P-66",2.97208600000,17.82231000,248.86089000,6002.00
"Kepler-1708 b","Kepler-1708",737.11310000000,9.96000000,1462.01067220,6157.00
"GJ 480 b","GJ 480",9.55360000000,,8.80000000,3509.00
"HD 102956 b","HD 102956",6.49470000000,,305.11680000,4985.00
"Kepler-1394 b","Kepler-1394",3.93766373000,1.39000000,,6481.00
"Kepler-1220 b","Kepler-1220",7.42693741000,1.52000000,,5842.00
"HATS-49 b","HATS-49",4.14804670000,8.57488500,112.19399000,4405.00
"Kepler-7 b","Kepler-7",4.88548920000,18.18099800,140.16303000,5933.00
"HD 135872 b","HD 135872",2422.32597000000,,1744.56012602,
"Kepler-658 b","Kepler-658",1.28707676200,1.63000000,,4103.00
"GJ 667 C e","GJ 667 C",62.24000000000,,2.70000000,3350.00
"Kepler-56 c","Kepler-56",21.40239000000,9.80000000,181.00000000,4840.00
"Kepler-637 b","Kepler-637",23.20584623000,4.75000000,,6096.00
"Kepler-1440 b","Kepler-1440",39.85948400000,1.26000000,,5698.00
"Kepler-1649 b","Kepler-1649",8.68909900000,1.01700000,,3240.00
"Kepler-481 b","Kepler-481",10.06082567000,2.50000000,,5802.00
"Kepler-1257 b","Kepler-1257",2.66831376200,1.52000000,,5502.00
"Kepler-1796 b","Kepler-1796",29.45579910000,2.75047868,,6036.00
"Kepler-1831 b","Kepler-1831",5.78387022000,1.97019818,,6063.00
"GJ 422 b","GJ 422",20.12900000000,,11.07000000,
"K2-148 b","K2-148",4.38395000000,1.33000000,,4079.00
"K2-316 c","K2-316",5.26000000000,1.83000000,,3436.00
"KMT-2019-BLG-0414L b","KMT-2019-BLG-0414L",,,1452.47581999,
"TOI-2094 b","TOI-2094",18.79319300000,1.90000000,,3435.00
"2MASS J19383260+4603591 b","2MASS J19383260+4603591",406.00000000000,,591.16083702,29564.00
"Kepler-799 c","Kepler-799",15.19419956000,2.78068551,,5588.00
"Kepler-110 c","Kepler-110",31.71977500000,2.21000000,,5960.00
"GJ 849 b","GJ 849",1925.31000000000,,283.82076745,3467.00
"Kepler-92 d","Kepler-92",49.35680000000,2.06700000,,5904.34
"K2-247 c","K2-247",6.49424000000,2.19000000,,4667.00
"KELT-3 b","KELT-3",2.70339000000,17.48604000,616.59020000,6304.00
"HATS-16 b","HATS-16",2.68650200000,14.57170000,1039.30410000,5738.00
"HD 137496 b","HD 137496",1.62116000000,1.31000000,4.04000000,5799.00
"Kepler-224 b","Kepler-224",3.13292400000,1.39000000,,5018.00
"Kepler-526 b","Kepler-526",5.45849831600,1.99000000,,5894.00
"Kepler-331 c","Kepler-331",17.28111000000,1.84000000,,4347.00
"CFHTWIR-Oph 98 b","CFHTWIR-Oph 98 A",8040000.00000000000,20.84870410,2479.06157460,2320.00
"Kepler-1989 b","Kepler-1989",10.16102352800,4.62000000,,6032.00
"Kepler-1741 b","Kepler-1741",2.75759005500,1.27300000,,3683.00
"Kepler-50 b","Kepler-50",7.81254000000,1.71000000,,6225.00
"WISEP J121756.91+162640.2 A b","WISEP J121756.91+162640.2 A",,10.46800000,6992.00000000,575.00
"TOI-1269 b","TOI-1269",4.25299130000,2.40144286,6.40000000,5499.00
"Kepler-1089 b","Kepler-1089",5.13248561800,1.83000000,,3753.00
"K2-285 e","K2-285",14.76289000000,1.95000000,10.70000000,4975.00
"Kepler-1588 b","Kepler-1588",7.84931739000,0.76000000,,5817.00
"Kepler-945 b","Kepler-945",31.00338140000,2.63000000,,5718.00
"Kepler-1103 b","Kepler-1103",19.79191978000,2.27000000,,6092.00
"Kepler-339 d","Kepler-339",10.55834500000,1.17000000,,5631.00
"KMT-2022-BLG-1818L b","KMT-2022-BLG-1818L",,,1271.31362800,
"Kepler-1848 b","Kepler-1848",5.60402011900,1.40885390,,4847.00
"Qatar-10 b","Qatar-10",1.64532100000,17.29548700,233.92288000,6124.00
"Kepler-1805 b","Kepler-1805",8.84794044500,1.54502915,,3867.00
"HD 60292 b","HD 60292",495.40000000000,,2065.89500000,4348.00
"K2-182 b","K2-182",4.73696960000,2.71257333,20.97667486,5128.00
"Kepler-140 c","Kepler-140",91.35328200000,1.80000000,,6077.00
"61 Vir b","61 Vir",4.21500000000,,5.10000000,5577.00
"Kepler-1109 b","Kepler-1109",37.64673840000,2.19000000,,5893.00
"OGLE-2013-BLG-0341L B b","OGLE-2013-BLG-0341L B",,,1.66000000,
"K2-285 d","K2-285",10.45582000000,2.48000000,6.50000000,4975.00
"Kepler-818 b","Kepler-818",10.03538581400,5.11000000,,5638.00
"HD 213885 b","HD 213885",1.00803500000,1.74500000,8.83000000,5978.00
"Pr0201 b","Pr0201",4.42640000000,,171.62820000,6174.00
"Kepler-665 b","Kepler-665",16.01310205000,2.60000000,,4913.00
"K2-238 b","K2-238",3.20466000000,14.57170000,273.33380000,5630.00
"GJ 3323 b","GJ 3323",5.36360000000,,2.02000000,3159.00
"WASP-81 b","WASP-81",2.71647620000,16.01766100,231.69807000,5870.00
"K2-138 e","K2-138",8.26146000000,3.39000000,12.97000000,5356.30
"TIC 188624430 b","TIC 188624430",6.21860433132,3.64811843,,5369.46
"HAT-P-50 b","HAT-P-50",3.12201090000,14.43719200,429.07050000,6280.00
"HD 92788 c","HD 92788",11611.29750000000,,1166.43610000,5744.00
"Kepler-1423 b","Kepler-1423",23.95537800000,1.06000000,,4939.00
"HD 37124 b","HD 37124",154.37800000000,,214.53525000,
"WASP-162 b","WASP-162",9.62468000000,11.20900000,1652.71600000,5300.00
"Kepler-949 b","Kepler-949",8.68930729600,2.91000000,,5403.00
"Kepler-293 b","Kepler-293",19.25419600000,3.07000000,,5804.00
"TOI-778 b","TOI-778",4.63361100000,15.40000000,878.00000000,6643.00
"Kepler-1525 b","Kepler-1525",2.41660118300,0.91000000,,5748.00
"HAT-P-49 b","HAT-P-49",2.69155000000,17.82231000,699.22600000,6820.00
"Kepler-1753 b","Kepler-1753",16.00460052000,2.22678077,,5180.00
"TOI-756 c","TOI-756",149.40000000000,,1287.20504835,3657.00
"Kepler-954 b","Kepler-954",16.78176602000,2.32000000,,4990.00
"Wolf 1061 d","Wolf 1061",217.21000000000,,7.70000000,3342.00
"WASP-14 b","WASP-14",2.24375000000,15.46842000,2809.61720000,6475.00
"WASP-100 b","WASP-100",2.84938000000,14.90797000,400.46580000,6900.00
"TOI-1448 b","TOI-1448",8.11224500000,2.74900000,19.50000000,3412.00
"Lupus-TR-3 b","Lupus-TR-3",3.91405000000,9.97600000,257.43100000,5000.00
"MOA-2011-BLG-262L b","MOA-2011-BLG-262L",,,17.00000000,
"K2-353 b","K2-353",15.46680500000,5.55000000,,5698.00
"TOI-2068 b","TOI-2068",7.76891500000,1.82100000,,3710.00
"HD 12648 b","HD 12648",133.60001000000,,622.94680000,4835.00
"HD 102888 b","HD 102888",252.06000000000,,1808.44363583,4990.00
"KOI-1783.02","KOI-1783",284.21500000000,5.44000000,15.00000000,5922.00
"HD 73583 c","HD 73583",18.87974000000,2.39000000,9.70000000,4511.00
"TOI-1696 b","TOI-1696",2.50031100000,3.09000000,48.80000000,3185.00
"Kepler-396 b","Kepler-396",42.99400000000,3.50000000,75.50000000,
"Kepler-602 b","Kepler-602",15.28469497000,2.09000000,,6062.00
"GJ 180 c","GJ 180",24.32900000000,,6.40000000,3371.00
"Kepler-113 c","Kepler-113",8.92507000000,2.18000000,8.70000000,4725.00
"Kepler-147 c","Kepler-147",33.41642300000,2.43000000,,6012.00
"HD 12235 b","HD 12235",4.36305000000,,10.48833743,
"HD 25912 b","HD 25912",41.83156000000,,38.13940884,
"KMT-2021-BLG-1105L b","KMT-2021-BLG-1105L",,,413.17692910,
"Kepler-867 b","Kepler-867",150.24212700000,4.64000000,,5541.00
"L 363-38 b","L 363-38",8.78100000000,,4.67000000,3129.00
"Kepler-139 f","Kepler-139",355.00000000000,,36.00000000,5630.00
"EPIC 206024342 b","EPIC 206024342",4.50756000000,1.70000000,,
"TOI-1224 b","TOI-1224",4.17827450000,2.10400000,,3326.00
"Kepler-1044 b","Kepler-1044",6.77408868000,2.67000000,,5985.00
"TYC 3667-1280-1 b","TYC 3667-1280-1",26.46800000000,,1716.28200000,5130.00
"Kepler-850 b","Kepler-850",7.19303878000,1.78000000,,5932.00
"HD 99706 b","HD 99706",841.00000000000,,390.93090000,4862.00
"TOI-2267 d","TOI-2267 B",2.03446710000,1.77000000,,
"TOI-1775 b","TOI-1775",10.24055490000,8.04728896,96.00000000,5284.00
"Kepler-298 d","Kepler-298",77.47363300000,2.50000000,,4465.00
"K2-233 b","K2-233",2.46758300000,1.31500000,2.40000000,4796.00
"EPIC 220492298 b","EPIC 220492298",0.76240600000,0.99000000,,5620.00
"pi Men d","HD 39091",124.64000000000,,13.38000000,5998.00
"K2-380 b","K2-380",9.40131200000,2.72900000,,5911.00
"K2-170 c","K2-170",12.40004700000,1.80176470,,5748.00
"TOI-1386 c","TOI-1386",232.00000000000,,75.20000000,5735.00
"Kepler-1262 b","Kepler-1262",8.67900242000,1.82000000,,5771.00
"MOA-2020-BLG-108L b","MOA-2020-BLG-108L",,,3391.22910269,
"TOI-7189 b","TOI-7189",2.89055000000,10.90000000,159.04000000,3775.00
"Gl 725 A b","Gl 725 A",11.22010000000,,2.78000000,3433.00
"HD 202206 b","HD 202206",256.26000000000,,6849.20217085,5764.23
"HIP 81991 b","HIP 81991",5860.00000000000,,3019.36986650,5100.00
"Gl 725 B c","Gl 725 B",37.90000000000,,3.40000000,3379.00
"TOI-7265 B b","TOI-7265 B",4.17232000000,10.70000000,224.95000000,3503.00
"TOI-4492 b","TOI-4492",4.43318240000,11.78063872,1881.54416944,5711.00
"OGLE-2014-BLG-0676L b","OGLE-2014-BLG-0676L",,,988.44634577,
"HD 202206 c","HD 202206",1299.22000000000,,982.08977763,5764.23
"TOI-603 b","TOI-603",16.17984600000,7.37000000,33.00000000,6027.00
"TOI-5806 b","TOI-5806",3.18563810000,15.13212395,721.47048389,6730.00
"TOI-5916 b","TOI-5916",2.36712341000,11.80000000,219.00000000,3541.00
"TOI-2406 b","TOI-2406",3.07668910000,2.86000000,15.60000000,3100.00
"TOI-7393 b","TOI-7393",3.33708000000,11.30000000,194.78000000,3927.00
"TOI-7169 b","TOI-7169",3.43731250000,16.53324653,130.30964687,5714.00
"TOI-2114 b","TOI-2114",6.20995900000,14.54925695,324.18497514,6400.00
"HD 80653 b","HD 80653",0.71957926000,1.62100000,5.61000000,5959.00
"K2-312 c","HD 80653",871.32000000000,,1681.31227303,5959.00
"TOI-762 A b","TOI-762 A",3.47168260000,8.33948164,79.77493016,3266.00
"HD 60779 b","HD 60779",29.98617500000,3.24600000,14.19000000,6081.00
"HD 60779 c","HD 60779",104.79000000000,,28.30000000,6081.00
"K2-24 b","K2-24",20.88959610000,5.63800000,20.60000000,5726.00
"K2-24 c","K2-24",42.34732000000,7.93000000,16.40000000,5726.00
"TOI-4438 b","TOI-4438",7.44629500000,2.40000000,4.11000000,3501.00
"LP 714-47 b","LP 714-47",4.05203200000,4.25000000,28.38000000,4123.00
"TOI-4504 b","TOI-4504",2.42615160000,2.65000000,140.00000000,
"TOI-4504 c","TOI-4504",82.81909300000,11.17000000,821.00000000,
"TOI-4504 d","TOI-4504",41.28719750000,11.26000000,643.00000000,
"TOI-1062 c","TOI-1062",7.97200000000,,9.78000000,5328.00
"MOA-2010-BLG-117L b","MOA-2010-BLG-117L",,,170.00000000,
"Kepler-1325 b","Kepler-1325",33.87868380000,2.86000000,,5550.00
"GJ 514 b","GJ 514",140.43000000000,,5.20000000,3728.00
"Kepler-402 e","Kepler-402",11.24286100000,1.46000000,,6090.00
"TOI-2981 b","TOI-2981",3.60150100000,13.40000000,638.00000000,5940.00
"Kepler-1710 b","Kepler-1710",14.91110039000,3.19744103,,5650.00
"TOI-1259 A b","TOI-1259 A",3.47797920000,11.60000000,141.00000000,
"TOI-1774.01","TOI-1774",16.70988000000,2.78000000,8.50000000,5746.00
"K2-249 b","K2-249",12.40900000000,2.79000000,,6504.00
"K2-368 b","K2-368",5.02559800000,1.33200000,,4663.00
"2MASS J03590986+2009361 b","2MASS J03590986+2009361",,,5720.91132600,
"Kepler-1663 b","Kepler-1663",17.60460000000,3.30395896,,3844.00
"K2-219 c","K2-219",6.66767000000,1.43839723,,5753.00
"Kepler-1169 b","Kepler-1169",6.11009134000,0.94000000,,6191.00
"Kepler-1060 b","Kepler-1060",46.87793670000,2.38000000,,5797.00
"Kepler-107 c","Kepler-107",4.90145200000,1.59700000,10.00000000,5854.00
"Kepler-99 b","Kepler-99",4.60358000000,1.48000000,6.15000000,4782.00
"HD 233604 b","HD 233604",192.00000000000,,2089.64400000,4791.00
"Kepler-368 b","Kepler-368",26.84768000000,3.26000000,,5502.00
"Kepler-1856 b","Kepler-1856",1.30200004600,1.73447868,,4948.00
"TIC 241249530 b","TIC 241249530",165.77190000000,13.29385111,1582.78546686,6166.00
"WASP-67 b","WASP-67",4.61442000000,12.89035000,136.66690000,5200.00
"NGTS-38 b","NGTS-38",180.52797000000,12.11690814,1516.04150139,6310.00
"KMT-2023-BLG-0332L b","KMT-2023-BLG-0332L",,,6992.22495400,
"TOI-2345 c","TOI-2345",21.06430200000,2.45100000,7.27000000,4687.00
"TOI-5599 b","TOI-5599",5.43691503941,7.18882120,,6137.02
"Kepler-562 b","Kepler-562",18.00931443600,5.21000000,,5575.00
"EPIC 248847494 b","EPIC 248847494",3650.00000000000,12.44199000,4131.79000000,4898.00
"GJ 414 A b","GJ 414 A",50.80000000000,2.63000000,7.60000000,4120.00
"K2-204 b","K2-204",7.05590800000,3.17214154,,5783.00
"Kepler-179 c","Kepler-179",6.40013000000,2.00000000,,5302.00
"HD 221420 b","HD 221420",10090.00000000000,,7278.27052030,5847.00
"NSVS 14256825 b","NSVS 14256825",3225.00000000000,,4497.29450000,40000.00
"TYC 8998-760-1 c","TYC 8998-760-1",,12.32990000,1906.98000000,
"HD 36384 b","HD 36384",490.00000000000,,2097.66748620,3940.00
"TOI-905 b","TOI-905",3.73949400000,13.12573900,211.99261000,5570.00
"Kepler-60 d","Kepler-60",11.89810000000,1.99000000,4.16000000,5905.00
"Kepler-156 b","Kepler-156",4.97345600000,2.30000000,,5094.00
"HD 99283 b","HD 99283",310.40000000000,,308.29355479,4886.00
"GJ 720 A b","GJ 720 A",19.46600000000,,13.64000000,3837.00
"Kepler-1888 b","Kepler-1888",11.39169979000,1.32578716,,5557.00
"Kepler-1001 c","Kepler-1001",9.18186000000,1.57799279,,5376.00
"TOI-3523 A b","TOI-3523 A",2.30458952000,15.97279750,435.42491759,6450.00
"Kepler-950 b","Kepler-950",98.71804060000,8.98000000,,5857.00
"Kepler-1094 b","Kepler-1094",78.10002310000,3.18000000,,6112.00
"HD 126614 b","HD 126614",1257.25303000000,,107.74382997,
"K2-172 b","K2-172",14.31694100000,1.66608079,,5569.00
"TOI-2416 b","TOI-2416",8.27547900000,9.86390302,953.48522100,5808.00
"K2-32 b","K2-32",8.99200000000,5.29900000,15.00000000,5271.00
"K2-149 b","K2-149",11.33200000000,1.64000000,,3745.00
"TOI-921 b","TOI-921",5.12871907628,3.53409617,,6011.66
"Kepler-154 d","Kepler-154",20.54981883000,3.84000000,,5769.00
"Kepler-1453 b","Kepler-1453",47.16116960000,2.67000000,,5665.00
"TOI-791 b","TOI-791",139.29931000000,11.13051784,9.50000000,6294.00
"Kepler-243 c","Kepler-243",20.02621800000,1.99000000,,5228.00
"Kepler-439 b","Kepler-439",178.13960000000,2.24000000,,5431.00
"17 Sco b","17 Sco",578.38000000000,,1373.01871824,4157.00
"Kepler-445 d","Kepler-445",8.15275000000,1.25000000,,3157.00
"Kepler-423 b","Kepler-423",2.68432850000,13.36100000,189.10100000,5560.00
"OGLE-2018-BLG-0596L b","OGLE-2018-BLG-0596L",,,13.93000000,
"HD 110113 b","HD 110113",2.54100000000,2.05000000,4.55000000,5732.00
"K2-155 c","K2-155",13.85000000000,2.60000000,,4258.00
"Kepler-1177 b","Kepler-1177",106.24754700000,1.90000000,,5712.00
"Kepler-1032 b","Kepler-1032",3.29011795300,1.87000000,,4647.00
"DMPP-8 b","DMPP-8",62.91500000000,,81.09000000,
"CoRoT-1 b","CoRoT-1",1.50895570000,16.70000000,327.35000000,5950.00
"HD 5278 c","HD 5278",40.87000000000,,18.40000000,6203.00
"Kepler-53 b","Kepler-53",18.64895250000,2.89000000,111.00000000,5858.00
"Qatar-4 b","Qatar-4",1.80535640000,12.72221500,1938.76300000,5215.00
"TOI-1695 b","TOI-1695",3.13427910000,1.90000000,6.36000000,3690.00
"Kepler-688 b","Kepler-688",3.89593684400,9.76000000,,5715.00
"HD 217107 c","HD 217107",5138.70000000000,,1388.91013859,
"K2-419 A b","K2-419 A",20.35847252000,10.55000000,196.00000000,3711.00
"Kapteyn c","Kapteyn",121.54000000000,,7.00000000,3550.00
"HD 92788 b","HD 92788",325.80300000000,,1195.04080000,5744.00
"Kepler-715 b","Kepler-715",10.00652995000,3.75000000,,5871.00
"Kepler-1629 b","Kepler-1629",3.87595807000,0.77000000,,5776.00
"Kepler-357 d","Kepler-357",49.49987500000,3.43000000,,5036.00
"Kepler-510 b","Kepler-510",19.55659418000,2.47000000,,5746.00
"Kepler-1919 b","Kepler-1919",37.88660049000,2.62390658,,5513.00
"KMT-2021-BLG-0736L b","KMT-2021-BLG-0736L",,,21.00000000,
"K2-190 c","K2-190",21.57402300000,1.09308317,,5631.00
"HD 13931 b","HD 13931",4218.00000000000,,699.22600000,5867.00
"Kepler-1388 e","Kepler-1388",37.63270840000,2.46000000,,4098.00
"K2-43 c","K2-43",2.19888400000,2.42000000,,3840.60
"WASP-23 b","WASP-23",2.94442560000,10.78300000,280.95000000,5150.00
"Kepler-732 b","Kepler-732",9.46781404800,2.18000000,,3631.00
"TOI-7008 b","TOI-7008",0.84069041367,4.94735276,,5116.06
"Kepler-185 c","Kepler-185",20.72904200000,2.02000000,,5208.00
"TOI-1227 b","TOI-1227",27.36397000000,9.57246952,,3072.00
"KMT-2020-BLG-0202L b","KMT-2020-BLG-0202L",,,3902.93283796,
"KOI-7368 b","KOI-7368",6.84303440000,2.22000000,,5241.00
"Kepler-1225 b","Kepler-1225",7.01075434000,1.82000000,,6140.00
"Kepler-1039 b","Kepler-1039",0.93488424200,1.46000000,,4870.00
"Kepler-407 c","Kepler-407",3000.00000000000,,4000.00000000,5476.00
"Kepler-971 b","Kepler-971",9.59070716000,2.13000000,,5431.00
"Kepler-1967 b","Kepler-1967",7.28169012100,0.73022577,,4970.00
"Kepler-154 c","Kepler-154",62.30327600000,2.95000000,,5690.00
"GJ 251 c","GJ 251",53.64700000000,,3.88000000,3342.00
"HD 188015 b","HD 188015",461.20000000000,,476.72000000,5746.00
"Kepler-1133 b","Kepler-1133",11.55562343000,1.97000000,,5569.00
"BEBOP-4 AB b","BEBOP-4 A",1823.50000000000,,8358.88710410,
"Kepler-1875 b","Kepler-1875",34.45859909000,3.22686692,,6161.00
"BEBOP-3 b","BEBOP-3",547.00000000000,,177.34825111,6033.00
"K2-49 b","K2-49",2.77065000000,1.93000000,,4175.00
"TOI-5630 b","TOI-5630",3.22118452536,2.37117553,,5385.64
"Kepler-171 c","Kepler-171",11.46346200000,2.56000000,,5642.00
"Kepler-1174 b","Kepler-1174",6.89225223000,1.59000000,,5936.00
"Kepler-354 d","Kepler-354",24.20984200000,1.24000000,,4648.00
"TOI-4734 b","TOI-4734",6.23563300000,10.91754720,61.65871096,6070.00
"HD 33283 b","HD 33283",18.19910000000,,104.56607000,5935.00
"WASP-82 b","WASP-82",2.70579000000,18.15858000,371.86110000,6480.00
"WASP-117 b","WASP-117",10.02165000000,11.88154000,95.34900000,6040.00
"Kepler-328 b","Kepler-328",34.92100000000,2.30000000,28.50000000,
"Kepler-652 b","Kepler-652",4.18200253100,2.49000000,,5490.00
"HD 213519 b","HD 213519",11.12214000000,,9.21702380,
"Kepler-1302 b","Kepler-1302",8.83922659000,1.43000000,,5236.00
"HD 15906 c","HD 15906",21.58329800000,2.93000000,,4757.00
"HD 125390 b","HD 125390",1757.39151000000,,8646.20398403,
"HD 7924 d","HD 7924",24.45100000000,,6.44000000,5075.00
"Kepler-352 d","Kepler-352",6.88727998700,0.80628032,,5208.00
"HD 176986 d","HD 176986",61.37600000000,,6.76000000,4931.00
"TOI-2019 b","TOI-2019",15.34440000000,5.33275337,34.40000000,5626.00
"K2-411 b","K2-411",3.21410000000,0.98980000,,5711.00
"HD 94890 c","HD 94890",2492.19000000000,,2831.85110637,4867.00
"KMT-2021-BLG-1898L b","KMT-2021-BLG-1898L",,,232.01473711,
"Kepler-176 e","Kepler-176",51.16579000000,1.45000000,,5295.00
"HD 153557 b","HD 153557",7.29903000000,,20.34101805,
"TIC 77552382 b","TIC 77552382",3.51025904942,5.69176189,,4981.07
"TOI-1230.01","TOI-1230",25.05734661842,2.38627705,,5696.00
"Pr0211 b","Pr0211",2.14610000000,,597.52040000,5300.00
"HD 96127 b","HD 96127",638.90000000000,,1207.74794660,3943.00
"Kepler-1111 b","Kepler-1111",8.79617863000,2.00000000,,6077.00
"GJ 1148 b","GJ 1148",41.38000000000,,96.70000000,3287.00
"HD 22496 b","HD 22496",5.09071000000,,5.57000000,4385.00
"Kepler-144 c","Kepler-144",10.10466500000,1.35000000,,6075.00
"Kepler-1598 b","Kepler-1598",4.34195123000,0.95000000,,5940.00
"Kepler-78 b","Kepler-78",0.35500745000,1.20100000,1.68000000,5058.00
"TOI-128.01","TOI-128",4.94046810000,2.21898000,,6086.00
"Kepler-1004 b","Kepler-1004",5.28789787000,6.28000000,,4972.00
"Kepler-130 b","Kepler-130",8.45745800000,1.02000000,,5884.00
"Kepler-1126 b","Kepler-1126",108.59332900000,1.73000000,,5798.00
"Kepler-26 b","Kepler-26",12.28000000000,2.78000000,5.12000000,3914.00
"Kepler-52 c","Kepler-52",16.38500210000,1.84000000,45.40000000,4075.00
"Kepler-1918 b","Kepler-1918",47.05640030000,2.29763023,,5889.00
"Kepler-1416 b","Kepler-1416",1.49514952000,0.88000000,,6019.00
"TOI-1772.01","TOI-1772",8.05424687400,2.90500000,,5583.00
"HD 30177 b","HD 30177",2539.00000000000,,2622.08435775,5680.00
"Kepler-147 b","Kepler-147",12.61058400000,1.53000000,,6012.00
"HD 87816 c","HD 87816",7596.00000000000,,3877.50656540,4989.00
"K2-42 b","K2-42",6.68796000000,2.15000000,,4613.00
"KELT-18 b","KELT-18",2.87175180000,17.59813000,375.03940000,6670.00
"Kepler-1762 b","Kepler-1762",29.53910065000,2.76022913,,6572.00
"Kepler-1988 b","Kepler-1988",11.49500229000,1.53000000,,6033.00
"HD 125271 b","HD 125271",14901.99295000000,,3465.60094993,
"Kepler-444 d","Kepler-444",6.18939200000,0.53000000,,5046.00
"Kepler-451 d","2MASS J19383260+4603591",43.00000000000,,559.37799632,29564.00
"Kepler-1124 b","Kepler-1124",2.85234897500,1.28000000,,3658.00
"Kepler-178 d","Kepler-178",96.67898800000,3.95000000,,5676.00
"K2-32 d","K2-32",31.71701000000,3.48400000,6.70000000,5271.00
"K2-366 b","K2-366",15.93703900000,2.35900000,,5601.00
"HD 10442 b","HD 10442",1032.30000000000,,472.61321000,4912.00
"HD 14067 b","HD 14067",2744.00000000000,,4862.77462710,4815.00
"7 CMa c","7 CMa",996.00000000000,,276.51210000,4826.00
"kap CrB b","kap CrB",1253.68000000000,,483.73483545,4840.00
"Kepler-276 c","Kepler-276",31.88400000000,2.90000000,16.60000000,
"Kepler-487 d","Kepler-487",2.41839003600,2.77513568,,5422.00
"HATS-30 b","HATS-30",3.17435160000,13.17057500,224.38798000,5943.00
"Kepler-656 c","Kepler-656",5.25449393000,1.41000000,,5550.00
"Kepler-67 b","Kepler-67",15.72590000000,2.94000000,,5331.00
"Kepler-349 c","Kepler-349",12.24762900000,1.96000000,,5956.00
"Kepler-1873 b","Kepler-1873",0.55884200300,1.62573811,,5151.00
"Kepler-1165 b","Kepler-1165",9.47852200000,1.55000000,,6080.00
"Kepler-1774 b","Kepler-1774",59.77080154000,3.18179549,,6214.00
"HD 202772 A b","HD 202772 A",3.30887750000,18.23701160,323.54931833,6442.00
"Kepler-1326 b","Kepler-1326",42.35142670000,4.18000000,,6725.00
"Kepler-1051 b","Kepler-1051",25.96200249000,3.40000000,,6675.00
"Kepler-788 b","Kepler-788",8.39846269000,2.55000000,,6159.00
"HIP 70849 b","HIP 70849",3649.00000000000,,1430.22783150,
"HATS-28 b","HATS-28",3.18107810000,13.38354600,213.58176000,5498.00
"HD 153557 d","HD 153557",40654.64809000000,,8725.66108578,
"Kepler-251 d","Kepler-251",30.13300100000,2.77000000,,5526.00
"Kepler-32 f","Kepler-32",0.74296000000,0.82000000,,3900.00
"Kepler-1592 b","Kepler-1592",3.05710069000,1.54000000,,6213.00
"Kepler-283 c","Kepler-283",92.74371100000,1.82000000,,4351.00
"Kepler-621 b","Kepler-621",2.62811374600,2.30000000,,4521.00
"TOI-2141 d","TOI-2141",60.45000000000,,14.90000000,5635.00
"Kepler-436 c","Kepler-436",16.79713874000,2.33000000,,4685.00
"Kepler-428 b","Kepler-428",3.52563254000,12.11000000,403.63000000,5150.00
"TOI-6041 c","TOI-6041",88.00000000000,,77.90000000,5445.00
"Kepler-1346 b","Kepler-1346",3.40165668000,1.58000000,,6133.00
"OGLE-2015-BLG-1649L b","OGLE-2015-BLG-1649L",,,807.00000000,
"Kepler-445 b","Kepler-445",2.98415100000,1.58000000,,3157.00
"Kepler-678 b","Kepler-678",7.27503724000,5.14000000,,5520.00
"Kepler-169 c","Kepler-169",6.19546900000,1.21000000,,4997.00
"K2-407 b","K2-407",4.94190700000,1.28300000,,5563.00
"HD 30856 b","HD 30856",847.00000000000,,491.68301000,4895.00
"Kepler-1021 b","Kepler-1021",13.47469571000,2.33000000,,5431.00
"Kepler-1649 c","Kepler-1649",19.53527000000,1.06000000,,3240.00
"GJ 4274 b","GJ 4274",1.63390000000,,2.97000000,3228.00
"Kepler-80 g","Kepler-80",14.64558000000,1.13000000,,4540.00
"TOI-6016 b","TOI-6016",4.02368700000,13.67495645,371.85923619,6110.00
"Kepler-296 f","Kepler-296",63.33627000000,1.80000000,,3740.00
"TOI-4406 b","TOI-4406",30.08364000000,11.20898070,95.34852210,6219.00
"TOI-4155 b","TOI-4155",3.32072900000,3.21000000,,5724.00
"Kepler-185 b","Kepler-185",1.63290000000,1.17000000,,5208.00
"Kepler-1996 b","Kepler-1996",32.37618300000,2.26000000,,4580.00
"Kepler-1357 b","Kepler-1357",3.00913240000,1.28000000,,5597.00
"LkCa 15 c","LkCa 15",,,,4194.00
"Kepler-1353 b","Kepler-1353",24.75439660000,1.80000000,,4776.00
"TOI-1238 b","TOI-1238",0.76459700000,1.21000000,3.76000000,4089.00
"Kepler-1982 b","Kepler-1982",3.82315697000,0.77000000,,6202.00
"K2-88 b","K2-88",4.61220000000,1.23000000,,3537.00
"Ross 176 b","Ross 176",5.00663380000,1.84000000,4.57000000,4041.00
"Kepler-663 b","Kepler-663",4.99678284000,2.60000000,,5264.00
"Kepler-258 c","Kepler-258",33.65307900000,3.61000000,,4942.00
"XO-6 b","XO-6",3.76500070000,23.20263000,1398.45200000,6720.00
"Kepler-1176 b","Kepler-1176",24.17385790000,2.45000000,,5844.00
"K2-388 b","K2-388",6.33932000000,3.90000000,,5310.00
"HD 218566 b","HD 218566",225.70000000000,,63.56600000,4730.00
"K2-72 e","K2-72",24.15886800000,1.29000000,,3360.47
"Kepler-1145 b","Kepler-1145",3.97076766000,1.40000000,,5064.00
"TOI-1107 b","TOI-1107",4.07823870000,14.57167491,1064.72516345,6311.00
"Kepler-440 b","Kepler-440",101.11141000000,1.86000000,,4134.00
"TOI-1411 b","TOI-1411",1.45205270000,1.19880592,2.00000000,4115.00
"HD 158259 f","HD 158259",12.02800000000,,6.14000000,
"Kepler-785 b","Kepler-785",1.97376092600,13.02000000,,4739.00
"TOI-1233.01","HD 108236",14.17568500000,2.53900000,,5660.00
"TOI-5624 e","TOI-5624",21.48993600000,3.24700000,8.90000000,5327.00
"HD 21411 b","HD 21411",84.28800000000,,65.90000000,5605.00
"Kepler-1077 b","Kepler-1077",34.35118740000,2.77000000,,5816.00
"TOI-2049 b","TOI-2049",5.30346800000,16.64533634,486.27746271,6164.00
"KMT-2016-BLG-2397L b","KMT-2016-BLG-2397L",,,836.00000000,
"K2-59 c","K2-59",11.29540000000,2.30000000,,5055.00
"Qatar-9 b","Qatar-9",1.54073100000,11.30988100,378.21770000,4309.00
"TIC 86380416 b","TIC 86380416",6.04086434610,2.41236120,,5723.74
"K2-263 b","K2-263",50.81917200000,2.51300000,15.40000000,5368.00
"HD 81688 b","HD 81688",183.93000000000,,525.68818518,4797.00
"HIP 14810 b","HIP 14810",6.67389200000,,1239.53700000,5544.00
"Kepler-1081 b","Kepler-1081",3.85691854700,1.01000000,,5345.00
"ome Ser b","ome Ser",278.59000000000,,233.92170755,4724.00
"Kepler-640 b","Kepler-640",22.24813967000,2.56000000,,5653.00
"K2-157 b","K2-157",0.36525750000,0.93500000,1.14000000,5334.00
"Kepler-1129 b","Kepler-1129",24.33978040000,2.96000000,,5831.00
"Kepler-212 c","Kepler-212",31.80517400000,2.74000000,,5852.00
"TOI-3862 b","TOI-3862",1.55745774000,5.53000000,53.70000000,5300.00
"Qatar-1 b","Qatar-1",1.42002420000,12.81188700,411.27202000,5013.00
"K2-257 b","K2-257",1.60588000000,0.83000000,,3725.00
"HD 5278 b","HD 5278",14.33915600000,2.45000000,7.80000000,6203.00
"TOI-1248 b","TOI-1248",4.36015610000,6.80848590,27.40000000,5205.00
"TOI-4582 b","TOI-4582",31.03400000000,10.53644186,168.44905571,5190.00
"TOI-4364 b","TOI-4364",5.42401900000,2.01000000,,3528.00
"Kepler-6 b","Kepler-6",3.23469960000,14.61653600,212.31044000,5647.00
"EPIC 212297394 b","EPIC 212297394",2.28936300000,1.48000000,,5171.00
"HATS-33 b","HATS-33",2.54955510000,13.78707000,378.85336000,5659.00
"TOI-5126 c","TOI-5126",17.89990000000,3.86000000,,6150.00
"Kepler-334 b","Kepler-334",5.47031900000,1.12000000,,5828.00
"TOI-6008 b","TOI-6008",0.85743470000,1.03000000,4.00000000,3075.00
"HD 181433 c","HD 181433",1018.50000000000,,235.50000000,
"HD 104067 c","HD 104067",13.89920000000,,13.20000000,4952.00
"WASP-175 b","WASP-175",3.06529070000,13.54047200,314.65170000,6229.00
"KELT-19 A b","KELT-19 A",4.61170930000,21.40919000,1293.56810000,7500.00
"Kepler-29 c","Kepler-29",13.28613000000,2.34000000,4.50000000,5378.00
"HIP 5763 b","HIP 5763",30.01400000000,,162.09248757,
"TOI-4363 b","TOI-4363",2.11867592279,1.76689273,,4278.45
"GJ 15 A c","GJ 15 A",7600.00000000000,,36.00000000,3607.00
"Kepler-129 c","Kepler-129",82.20000000000,2.52000000,43.00000000,5770.00
"TOI-6564 b","TOI-6564",3.98541300000,16.39873876,222.16205649,5943.00
"TOI-4747 b","TOI-4747",5.21924158592,3.95803201,,5595.08
"Kepler-201 b","Kepler-201",25.67208300000,2.46000000,,6065.00
"TOI-799 b","TOI-799",5.54519139676,2.06631784,,5662.81
"HIP 65407 b","HIP 65407",28.12500000000,,136.03124000,5460.00
"Kepler-523 b","Kepler-523",5.83598311100,1.96000000,,5515.00
"Kepler-319 c","Kepler-319",6.94135700000,2.63000000,,5526.00
"HN Lib b","HN Lib",36.11600000000,,5.46000000,3347.00
"Kepler-119 b","Kepler-119",2.42208200000,3.60000000,,5595.00
"TOI-411 b","HD 22946",4.04029500000,1.36200000,13.71000000,6169.00
"Kepler-495 b","Kepler-495",3.41303622100,5.23000000,,5346.00
"Kepler-1501 b","Kepler-1501",14.55645330000,1.56000000,,6229.00
"Kepler-126 d","Kepler-126",100.28313400000,2.50000000,,6239.00
"HD 41004 A b","HD 41004 A",963.00000000000,,807.25000000,
"HD 11964 c","HD 11964",37.91000000000,,25.00000000,5303.00
"Kepler-812 b","Kepler-812",10.11716531000,3.55000000,,6761.00
"Kepler-1495 b","Kepler-1495",85.27325600000,2.94000000,,5831.00
"NGTS-13 b","NGTS-13",4.11902700000,12.80067800,1538.29720000,5819.00
"Kepler-273 b","Kepler-273",2.93653200000,1.50000000,,5626.00
"HD 162020 b","HD 162020",8.42820000000,,3127.44720000,4723.00
"HAT-P-37 b","HAT-P-37",2.79743600000,13.20400000,371.52800000,5500.00
"PSR J1719-1438 b","PSR J1719-1438",0.09070629300,,382.80000000,4500.00
"Kepler-1827 b","Kepler-1827",3.70061993600,1.85644292,,5423.00
"Kepler-242 b","Kepler-242",8.20395000000,2.61000000,,5020.00
"Kepler-324 c","Kepler-324",51.80561200000,3.15000000,,5194.00
"TOI-6330 b","TOI-6330",6.85002460000,10.89000000,3179.00000000,3539.00
"LkCa 15 b","LkCa 15",,,,4194.00
"Kepler-1178 b","Kepler-1178",31.80634000000,1.07000000,,4990.00
"K2-357 b","K2-357",16.34886370000,3.72000000,,5794.00
"Kepler-120 c","Kepler-120",12.79458500000,1.53000000,,4096.00
"Kepler-296 e","Kepler-296",34.14211000000,1.53000000,,3740.00
"Kepler-282 e","Kepler-282",44.34700000000,3.10000000,56.20000000,
"K2-325 b","K2-325",6.93000000000,2.20000000,,3287.00
"HIP 74890 b","HIP 74890",822.30000000000,,762.79200000,4850.00
"Gaia-1 b","Gaia-1",3.05252400000,13.77583728,533.95172376,5470.00
"Kepler-360 b","Kepler-360",3.28967200000,1.65000000,,6053.00
"Kepler-666 b","Kepler-666",4.49876092000,2.40000000,,5887.00
"Kepler-153 b","Kepler-153",18.87022700000,2.92000000,,5404.00
"TIC 434398831 c","TIC 434398831",6.21029100000,5.63000000,,5638.00
"EPIC 206032309 b","EPIC 206032309",2.87814000000,1.01000000,,
"Kepler-1676 b","Kepler-1676",29.92210000000,3.37695960,,5878.30
"Kepler-149 d","Kepler-149",160.01803200000,3.96000000,,5381.00
"EPIC 206215704 b","EPIC 206215704",2.25543600000,1.00000000,,3297.00
"HD 190984 b","HD 190984",4885.00000000000,,985.20000000,5988.00
"Kepler-1312 b","Kepler-1312",5.44832528600,2.10000000,,5719.00
"Kepler-605 c","Kepler-605",2.35895151500,0.86000000,,5462.00
"HD 52265 b","HD 52265",119.27000000000,,384.57430000,6136.00
"Kepler-296 b","Kepler-296",10.86438400000,1.61000000,,3740.00
"Kepler-1726 b","Kepler-1726",18.39629936000,2.50861954,,5316.00
"HD 168443 b","HD 168443",58.11187000000,,2424.39508860,
"Kepler-388 b","Kepler-388",3.17331500000,0.81000000,,4498.00
"HD 190228 b","HD 190228",1143.59858000000,,1598.67688721,
"Kepler-466 b","Kepler-466",51.07926307000,2.85000000,,5927.00
"OGLE-2018-BLG-0962L b","OGLE-2018-BLG-0962L",,,425.89006538,
"KMT-2023-BLG-2209L b","KMT-2023-BLG-2209L",,,254.26272560,
"K2-382 b","K2-382",21.70015600000,2.07200000,,5452.00
"Kepler-1024 b","Kepler-1024",66.41621330000,3.91000000,,5143.00
"TOI-1634 b","TOI-1634",0.98934551000,1.75900000,4.90000000,3550.00
"Kepler-1112 b","Kepler-1112",14.36267939000,3.02000000,,6496.00
"Kepler-1398 c","Kepler-1398",4.13827595000,1.03000000,,6126.00
"HAT-P-58 b","HAT-P-58",4.01383790000,14.93036229,118.23216740,6078.00
"Kepler-822 b","Kepler-822",3.22296927300,1.77000000,,5928.00
"HD 197037 b","HD 197037",1035.70000000000,,251.00000000,6150.00
"Kepler-285 b","Kepler-285",2.63386700000,1.34000000,,5411.00
"EPIC 201595106 b","EPIC 201595106",0.87724000000,1.56500000,7.67000000,5679.00
"Kepler-861 b","Kepler-861",3.94963137500,2.28000000,,5047.00
"Kepler-1130 c","Kepler-1130",3.26663994800,0.79239584,,5450.00
"MOA-2022-BLG-563L b","MOA-2022-BLG-563L",,,127.13136280,
"BD+49 828 b","BD+49 828",2590.00000000000,,508.50000000,4943.00
"Kepler-18 c","Kepler-18",7.64159000000,5.49000000,17.30000000,5345.00
"Kepler-168 b","Kepler-168",4.42539100000,1.46000000,,6282.00
"HD 28471 b","HD 28471",3.16490000000,,3.72000000,5766.00
"GJ 1137 c","HD 93083",9.64120000000,,5.12000000,5033.80
"HD 73256 c","HD 73256",2690.00000000000,,5085.25451200,
"OGLE-2019-BLG-0468L b","OGLE-2019-BLG-0468L",,,1090.15143601,
"Kepler-183 b","Kepler-183",5.68794500000,2.06000000,,5888.00
"KMT-2021-BLG-0322L b","KMT-2021-BLG-0322L",,,2034.10180480,
"TOI-519 b","TOI-519",1.26523280000,11.54525012,147.15455244,3322.00
"Kepler-1316 b","Kepler-1316",87.97321360000,3.54000000,,5884.00
"Kepler-1335 b","Kepler-1335",6.26406846000,1.45000000,,4903.00
"EPIC 212624936 c","EPIC 212624936",11.81143700000,2.30000000,,5765.00
"Kepler-1565 b","Kepler-1565",1.53818843700,1.19000000,,4940.00
"Kepler-1778 b","Kepler-1778",10.08740044000,3.01665969,,6310.00
"K2-384 e","K2-384",9.71504300000,1.34500000,,3623.00
"Kepler-298 b","Kepler-298",10.47546400000,1.96000000,,4465.00
"Kepler-740 b","Kepler-740",3.58410121600,4.57000000,,5438.00
"Kepler-239 b","Kepler-239",11.76305100000,2.33000000,,4914.00
"TOI-4495 b","TOI-4495",2.56699000000,2.48300000,7.70000000,6210.00
"HD 70642 b","HD 70642",2124.54000000000,,633.43519000,5732.00
"Kepler-1542 b","Kepler-1542",3.95116882000,0.76000000,,5564.00
"KMT-2021-BLG-1372L b","KMT-2021-BLG-1372L",,,61.27000000,
"Kepler-386 b","Kepler-386",12.31043000000,1.39000000,,5178.00
"Kepler-471 b","Kepler-471",5.01423457500,14.96000000,,6733.00
"KMT-2020-BLG-0414L b","KMT-2020-BLG-0414L",,,1.87000000,
"pi Men c","HD 39091",6.26783990000,2.01890000,,5998.00
"Kepler-577 b","Kepler-577",25.69578251000,2.55000000,,4984.00
"Kepler-433 b","Kepler-433",5.33408384000,16.25000000,896.24000000,6360.00
"LHS 1815 b","LHS 1815",3.81433400000,1.08800000,1.58000000,3643.00
"TOI-913 b","TOI-913",11.09864400000,2.45280000,,4969.00
"TOI-1105 b","TOI-1105",10.86818410933,3.05823658,,4678.46
"TOI-3353.01","TOI-3353",4.66579650000,2.66675550,,6365.00
"Kepler-262 b","Kepler-262",13.06085500000,1.36000000,,5841.00
"TYC 2187-512-1 b","TYC 2187-512-1",691.90000000000,,104.88337431,3734.00
"TOI-942 c","TOI-942",10.15627200000,4.67000000,,
"Kepler-1679 b","Kepler-1679",9.75376000000,2.06920360,,5501.00
"Kepler-293 c","Kepler-293",54.15574300000,3.83000000,,5804.00
"Kepler-1055 b","Kepler-1055",2.29503623300,1.23000000,,5723.00
"KMT-2024-BLG-0404L b","KMT-2024-BLG-0404L",,,8657.64580668,
"K2-19 d","K2-19",2.50827000000,1.04400000,6.20000000,5350.00
"WASP-124 b","WASP-124",3.37265000000,13.89916000,190.69800000,6050.00
"TOI-6884 b","TOI-6884",4.80826400000,10.39072511,8365.24367224,6330.00
"TOI-5788 c","TOI-5788",16.21336200000,2.27200000,6.40000000,5615.00
"Kepler-49 e","Kepler-49",18.59610800000,1.56000000,,4252.00
"Kepler-745 b","Kepler-745",9.93143556000,2.16000000,,5849.00
"GJ 674 b","GJ 674",4.69380000000,,11.09000000,3600.00
"Kepler-551 b","Kepler-551",12.37646610000,2.73000000,,4286.00
"Kepler-9 d","Kepler-9",1.59285100000,1.64000000,,5777.00
"Kepler-1508 b","Kepler-1508",20.70565040000,1.33000000,,6158.00
"Kepler-59 c","Kepler-59",17.98012350000,1.98000000,,6074.00
"Kepler-204 c","Kepler-204",25.66059300000,1.79000000,,5812.00
"Kepler-1404 b","Kepler-1404",15.93147390000,2.01000000,,5261.00
"Kepler-1396 b","Kepler-1396",18.22064210000,2.07000000,,6195.00
"HD 190007 b","HD 190007",11.72412800000,,15.50000000,4610.00
"TOI-1117 c","TOI-1117",4.57900000000,,8.78000000,5635.00
"KMT-2022-BLG-1818L c","KMT-2022-BLG-1818L",,,114.41822652,
"OGLE-2019-BLG-0299L b","OGLE-2019-BLG-0299L",,,1976.89269154,
"TOI-2368 b","TOI-2368",5.17500730000,10.83908434,206.58846455,5360.00
"V0391 Peg b","V0391 Peg",1170.00000000000,,1017.05600000,29300.00
"HD 95089 c","HD 95089",1785.00000000000,,1096.51350000,4918.00
"Kepler-222 c","Kepler-222",10.08881000000,4.64000000,,5433.00
"Kepler-1714 b","Kepler-1714",10.27530003000,3.26437302,,6150.00
"K2-243 c","K2-243",24.94598000000,2.01000000,,6570.00
"KMT-2021-BLG-0912L b","KMT-2021-BLG-0912L",,,2.81000000,
"Kepler-926 b","Kepler-926",52.06886010000,2.31000000,,5806.00
"KMT-2017-BLG-1038L b","KMT-2017-BLG-1038L",,,640.00000000,
"Kepler-192 d","Kepler-192",6.47027579000,1.02000000,,5487.00
"TOI-2196 b","TOI-2196",1.19472680000,3.51000000,26.00000000,5634.00
"Kepler-1250 b","Kepler-1250",2.60754383400,1.92000000,,5717.00
"TOI-883 b","TOI-883",10.05771848538,7.17166228,,5713.15
"TOI-815 c","TOI-815",34.97614500000,2.62000000,23.50000000,4869.00
"HD 170469 b","HD 170469",1145.00000000000,,209.76780000,5842.00
"Kepler-330 c","Kepler-330",15.95538700000,1.95000000,,5117.00
"K2-381 b","K2-381",7.93893340000,1.07500000,,4473.00
"Kepler-905 b","Kepler-905",5.08274651700,1.41000000,,5461.00
"HD 240210 b","HD 240210",501.75000000000,,1655.82000000,4297.00
"HD 165131 b","HD 165131",2342.60000000000,,5943.39121090,5870.00
"Kepler-1977 b","Kepler-1977",4.53702121000,1.66000000,,4805.00
"Kepler-1594 b","Kepler-1594",2.71603809000,1.06000000,,5946.00
"Kepler-909 b","Kepler-909",13.93290318000,1.47000000,,6154.00
"Kepler-345 c","Kepler-345",9.38742700000,1.20000000,,4504.00
"KMT-2017-BLG-2509L b","KMT-2017-BLG-2509L",,,664.26137063,
"Kepler-655 b","Kepler-655",46.40633580000,2.71000000,,6170.00
"Kepler-9 b","Kepler-9",19.23891000000,8.29000000,43.40000000,5774.00
"HD 150010 b","HD 150010",562.00000000000,,762.78817680,4153.00
"KMT-2021-BLG-0119L b","KMT-2021-BLG-0119L",,,1754.41280664,
"K2-277 b","K2-277",6.32676800000,2.18575124,,5680.00
"ups And b","ups And",4.61703300000,,218.53100000,
"KMT-2023-BLG-0949L b","KMT-2023-BLG-0949L",,,1900.61387386,
"Kepler-797 b","Kepler-797",27.07237711000,2.17000000,,5680.00
"Kepler-1123 b","Kepler-1123",4.33946454000,1.67000000,,5500.00
"Kepler-137 c","Kepler-137",18.73575300000,1.88000000,,5187.00
"Kepler-373 b","Kepler-373",5.53530900000,1.36000000,,5787.00
"TrES-5 b","TrES-5",1.48224686000,13.38354600,568.91570000,5171.00
"Kepler-1947 b","Kepler-1947",6.96363019900,1.01016660,,6040.00
"Kepler-898 b","Kepler-898",5.87061910000,1.49000000,,4223.00
"HD 195019 b","HD 195019",18.20132000000,,1264.96340000,5751.00
"Kepler-109 b","Kepler-109",6.48163070000,2.49000000,4.90000000,5950.00
"Kepler-1072 b","Kepler-1072",1.56906650200,1.58000000,,6199.00
"TOI-2267 c","TOI-2267 A",3.49504120000,1.14000000,,3030.00
"MOA-2022-BLG-091L b","MOA-2022-BLG-091L",,,1141.00398113,
"Kepler-1921 b","Kepler-1921",20.03479958000,2.89459458,,6120.00
"KMT-2019-BLG-2974L b","KMT-2019-BLG-2974L",,,88.99195396,
"GJ 3082 b","GJ 3082",11.94900000000,,8.20000000,
"Kepler-835 b","Kepler-835",11.41909375000,2.79000000,,5954.00
"HD 125595 b","HD 125595",9.67370000000,,6.35660000,4691.00
"Kepler-1045 b","Kepler-1045",26.41045478000,2.69000000,,5301.00
"TOI-2227 b","TOI-2227",4.22175815648,3.09885187,,5889.54
"Kepler-186 d","Kepler-186",13.34299600000,1.40000000,,3788.00
"Kepler-644 b","Kepler-644",3.17391710300,3.15000000,,6747.00
"Kepler-576 b","Kepler-576",29.91136794000,3.27000000,,5672.00
"Kepler-1604 b","Kepler-1604",0.68368425600,1.41000000,,4976.00
"HATS-42 b","HATS-42",2.29210200000,15.69260000,597.52040000,6060.00
"Kepler-441 b","Kepler-441",207.24820000000,1.64000000,,4340.00
"TOI-3568 b","TOI-3568",4.41796500000,5.30000000,26.40000000,4969.00
"HD 30177 c","HD 30177",11320.00000000000,,1484.25866069,5680.00
"Kepler-947 b","Kepler-947",26.96443170000,2.28000000,,5508.00
"HD 129445 b","HD 129445",1840.00000000000,,508.50700000,
"K2-198 b","K2-198",17.04286830000,4.18900000,,5212.90
"Kepler-1824 b","Kepler-1824",95.61100006000,2.38127597,,6002.00
"Kepler-334 d","Kepler-334",25.09849000000,1.41000000,,5828.00
"Kepler-1523 b","Kepler-1523",0.93875077000,1.58000000,,5708.00
"TOI-1288 c","TOI-1288",416.00000000000,,85.70000000,5388.00
"Kepler-1153 b","Kepler-1153",1.75583532700,1.73000000,,5470.00
"Kepler-1011 b","Kepler-1011",5.75322197400,2.87000000,,5416.00
"Kepler-566 b","Kepler-566",18.42794624000,2.15000000,,5132.00
"HIP 114933 b","HIP 114933",1481.60000000000,,616.58710958,4823.00
"Kepler-804 b","Kepler-804",14.37457351000,1.94000000,,5817.00
"Kepler-304 d","Kepler-304",9.65347100000,2.75000000,,4731.00
"Kepler-561 c","Kepler-561",5.35016198300,2.68000000,,5646.00
"HAT-P-45 b","HAT-P-45",3.12899200000,15.98400000,283.49200000,6330.00
"Kepler-158 d","Kepler-158",0.64508800000,0.43000000,,4895.97
"OGLE-2012-BLG-0026L c","OGLE-2012-BLG-0026L",,,270.00000000,
"HD 190647 b","HD 190647",1176.45000000000,,630.89255000,5656.00
"TIC 9344899 b","TIC 9344899",8.58215660000,9.16000000,6170.00000000,5800.00
"HD 30669 b","HD 30669",1684.00000000000,,149.37000000,5400.00
"TOI-4961 b","TOI-4961",7.47918200000,12.34108775,572.09113260,5380.00
"Kepler-19 c","Kepler-19",28.73100000000,,13.10000000,5544.00
"GJ 887 e","GJ 887",4.42490000000,,1.46000000,3688.00
"Kepler-253 c","Kepler-253",10.28195100000,2.65000000,,5208.00
"KMT-2023-BLG-0830L b","KMT-2023-BLG-0830L",,,17.79839079,
"WASP-185 b","WASP-185",9.38755000000,14.01125000,311.47340000,5900.00
"Kepler-970 b","Kepler-970",16.73652500000,2.60900000,,4290.00
"Kepler-1550 b","Kepler-1550",225.58280900000,3.02000000,,5991.00
"OGLE-2017-BLG-0640L b","OGLE-2017-BLG-0640L",,,514.88201934,
"Kepler-48 d","Kepler-48",42.89610000000,2.04000000,7.93000000,5194.00
"Kepler-1569 b","Kepler-1569",5.79180156000,1.68000000,,6319.00
"CoRoT-6 b","CoRoT-6",8.88659300000,13.06800000,940.74000000,6090.00
"HD 221416 b","HD 221416",14.27670000000,9.17000000,60.50000000,5080.00
"TOI-2537 b","TOI-2537",94.10220000000,11.25381662,415.40172795,4870.00
"TOI-1824 b","TOI-1824",22.80853300000,2.74382690,16.00000000,5165.00
"HD 128717 b","HD 128717",3420.00000000000,,6293.00245860,6210.00
"KMT-2018-BLG-1976L b","KMT-2018-BLG-1976L",,,705.57906354,
"HD 163607 c","HD 163607",1272.00000000000,,699.54383000,5522.00
"Kepler-1916 b","Kepler-1916",31.25429916000,2.61757235,,6246.00
"TOI-283 b","TOI-283",17.61745000000,2.34000000,6.54000000,5213.00
"KMT-2016-BLG-1836L b","KMT-2016-BLG-1836L",,,700.00000000,
"Kepler-1581 b","Kepler-1581",6.28385491000,0.80000000,,6022.00
"TIC 62895484 b","TIC 62895484",2.83985434327,3.49391667,,5520.79
"KMT-2017-BLG-0673L b","KMT-2017-BLG-0673L",,,1166.43025369,
"Kepler-766 b","Kepler-766",6.10027804000,3.39000000,,5992.00
"Kepler-100 e","Kepler-100",60.88858800000,,24.14271827,
"K2-47 b","K2-47",31.63720000000,1.89000000,,5054.00
"TOI-2295 b","TOI-2295",30.03330200000,16.47720163,278.09985612,5730.00
"BD+14 4559 b","BD+14 4559",268.94000000000,,330.54320000,4864.00
"Kepler-395 c","Kepler-395",34.98926200000,1.32000000,,4262.00
"HD 79181 b","HD 79181",273.10000000000,,203.41018048,4862.00
"OGLE-2023-BLG-0836L b","OGLE-2023-BLG-0836L",,,1385.73185452,
"Kepler-176 c","Kepler-176",12.75971200000,2.60000000,,5232.00
"OGLE-2014-BLG-1722L c","OGLE-2014-BLG-1722L",,,83.70000000,
"Kepler-1017 b","Kepler-1017",7.23400469000,1.99000000,,5473.00
"Kepler-1672 b","Kepler-1672",150.87800000000,2.97022762,,6131.95
"Kepler-1209 b","Kepler-1209",25.36911600000,1.51000000,,6210.00
"Kepler-496 b","Kepler-496",8.30864937000,2.32000000,,5293.00
"Kepler-1410 b","Kepler-1410",60.86616800000,1.78000000,,4092.00
"GJ 3021 b","GJ 3021",133.71000000000,,1071.04000000,5540.00
"Kepler-915 b","Kepler-915",4.59489604000,1.50000000,,6173.00
"HIP 10090 b","HIP 10090",2960.00000000000,,1229.99593509,5661.00
"Kepler-626 b","Kepler-626",14.48585199000,2.29000000,,5813.00
"Kepler-1151 b","Kepler-1151",65.64784240000,2.22000000,,5470.00
"Kepler-215 c","Kepler-215",14.66710800000,1.77000000,,5739.00
"Kepler-271 c","Kepler-271",7.41086267000,0.95000000,,5555.00
"Kepler-1521 b","Kepler-1521",47.14840805000,2.50000000,,5042.00
"Kepler-1015 b","Kepler-1015",16.00494214000,3.55000000,,6769.00
"HD 68402 b","HD 68402",1103.00000000000,,975.73810000,5950.00
"Kepler-549 b","Kepler-549",42.94956490000,2.57000000,,5360.00
"K2-165 d","K2-165",14.10136100000,2.64809498,,5185.00
"Kepler-714 b","Kepler-714",8.09888798600,9.67000000,,5995.00
"Kepler-1348 b","Kepler-1348",27.57227420000,1.94000000,,5911.00
"TOI-277 b","TOI-277",3.99400000000,2.65000000,,4031.00
"Kepler-1768 b","Kepler-1768",15.13589954000,2.23346338,,6050.00
"OGLE-2013-BLG-0102L b","OGLE-2013-BLG-0102L",,,4100.00000000,
"KMT-2018-BLG-0748L b","KMT-2018-BLG-0748L",,,60.00000000,
"KMT-2019-BLG-0335L b","KMT-2019-BLG-0335L",,,6674.39654700,
"Kepler-431 d","Kepler-431",11.92200000000,1.11000000,,6004.00
"Kepler-1362 b","Kepler-1362",136.20562600000,2.60000000,,4857.00
"Kepler-1283 b","Kepler-1283",12.94609780000,1.91000000,,6175.00
"KMT-2023-BLG-1454L b","KMT-2023-BLG-1454L",,,200.23189641,
"XO-2 S d","XO-2 S",4696.00000000000,,1179.14338997,5325.00
"Kepler-186 f","Kepler-186",129.94410000000,1.17000000,,3755.00
"EPIC 212297394 c","EPIC 212297394",5.21396500000,2.27000000,,5171.00
"TOI-622 b","TOI-622",6.40251300000,9.23620010,96.30200732,6400.00
"Kepler-1842 b","Kepler-1842",14.02639961000,2.35388681,,5970.00
"Kepler-1439 b","Kepler-1439",8.07392849000,1.46000000,,3578.00
"Kepler-989 b","Kepler-989",7.96431535200,2.21000000,,5074.00
"Kepler-398 d","Kepler-398",6.83437001000,0.88000000,,4557.00
"TIC 365102760 b","TIC 365102760",4.21285367000,6.21000000,19.20000000,4900.00
"Kepler-1739 b","Kepler-1739",7.34370994600,2.43056832,,5757.00
"Kepler-65 e","Kepler-65",258.80000000000,,260.00000000,
"EPIC 201170410.02","EPIC 201170410",6.79870000000,1.04700000,,3648.00
"Kepler-94 c","Kepler-94",820.30000000000,,3126.00000000,4781.00
"OGLE-2017-BLG-1522L b","OGLE-2017-BLG-1522L",,,240.00000000,
"HD 181234 b","HD 181234",7593.40512000000,,2980.91262925,
"TOI-3693 b","TOI-3693",9.08851600000,12.59889431,324.18497514,5321.00
"PSR B1257+12 d","PSR B1257+12",98.21140000000,,3.90000000,
"GJ 667 C f","GJ 667 C",39.02600000000,,2.70000000,3350.00
"Kepler-351 c","Kepler-351",57.24809000000,3.19000000,,5643.00
"Kepler-446 c","Kepler-446",3.03617900000,1.11000000,,3359.00
"Kepler-1288 b","Kepler-1288",2.76122421000,1.12000000,,6132.00
"GJ 3512 c","GJ 3512",2354.00000000000,,143.97626837,3141.00
"WASP-56 b","WASP-56",4.61710000000,10.53646000,143.02350000,5600.00
"TOI-1533 b","TOI-1533",3.64579740000,2.89000000,28.10000000,5146.00
"Kepler-25 c","Kepler-25",12.72070000000,5.21700000,15.20000000,
"TOI-2453 b","TOI-2453",4.44143463188,3.24380341,,3720.23
"Kepler-758 c","Kepler-758",4.75793986000,1.69000000,,6228.00
"Kepler-220 b","Kepler-220",4.15980700000,0.81000000,,4632.00
"Kepler-1688 b","Kepler-1688",5.62012000000,1.26174569,,4632.11
"Kepler-839 b","Kepler-839",37.81445140000,2.57000000,,6058.00
"TIC 206466666 b","TIC 206466666",9.10486865159,2.14817673,,4620.30
"Kepler-1801 b","Kepler-1801",10.44089985000,2.70926154,,5738.00
"WASP-142 b","WASP-142",2.05286800000,17.14977000,266.97720000,6010.00
"Kepler-1454 b","Kepler-1454",47.03194790000,1.88000000,,5448.00
"Kepler-245 c","Kepler-245",17.46081200000,2.18000000,,5100.00
"Kepler-1271 b","Kepler-1271",3.02559550000,1.48000000,,6143.00
"TOI-4034 b","TOI-4034",1.80209320000,17.71018951,276.51071409,5891.00
"Ross 508 b","Ross 508",10.77000000000,,4.00000000,3071.00
"91 Aqr b","91 Aqr",181.40000000000,,1017.00000000,4665.00
"Kepler-125 c","Kepler-125",5.77446400000,0.74000000,,3810.00
"Kepler-936 b","Kepler-936",10.56134221000,1.45000000,,5482.00
"Kepler-20 c","Kepler-20",10.85407740000,2.89400000,11.10000000,5495.00
"Kepler-369 b","Kepler-369",2.73275600000,1.13000000,,3591.00
"Kepler-115 c","Kepler-115",8.99088900000,2.60000000,,5979.00
"OGLE-2016-BLG-0613L AB b","OGLE-2016-BLG-0613L AB",,,1330.00000000,
"Kepler-913 b","Kepler-913",10.29672521000,2.06000000,,4687.00
"Kepler-1018 b","Kepler-1018",49.10135140000,2.58000000,,5518.00
"HD 77946 b","HD 77946",6.52736300000,2.89646124,10.90000000,6007.00
"Kepler-761 b","Kepler-761",10.12804789000,2.03000000,,5706.00
"WASP-184 b","WASP-184",5.18170000000,14.90797000,181.16310000,6000.00
"Kepler-11 c","Kepler-11",13.02410000000,2.87000000,2.90000000,5663.00
"Kepler-1186 b","Kepler-1186",16.07677615000,2.23000000,,5635.00
"TOI-4662 b","TOI-4662",4.70343764575,2.87998299,,4520.41
"Kepler-633 b","Kepler-633",8.50340718000,1.63000000,,5899.00
"Kepler-1847 b","Kepler-1847",11.12969971000,2.74516914,,6122.00
"KOI-4777.01","KOI-4777",0.41200000000,0.51000000,99.20000000,3515.00
"Kepler-1329 b","Kepler-1329",9.33646594000,2.17000000,,4500.00
"Kepler-730 c","Kepler-730",2.85188338000,1.56926000,,5620.00
"HD 80883 b","HD 80883",6383.78352000000,,1748.05623850,
"Wendelstein-2 b","Wendelstein-2",1.75222390000,12.99347280,232.33373000,4591.00
"TOI-1249 b","TOI-1249",13.07915100000,3.27103010,11.90000000,5497.00
"Kepler-623 b","Kepler-623",9.07097734000,3.01000000,,5443.00
"Kepler-531 b","Kepler-531",29.88485741000,2.78000000,,4893.00
"Kepler-1110 b","Kepler-1110",9.69312032000,2.66000000,,4781.00
"HD 117618 b","HD 117618",25.80000000000,,55.30242000,5990.00
"HD 164604 c","HD 164604",5387.00000000000,,3019.36986650,4663.00
"K2-385 b","K2-385",2.38086700000,1.53900000,,4844.00
"Kepler-80 f","Kepler-80",0.98678730000,1.21000000,,4540.00
"KMT-2018-BLG-1996L b","KMT-2018-BLG-1996L",,,346.43296363,
"TOI-858 B b","TOI-858 B",3.27971780000,14.06727078,349.61124770,5842.00
"HD 196885 A b","HD 196885 A",1333.00000000000,,819.97000000,6254.00
"Kepler-897 b","Kepler-897",8.04726420000,2.39000000,,5839.00
"Kepler-581 b","Kepler-581",40.60698210000,2.63000000,,5772.00
"TIC 390586021 b","TIC 390586021",2.74703755819,2.86009388,,4434.81
"BD-210397 c","BD-210397",6240.00000000000,,1525.57635360,
"Kepler-717 b","Kepler-717",4.40840023000,2.42000000,,5485.00
"EPIC 212424622 b","EPIC 212424622",18.09830000000,2.17000000,,
"HD 17092 b","HD 17092",359.89999000000,,3219.61790000,4326.00
"TOI-4602.01","TOI-4602",3.98129990000,2.45000000,5.53000000,5966.00
"TIC 178172313 b","TIC 178172313",4.37318161360,2.80405322,,5405.59
"Kepler-965 b","Kepler-965",134.25272980000,3.38000000,,5886.00
"Kepler-289 b","Kepler-289",34.53830000000,2.49000000,3.70000000,5990.00
"HATS-11 b","HATS-11",3.61918800000,18.03000000,,6563.00
"TYC 0434-04538-1 b","TYC 0434-04538-1",193.20000000000,,1938.76300000,4679.00
"Kepler-1157 b","Kepler-1157",4.45743164000,1.09000000,,4679.00
"Kepler-964 b","Kepler-964",13.52251060000,2.12000000,,5427.00
"KMT-2021-BLG-0909L b","KMT-2021-BLG-0909L",,,400.46379282,
"Kepler-23 c","Kepler-23",10.74000000000,3.00500000,7.81000000,5828.00
"GJ 676 A e","GJ 676 A",35.47358000000,,6.67439655,
"Kepler-502 b","Kepler-502",4.28686431000,4.77000000,,6125.00
"TYC 8998-760-1 b","TYC 8998-760-1",,,,
"Kepler-1425 b","Kepler-1425",14.45413020000,0.94000000,,5718.00
"Kepler-226 b","Kepler-226",3.94099700000,1.55000000,,5571.00
"Kepler-1038 c","Kepler-1038",7.12765979800,1.41623380,,5159.00
"Kepler-1730 b","Kepler-1730",13.81019974000,4.48524519,,5942.00
"GJ 229 b","GJ 229",579.47495000000,,14.93793513,
"KMT-2021-BLG-2294L b","KMT-2021-BLG-2294L",,,22.24798849,
"Kepler-1626 b","Kepler-1626",4.13962966000,2.02000000,,6826.00
"MOA-2011-BLG-322L b","MOA-2011-BLG-322L",,,3690.00000000,
"Kepler-85 e","Kepler-85",25.21675100000,1.27000000,,5436.00
"K2-360 c","EPIC 201595106",9.79692000000,,15.23000000,5679.00
"Kepler-1849 b","Kepler-1849",57.29290009000,2.38685349,,4806.00
"TOI-5398 c","TOI-5398",4.77271000000,3.52000000,11.80000000,6000.00
"HD 104985 b","HD 104985",199.68000000000,,1766.80811451,4738.00
"GJ 2056 b","GJ 2056",69.97100000000,,16.20000000,
"TOI-663 d","TOI-663",7.10272680000,1.92000000,5.20000000,3681.00
"Kepler-319 d","Kepler-319",31.78192500000,2.29000000,,5526.00
"TOI-216.02","TOI-216",17.16073000000,8.00000000,18.75187601,
"Kepler-1638 b","Kepler-1638",259.33683000000,1.87000000,,5710.00
"UCAC3 113-933 b","UCAC3 113-933",,,6674.39654700,
"Kepler-1183 b","Kepler-1183",28.50571890000,2.82000000,,5765.00
"Kepler-911 b","Kepler-911",20.31050100000,2.60000000,,6112.00
"Kepler-830 b","Kepler-830",11.29695137000,1.70000000,,6037.00
"Kepler-775 b","Kepler-775",0.97486892600,1.19000000,,5468.00
"KMT-2021-BLG-1150L b","KMT-2021-BLG-1150L",,,279.68899816,
"OGLE-2018-BLG-1185L b","OGLE-2018-BLG-1185L",,,8.40000000,
"Kepler-156 c","Kepler-156",15.90680100000,2.55000000,,5094.00
"Kepler-26 d","Kepler-26",3.54391900000,1.07000000,,4486.00
"OGLE-2019-BLG-0304L b","OGLE-2019-BLG-0304L",,,162.09248757,
"Kepler-62 b","Kepler-62",5.71493200000,1.31000000,9.00000000,4925.00
"Kepler-937 b","Kepler-937",67.66882700000,3.72000000,,6095.00
"Kepler-843 b","Kepler-843",2.05387982100,2.59000000,,5830.00
"HD 37124 d","HD 37124",1862.00000000000,,221.20968000,
"Kepler-1860 b","Kepler-1860",12.73719978000,1.13863767,,5420.00
"KIC 10001893 d","KIC 10001893",0.81161000000,,,27500.00
"Kepler-276 b","Kepler-276",14.12841000000,2.87000000,,6105.00
"Kepler-952 b","Kepler-952",130.35469190000,7.65000000,,5730.00
"HD 66428 c","HD 66428",10478.84437000000,,560.64930995,
"Kepler-350 c","Kepler-350",17.84900000000,3.10000000,6.10000000,
"Kepler-1656 b","Kepler-1656",31.56200000000,,47.80000000,
"Qatar-7 b","Qatar-7",2.03204600000,19.05530000,597.52040000,6387.00
"Kepler-1793 b","Kepler-1793",8.77999973300,3.79037518,,5191.00
"Kepler-208 b","Kepler-208",4.22864000000,1.63000000,,6092.00
"Kepler-352 b","Kepler-352",10.05537000000,0.86000000,,5212.00
"HD 167042 b","HD 167042",417.67000000000,,444.00628458,4919.00
"TOI-4930 b","TOI-4930",6.78130241498,6.93277225,,5624.72
"Kepler-1331 b","Kepler-1331",0.78916165300,1.05000000,,4508.00
"WASP-2 b","WASP-2",2.15217500000,12.11692900,295.89973000,5180.00
"Kepler-1483 b","Kepler-1483",9.50851560000,1.52000000,,6337.00
"K2-90 b","K2-90",13.73331400000,2.60000000,,4484.00
"Kepler-190 b","Kepler-190",2.01999900000,1.56000000,,5106.00
"Kepler-317 b","Kepler-317",5.52424200000,2.09000000,,5497.00
"Kepler-931 b","Kepler-931",8.03755877000,1.33000000,,5241.00
"Kepler-240 c","Kepler-240",7.95352800000,2.20000000,,4985.00
"Kepler-1560 b","Kepler-1560",3.03195744000,0.89000000,,5815.00
"Kepler-2000 c","Kepler-2000",20.61803480000,1.57000000,,3757.00
"HD 20781 b","HD 20781",5.31350000000,,1.93000000,5256.00
"TOI-2096 c","TOI-2096",6.38784000000,1.91400000,,3300.00
"TOI-4463 A b","TOI-4463 A",2.88071980000,13.26022417,252.35575516,5640.00
"Kepler-1642 b","Kepler-1642",12.20575130000,3.20000000,,5355.00
"Kepler-504 b","Kepler-504",9.54927542200,1.59000000,,3519.00
"Kepler-171 d","Kepler-171",39.59551900000,1.89000000,,5642.00
"TOI-663 c","TOI-663",4.69555070000,2.26000000,3.65000000,3681.00
"MOA-2012-BLG-006L b","MOA-2012-BLG-006L",,,2700.00000000,
"Kepler-1156 b","Kepler-1156",11.89520511000,1.32000000,,5778.00
"Kepler-53 c","Kepler-53",38.55830380000,3.17000000,36.00000000,5858.00
"KMT-2022-BLG-0303L b","KMT-2022-BLG-0303L",,,163.04597279,
"Kepler-268 b","Kepler-268",25.93413800000,2.55000000,,6081.00
"TIC 153919886 b","TIC 153919886",2.10510492329,2.70601108,,4137.16
"Kepler-273 c","Kepler-273",8.01492700000,1.98000000,,5626.00
"Kepler-1964 b","Kepler-1964",2.44082999200,1.78105870,,4803.00
"OGLE-2017-BLG-1806L b","OGLE-2017-BLG-1806L",,,5.27000000,
"Kepler-183 c","Kepler-183",11.63707100000,2.27000000,,5888.00
"KMT-2019-BLG-0371L b","KMT-2019-BLG-0371L",,,2447.27873390,
"K2-288 B b","K2-288 B",31.39346300000,1.90000000,,3341.00
"2MASS J21252752-8138278 b","2MASS J21252752-8138278",,,3813.94088400,
"KMT-2017-BLG-1194L b","KMT-2017-BLG-1194L",,,3.54000000,
"HATS-2 b","HATS-2",1.35413379000,12.57647635,435.42491759,
"Kepler-1585 b","Kepler-1585",3.58274630000,1.79000000,,5538.00
"HD 17674 b","HD 17674",623.80000000000,,276.51210000,5904.00
"Kepler-5 b","Kepler-5",3.54846570000,15.98403400,670.93913000,6297.00
"OGLE-2018-BLG-0977L b","OGLE-2018-BLG-0977L",,,6.40000000,
"GJ 887 d","GJ 887",50.77000000000,,6.10000000,3688.00
"KMT-2016-BLG-1820L b","KMT-2016-BLG-1820L",,,1450.00000000,
"MXB 1658-298 b","MXB 1658-298",760.00000000000,,7532.57100000,
"BD-08 2823 c","BD-08 2823",237.60000000000,,104.00000000,4746.00
"TOI-2583 A b","TOI-2583 A",4.52072650000,14.45958510,79.45710175,5936.00
"Kepler-1781 b","Kepler-1781",4.88752985000,2.38091029,,5568.00
"TOI-7009 b","TOI-7009",2.32066120000,3.71000000,,4080.00
"K2-220 b","K2-220",13.68186000000,2.37000000,,5612.00
"Kepler-1065 c","Kepler-1065",2.37030743000,1.60000000,,5635.00
"HATS-67 b","HATS-67",1.60917880000,18.88716500,460.85350000,6594.00
"HD 24064 b","HD 24064",535.59998000000,,4096.82870000,4052.00
"TOI-2202 c","TOI-2202",24.67440000000,,117.27868218,5144.00
"Kepler-302 b","Kepler-302",30.18410400000,4.06000000,,5740.00
"HD 11112 b","HD 11112",17244.90764000000,,2598.56505563,
"BD+20 594 b","BD+20 594",41.68550000000,2.57807000,22.24810000,5766.00
"Kepler-1538 b","Kepler-1538",175.13881900000,2.82000000,,5837.00
"Kepler-584 b","Kepler-584",35.18103040000,4.21000000,,6195.00
"Kepler-525 b","Kepler-525",18.68404933000,2.63000000,,5573.00
"Kepler-269 b","Kepler-269",5.32671800000,2.47000000,,5847.00
"G 264-012 c","G 264-012",8.05180000000,,3.75000000,3326.00
"K2-133 b","K2-133",3.07133000000,1.34000000,,3655.00
"TCP J05074264+2447555 b","TCP J05074264+2447555",,,20.00000000,
"TOI-7384 b","TOI-7384",6.23402580000,3.56000000,,3185.00
"HD 176986 b","HD 176986",6.49164000000,,5.36000000,4931.00
"Kepler-290 d","Kepler-290",0.76401755300,0.86000000,,5142.00
"Kepler-1135 b","Kepler-1135",76.95785700000,1.85000000,,5656.00
"K2-119 b","K2-119",7.72728300000,2.53000000,,4740.00
"Kepler-365 b","Kepler-365",10.66490300000,2.04000000,,6012.00
"OGLE-2018-BLG-0506L b","OGLE-2018-BLG-0506L",,,16.30000000,
"K2-233 d","K2-233",24.36810000000,2.36300000,10.30000000,4796.00
"UCAC4 328-061594 b","UCAC4 328-061594",,,6674.39654700,
"GJ 433 c","GJ 433",5094.10500000000,,32.42200000,
"Kepler-43 b","Kepler-43",3.02409490000,13.66377100,1026.59090000,6041.00
"HD 136352 d","HD 136352",107.24500000000,2.56200000,8.82000000,5664.00
"HD 191939 c","HD 191939",28.57974300000,3.19500000,8.00000000,5348.00
"Kepler-605 b","Kepler-605",3.38353806600,1.44000000,,5462.00
"HD 51608 b","HD 51608",14.07260000000,,12.77000000,5358.00
"Kepler-254 d","Kepler-254",18.74647700000,2.50000000,,5957.00
"K2-218 b","K2-218",8.67988500000,2.56948149,,5757.00
"HD 124330 b","HD 124330",270.66000000000,,238.37130525,5873.00
"HD 2685 b","HD 2685",4.12688000000,16.14096000,371.86110000,6801.00
"Kepler-45 b","Kepler-45",2.45523900000,10.76000000,160.49700000,3820.00
"K2-87 b","K2-87",9.72661800000,7.60000000,,5747.00
"CoRoT-30 b","CoRoT-30",9.06005000000,11.30988100,921.70700000,5650.00
"HATS-63 b","HATS-63",3.05665270000,13.52926300,305.11680000,5627.00
"Kepler-1835 b","Kepler-1835",11.96409988000,3.53387773,,5903.00
"Kepler-1802 b","Kepler-1802",15.45020008000,1.67100000,,4245.00
"TOI-1244 b","TOI-1244",6.40031648300,2.46700000,,4599.00
"Kepler-68 e","Kepler-68",3455.00000000000,,86.44932670,5847.00
"Kepler-102 e","Kepler-102",16.14569940000,2.17000000,4.70000000,4909.00
"WISE J033605.05-014350.4 b","WISE J033605.05-014350.4",2560.00000000000,,2622.08435775,415.00
"HD 109286 b","HD 109286",520.10000000000,,950.30693693,5694.00
"Kepler-1427 b","Kepler-1427",0.96897237600,1.10000000,,5793.00
"HD 141399 c","HD 141399",201.99000000000,,422.71390000,5600.00
"MOA-2016-BLG-227L b","MOA-2016-BLG-227L",,,890.00000000,
"HD 192310 c","HD 192310",525.80000000000,,24.00000000,5166.00
"PSR B1257+12 c","PSR B1257+12",66.54190000000,,4.30000000,
"BD+48 740 b","BD+48 740",733.00000000000,,540.31100000,4534.00
"HD 42618 b","HD 42618",149.61000000000,,14.40000000,5727.00
"Kepler-749 b","Kepler-749",17.31716585000,3.10000000,,5009.00
"Kepler-443 b","Kepler-443",177.66930000000,2.33000000,,4723.00
"Kepler-458 c","KIC 9663113",20.74028413000,4.20000000,,6117.21
"K2-131 b","K2-131",0.36930380000,1.69000000,7.90000000,5120.00
"Kepler-92 b","Kepler-92",13.74900000000,3.51000000,64.30000000,
"GJ 1148 c","GJ 1148",532.58000000000,,68.06000000,3287.00
"Kepler-542 b","Kepler-542",13.14497566000,1.57000000,,5526.00
"Kepler-716 c","Kepler-716",3.96999000000,1.39281536,,5012.00
"Kepler-1634 b","Kepler-1634",374.87623900000,3.19000000,,5474.00
"Kepler-929 b","Kepler-929",0.92103213500,1.11000000,,5869.00
"OGLE-2016-BLG-1266L b","OGLE-2016-BLG-1266L",,,3813.94088400,
"Kepler-287 b","Kepler-287",20.34219900000,2.33000000,,5806.00
"K2-32 c","K2-32",20.66093000000,3.13400000,8.10000000,5271.00
"HD 204313 e","HD 204313",7325.64666000000,,4868.17771002,
"HD 213885 c","HD 213885",4.78503000000,,19.95000000,5978.00
"Kepler-718 b","Kepler-718",2.05234990500,16.56000000,,6191.00
"Kepler-139 e","Kepler-139",2047.63537300000,,426.11581520,
"TOI-942 b","TOI-942",4.32421000000,3.89000000,,
"TOI-2104 b","TOI-2104",5.90437045700,1.52898127,,4856.13
"Kepler-1838 b","Kepler-1838",12.14680004000,1.66049425,,5877.00
"Kepler-1503 b","Kepler-1503",96.16987000000,2.27000000,,5069.00
"K2-183 b","K2-183",0.46928500000,1.10000000,,5482.00
"Kepler-150 e","Kepler-150",30.82655700000,3.12000000,,5560.00
"YZ Cet c","YZ Cet",3.05989000000,,1.14000000,3151.00
"Kepler-710 b","Kepler-710",4.34728552700,1.88000000,,5611.00
"Kepler-327 c","Kepler-327",5.21233300000,1.03000000,,3799.00
"ZTF J1230-2655 b","ZTF J1230-2655",0.23597766000,13.78704626,7024.00779470,10000.00
"HD 102843 b","HD 102843",3090.94200000000,,113.90000000,5436.00
"Kepler-329 c","Kepler-329",18.68473700000,1.93000000,,4257.00
"Kepler-1994 b","Kepler-1994",4.61225043000,0.51000000,,5495.00
"Kepler-1615 b","Kepler-1615",47.31261920000,2.06000000,,5865.00
"Kepler-646 b","Kepler-646",15.87364565000,1.99000000,,5634.00
"Kepler-435 b","Kepler-435",8.60015360000,22.31000000,266.97000000,6161.00
"K2-272 b","K2-272",14.45367560000,3.13000000,,5397.00
"Kepler-56 d","Kepler-56",1002.00000000000,,1784.00000000,4819.44
"HD 152581 b","HD 152581",686.50000000000,,594.02427000,5027.00
"Kepler-314 b","Kepler-314",2.46106900000,0.83000000,,5378.00
"MOA-2008-BLG-310L b","MOA-2008-BLG-310L",,,23.40000000,
"K2-138 f","K2-138",12.75758000000,2.90400000,1.63000000,5356.30
"Kepler-139 d","Kepler-139",7.30569992200,1.69500000,4.65807623,
"HIP 116454 b","HIP 116454",9.10041570000,2.46900000,9.70000000,5048.00
"TOI-1750 b","TOI-1750",11.33727129656,2.78943837,,4683.75
"TOI-3837 b","TOI-3837",11.88865000000,10.87271128,187.51876013,5905.00
"Kepler-966 b","Kepler-966",99.74762200000,4.13000000,,5840.00
"OGLE-2019-BLG-1180L b","OGLE-2019-BLG-1180L",,,555.24622703,
"TOI-172 b","TOI-172",9.47725000000,10.81668500,1722.63860000,5645.00
"TOI-1533 c","TOI-1533",8.06379260000,7.50000000,36.60000000,5146.00
"HD 105618 b","HD 105618",10.02245000000,,25.42627256,
"Kepler-292 c","Kepler-292",3.71533500000,1.47000000,,5299.00
"Kepler-207 b","Kepler-207",1.61186500000,1.57000000,,5920.00
"WASP-79 b","WASP-79",3.66239200000,17.14974047,270.15414595,6600.00
"HD 21749 c","GJ 143",7.78993000000,0.89200000,3.70000000,4640.00
"Kepler-193 b","Kepler-193",11.38848000000,2.39000000,,6335.00
"TIC 237913194 b","TIC 237913194",15.16886500000,12.52045300,617.22586000,5788.00
"HD 142245 b","HD 142245",1299.00000000000,,975.73810000,4922.00
"HATS-27 b","HATS-27",4.63703800000,16.81350000,168.44990000,6438.00
"K2-72 c","K2-72",15.18903400000,1.16000000,,3360.47
"Kepler-1093 b","Kepler-1093",25.08246260000,1.95000000,,6166.00
"Kepler-1576 b","Kepler-1576",6.98471973000,1.04000000,,5876.00
"HD 11755 b","HD 11755",433.70001000000,,1789.38290000,4312.00
"KOI-351 e","KOI-351",91.93913000000,2.66000000,,6080.00
"tau Gem b","tau Gem",305.50000000000,,6547.00000000,4388.00
"2MASS J12073346-3932539 b","2MASS J12073346-3932539",,15.69257298,1652.70771640,
"Kepler-1724 b","Kepler-1724",6.45442009000,2.83677238,,6092.00
"Kepler-11 g","Kepler-11",118.38070000000,3.33000000,25.00000000,5663.00
"Kepler-1537 b","Kepler-1537",1.44445379800,1.18000000,,5079.00
"Kepler-1736 b","Kepler-1736",37.81029892000,3.87658560,,6085.00
"Kepler-372 b","Kepler-372",6.84969200000,1.36000000,,6509.00
"Kepler-1428 b","Kepler-1428",10.67607169000,1.64000000,,6184.00
"KMT-2023-BLG-1743L b","KMT-2023-BLG-1743L",,,6356.56814000,
"Kepler-1669 b","Kepler-1669",9.51216000000,2.78043818,,4303.00
"OGLE-2018-BLG-1428L b","OGLE-2018-BLG-1428L",,,240.00000000,
"K2-164 b","K2-164",17.35506600000,3.24925008,,5791.00
"HD 210702 b","HD 210702",355.50000000000,,481.51003660,4912.00
"Kepler-259 b","Kepler-259",8.11531700000,2.80000000,,5938.00
"Kepler-244 b","Kepler-244",4.31179200000,2.76000000,,5554.00
"Kepler-630 b","Kepler-630",161.47439370000,3.18000000,,5829.00
"Kepler-1448 b","Kepler-1448",12.27065865000,1.61000000,,5774.00
"NGTS-35 b","NGTS-35",25.24119200000,10.90000000,152.00000000,4717.00
"TOI-5489 c","TOI-5489",4.92126000000,1.28000000,,3547.00
"OGLE-2018-BLG-1119L b","OGLE-2018-BLG-1119L",,,289.22385037,
"Kepler-1641 b","Kepler-1641",19.67226600000,3.11000000,,6152.00
"Kepler-756 b","Kepler-756",1.22486632200,1.12000000,,5282.00
"Kepler-341 e","Kepler-341",42.47326900000,1.99000000,,6012.00
"Kepler-47 c","Kepler-47",303.22700000000,4.65000000,3.17000000,
"Kepler-42 d","Kepler-42",1.86516900000,0.57000000,,3068.00
"OGLE-2018-BLG-0799L b","OGLE-2018-BLG-0799L",,,82.63538582,
"Kepler-1882 b","Kepler-1882",13.78730011000,1.48674404,,5691.00
"HD 21693 c","HD 21693",53.73570000000,,17.37000000,5430.00
"TOI-5076 b","TOI-5076",23.44316200000,3.48935569,16.14568308,4780.00
"WASP-71 b","WASP-71",2.90367000000,13.22662000,441.78370000,6050.00
"HD 109246 b","HD 109246",68.27000000000,,273.33380000,5844.00
"Kepler-225 b","Kepler-225",6.73897500000,1.20000000,,3682.00
"Kepler-539 c","Kepler-539",1000.00000000000,,762.79200000,5820.00
"HD 111232 c","HD 111232",26472.44623000000,,5740.93451564,
"Kepler-1375 b","Kepler-1375",3.30041920000,1.74000000,,6704.00
"TOI-1450 A b","TOI-1450 A",2.04392740000,1.13000000,1.25800000,3437.00
"Kepler-676 b","Kepler-676",11.59822172000,3.04000000,,3701.00
"TIC 279401253 b","TIC 279401253",76.80000000000,11.20898070,1951.46641898,5951.00
"Kepler-288 b","Kepler-288",6.09732600000,1.67000000,,5918.00
"Kepler-267 b","Kepler-267",3.35372800000,1.98000000,,4258.00
"HIP 109384 b","HIP 109384",499.48000000000,,495.81480000,5180.00
"Kepler-1132 b","Kepler-1132",62.89162280000,2.35000000,,5298.00
"K2-209 b","K2-209",2.08061500000,0.86850263,,4720.00
"Kepler-474 b","Kepler-474",5.66067293500,3.06000000,,5785.00
"K2-291 b","K2-291",2.22517700000,1.58900000,6.49000000,5520.00
"TOI-2346 b","TOI-2346",3.33120290000,16.11851425,394.10722468,6480.00
"Kepler-712 b","Kepler-712",21.02247699000,3.41000000,,5148.00
"TOI-6716 b","TOI-6716",4.71858980000,0.98200000,,3110.00
"WASP-99 b","WASP-99",5.75251000000,11.43318000,772.32690000,6150.00
"K2-157 c","K2-157",25.94200000000,,30.80000000,5334.00
"TOI-663 b","TOI-663",2.59890200000,2.27000000,4.45000000,3681.00
"Kepler-442 b","Kepler-442",112.30530000000,1.34000000,,4402.00
"Kepler-1005 b","Kepler-1005",6.49801525000,1.50000000,,5782.00
"OGLE-2018-BLG-0532L b","OGLE-2018-BLG-0532L",,,6.22800000,
"Kepler-370 c","Kepler-370",19.02293000000,1.91000000,,5852.00
"OGLE-2007-BLG-368L b","OGLE-2007-BLG-368L",,,20.00000000,
"TOI-2580 b","TOI-2580",3.39775000000,17.37392009,200.23189641,6120.00
"Kepler-305 c","Kepler-305",8.29100000000,3.30000000,6.00000000,
"KMT-2023-BLG-0735L b","KMT-2023-BLG-0735L",,,38.77506565,
"Kepler-1433 b","Kepler-1433",4.13592271000,1.56000000,,6097.00
"Kepler-262 c","Kepler-262",21.85372200000,1.64000000,,5841.00
"KMT-2023-BLG-1642L b","KMT-2023-BLG-1642L",,,343.25467956,
"Kepler-1099 b","Kepler-1099",2.16845259300,2.83000000,,5837.00
"TOI-5218 b","TOI-5218",4.29145200000,9.86000000,657.00000000,4230.00
"TOI-1752 c","TOI-1752",32.71443000000,2.29000000,,3762.00
"HD 93385 b","HD 93385",7.34260000000,,4.20000000,5977.00
"K2-91 b","K2-91",1.41954900000,1.10000000,,3622.00
"Kepler-14 b","Kepler-14",6.79012300000,12.73300000,2669.66000000,6395.00
"GJ 896 A b","GJ 896 A",284.39000000000,,718.29219982,
"Kepler-1104 b","Kepler-1104",5.03728015000,1.23000000,,6417.00
"Kepler-957 b","Kepler-957",5.90741353700,5.50000000,,4963.00
"Kepler-267 c","Kepler-267",6.87745000000,2.13000000,,4258.00
"Kepler-1235 b","Kepler-1235",4.16055856000,0.79000000,,5541.00
"Kepler-654 b","Kepler-654",13.72465129000,2.07000000,,5865.00
"HD 13908 b","HD 13908",19.38200000000,,274.91000000,6255.00
"KMT-2023-BLG-0119L b","KMT-2023-BLG-0119L",,,83.70000000,
"K2-403 b","K2-403",33.58997900000,5.33300000,,5511.00
"Kepler-1435 b","Kepler-1435",4.45343281000,0.86000000,,6356.00
"Kepler-120 b","Kepler-120",6.31250100000,2.15000000,,4096.00
"Kepler-1509 b","Kepler-1509",25.43381970000,1.85000000,,5780.00
"Kepler-750 c","Kepler-750",4.08899022000,1.62000000,,6160.00
"KMT-2016-BLG-1107L b","KMT-2016-BLG-1107L",,,1043.00000000,
"TOI-5300 b","TOI-5300",2.26219600000,9.86390302,190.69704420,4610.00
"GJ 9714 b","GJ 9714",19240.75467000000,,2988.54051102,
"Kepler-1090 b","Kepler-1090",198.68017900000,2.25000000,,5321.00
"CoRoT-9 b","CoRoT-9",95.27265600000,11.94879400,266.97720000,5625.00
"Kepler-303 c","Kepler-303",7.06114900000,1.14000000,,3944.00
"NY Vir b","NY Vir",3160.00000000000,,845.42780000,32780.00
"KMT-2021-BLG-0320L b","KMT-2021-BLG-0320L",,,31.78284070,
"Kepler-1981 b","Kepler-1981",453.54212000000,9.23000000,,5874.00
"Kepler-81 b","Kepler-81",5.95500000000,2.42000000,,
"HAT-P-4 b","HAT-P-4",3.05653600000,14.28000000,213.25500000,5860.00
"MASCARA-4 b","MASCARA-4",2.82409320000,16.98160576,532.36258173,7800.00
"Kepler-583 b","Kepler-583",6.51002530000,2.28000000,,5523.00
"Kepler-227 b","Kepler-227",9.48801500000,3.11000000,,5854.00
"Kepler-468 b","Kepler-468",38.47875706700,13.34000000,,5498.00
"EPIC 206024342 d","EPIC 206024342",14.64753100000,2.60000000,,5724.00
"Kepler-1897 b","Kepler-1897",24.22030067000,2.81407954,,5165.00
"TIC 279401253 c","TIC 279401253",155.30000000000,,2548.98382414,5951.00
"Kepler-1122 b","Kepler-1122",42.19173570000,2.04000000,,5544.00
"KMT-2024-BLG-2059L b","KMT-2024-BLG-2059L",,,6.99222495,
"Kepler-194 d","Kepler-194",52.81497300000,2.40000000,,6089.00
"Kepler-136 b","Kepler-136",11.57890000000,2.05000000,,6165.00
"AT2021ueyL b","AT2021ueyL",4168.69000000000,,425.89006538,3680.00
"K2-187 e","K2-187",13.60662900000,1.90000000,,5438.00
"TOI-5110 b","TOI-5110",30.15857700000,11.98240037,921.70238030,6160.00
"Kepler-145 b","Kepler-145",22.95100000000,2.65000000,37.10000000,
"Kepler-1116 b","Kepler-1116",41.69778270000,2.54000000,,5641.00
"MOA-2010-BLG-353L b","MOA-2010-BLG-353L",,,86.00000000,
"Kepler-842 b","Kepler-842",1.21956827000,1.60000000,,4848.00
"Kepler-1489 b","Kepler-1489",82.29475100000,1.77000000,,5655.00
"Kepler-559 b","Kepler-559",17.58752333000,3.61000000,,5630.00
"KMT-2016-BLG-2142L b","KMT-2016-BLG-2142L",,,4923.00000000,
"Kepler-1833 b","Kepler-1833",6.89212989800,1.30027362,,6164.00
"Kepler-23 d","Kepler-23",15.27000000000,2.20600000,4.44000000,5828.00
"HD 219415 b","HD 219415",2093.30000000000,,317.83000000,4820.00
"Kepler-1834 b","Kepler-1834",4.60301017800,1.45938340,,4821.00
"Kepler-1814 b","Kepler-1814",2.93535995500,2.36961357,,4922.00
"K2-125 b","K2-125",21.75026400000,2.18000000,,3654.47
"Kepler-1709 b","Kepler-1709",65.70459747000,3.12424875,,5918.00
"HD 93963 A c","HD 93963 A",3.64513890000,3.11976057,18.40000000,5908.00
"Kepler-1996 c","Kepler-1996",92.72972480000,2.81000000,,4580.00
"MOA-2009-BLG-266L b","MOA-2009-BLG-266L",2800.00000000000,,10.40000000,
"KOI-1257 b","KOI-1257",86.64766100000,10.54000000,460.83000000,5520.00
"Kepler-974 b","Kepler-974",4.19449651400,1.57000000,,3687.00
"TOI-1744.01","TOI-1744",22.34170292700,2.68000000,,6179.00
"TOI-1451 b","TOI-1451",16.53794400000,2.61143902,15.20000000,5801.00
"TOI-1691 b","TOI-1691",16.73688893500,3.66000000,,5759.00
"Kepler-1263 b","Kepler-1263",4.55139967000,1.14000000,,5213.00
"KMT-2019-BLG-0298L b","KMT-2019-BLG-0298L",,,575.26941667,
"TIC 4672985 b","TIC 4672985",69.04800000000,11.50041420,4049.13390518,5757.00
"Kepler-533 b","Kepler-533",28.51120525000,3.38000000,,4758.00
"Kepler-1366 b","Kepler-1366",2.16457096800,1.43000000,,4070.00
"CoRoT-20 c","CoRoT-20",1675.00000000000,,5403.11000000,
"Kepler-1915 b","Kepler-1915",13.83539963000,3.21798413,,6020.00
"TOI-1246 b","TOI-1246",4.30744000000,3.01000000,8.10000000,5151.00
"HIP 8152 b","HIP 8152",10.75101400000,2.53625843,8.90000000,5618.00
"Kepler-1589 b","Kepler-1589",0.99166527400,1.09000000,,6166.00
"Kepler-218 b","Kepler-218",3.61933700000,1.48000000,,5502.00
"Kepler-283 b","Kepler-283",11.00815100000,2.13000000,,4351.00
"Kepler-325 b","Kepler-325",4.54443900000,2.91000000,,5752.00
"OGLE-2015-BLG-1609L b","OGLE-2015-BLG-1609L",,,76.27881768,
"OGLE-2013-BLG-0132L b","OGLE-2013-BLG-0132L",,,92.00000000,
"HD 101930 b","HD 101930",70.46000000000,,79.45750000,5108.00
"Kepler-181 b","Kepler-181",3.13787300000,1.27000000,,5333.00
"CoRoT-18 b","CoRoT-18",1.90006930000,14.68000000,1102.82000000,5440.00
"Kepler-1673 b","Kepler-1673",33.78880000000,2.93551940,,6014.95
"Kepler-1287 b","Kepler-1287",11.47685909000,1.54000000,,5715.00
"GJ 433 b","GJ 433",7.37050000000,,6.04300000,
"HD 80869 b","HD 80869",1752.92067000000,,1609.80088146,
"HD 85390 b","HD 85390",799.52000000000,,31.46517000,5186.00
"TOI-2969 b","TOI-2969",1.82371460000,12.32987877,368.68095212,4738.00
"PSR B1257+12 b","PSR B1257+12",25.26200000000,,0.02000000,
"Kepler-1253 b","Kepler-1253",68.88619150000,1.33000000,,5850.00
"TOI-5624 c","TOI-5624",7.88538500000,2.47400000,4.80000000,5327.00
"TOI-1266 b","TOI-1266",10.89450000000,2.52000000,4.46000000,3563.00
"KMT-2018-BLG-0030L b","KMT-2018-BLG-0030L",,,460.85119015,
"TOI-1782.01","TOI-1782",4.98764102800,2.36800000,,4336.00
"Kepler-92 c","Kepler-92",26.72300000000,2.60000000,6.10000000,
"Kepler-1420 b","Kepler-1420",6.69960006000,1.28000000,,5187.00
"Kepler-1500 b","Kepler-1500",15.03301050000,1.20000000,,5845.00
"HD 22532 b","HD 22532",872.60000000000,,673.79622284,5038.00
"Kepler-748 b","Kepler-748",7.40742793000,2.52000000,,5934.00
"Kepler-1057 b","Kepler-1057",14.08827448000,3.36000000,,5987.00
"CoRoT-13 b","CoRoT-13",4.03519000000,9.92000000,415.70400000,5945.00
"KIC 8121913 b","KIC 8121913",3.29460100000,,667.43965470,5975.30
"Kepler-1323 b","Kepler-1323",0.92990667800,1.52000000,,6169.00
"Kepler-573 b","Kepler-573",22.18329658000,2.79000000,,5746.00
"TOI-1278 b","TOI-1278",14.47567000000,12.21778896,5879.82552950,3799.00
"HIP 111909 b","HIP 111909",487.08000000000,,384.57237247,4891.00
"UKIRT-2017-BLG-001L b","UKIRT-2017-BLG-001L",,,407.00000000,
"Kepler-1479 b","Kepler-1479",14.53261362000,1.83000000,,5796.00
"Kepler-400 b","Kepler-400",9.02438900000,1.65000000,,5886.00
"HD 285507 b","HD 285507",6.08810000000,,311.47340000,4503.00
"Kepler-169 f","Kepler-169",87.09019500000,2.58000000,,4997.00
"Kepler-1146 b","Kepler-1146",2.35226579700,1.23000000,,4692.00
"TOI-532 b","TOI-532",2.32665080000,5.82000000,61.50000000,3927.00
"OGLE-2015-BLG-1771L b","OGLE-2015-BLG-1771L",,,138.00000000,
"Kepler-598 c","Kepler-598",86.49450000000,3.02420941,,5245.00
"24 Sex b","24 Sex",452.80000000000,,632.46000000,5098.00
"Kepler-146 c","Kepler-146",76.73217100000,3.13000000,,5948.00
"WASP-170 b","WASP-170",2.34478022000,12.28506400,508.52800000,5600.00
"Kepler-647 b","Kepler-647",16.22546490000,1.17000000,,6020.00
"HIP 10090 c","HIP 10090",321.82000000000,,270.15414595,5661.00
"HD 208897 b","HD 208897",358.27000000000,,379.48711796,4860.00
"XO-2 N b","XO-2 N",2.61585906000,,188.79007376,5290.00
"NGC 2682 YBP 1194 b","NGC 2682 YBP 1194",6.95900000000,,101.70560000,5780.00
"KMT-2017-BLG-1057L b","KMT-2017-BLG-1057L",,,23.50000000,
"Kepler-252 c","Kepler-252",10.84846300000,2.15000000,,4208.00
"Kepler-1704 b","Kepler-1704",988.88112000000,11.94877343,1322.16617312,5746.00
"Kepler-875 b","Kepler-875",27.50737990000,2.90000000,,5958.00
"Kepler-226 c","Kepler-226",5.34955500000,2.27000000,,5571.00
"Kepler-865 b","Kepler-865",14.16399294000,2.49000000,,5570.00
"DENIS-P J082303.1-491201 b","DENIS-P J082303.1-491201",246.36000000000,,9057.77000000,
"Kepler-1987 e","Kepler-1987",8.74292005000,1.92000000,,4769.00
"GJ 667 C g","GJ 667 C",256.20000000000,,4.60000000,3350.00
"Kepler-277 b","Kepler-277",17.32400000000,2.92000000,87.30000000,
"Kepler-557 b","Kepler-557",3.70598955100,2.67000000,,6068.00
"Kepler-895 b","Kepler-895",2.80624232800,1.54000000,,4315.00
"Kepler-1278 b","Kepler-1278",3.23941344000,1.01000000,,6074.00
"Kepler-97 c","Kepler-97",789.00000000000,,344.00000000,5779.00
"Kepler-708 b","Kepler-708",3.16789193800,2.93000000,,5692.00
"MOA-2015-BLG-337L b","MOA-2015-BLG-337L",,,33.70000000,
"Kepler-152 b","Kepler-152",18.20797300000,2.79000000,,5088.00
"Kepler-222 b","Kepler-222",3.93698100000,3.16000000,,5433.00
"XO-5 b","XO-5",4.18775580000,12.78000000,378.20000000,5430.00
"MOA-2012-BLG-505L b","MOA-2012-BLG-505L",,,6.70000000,
"Kepler-690 b","Kepler-690",7.74809437400,5.95000000,,5913.00
"Kepler-1637 b","Kepler-1637",6.10960324000,0.89000000,,5789.00
"G 192-15 b","G 192-15",2.27476000000,,1.03000000,
"K2-223 b","K2-223",0.50557000000,0.89000000,,5859.00
"Kepler-1906 b","Kepler-1906",7.36268997200,2.77615754,,5868.00
"Kepler-1022 b","Kepler-1022",10.99469878000,2.36000000,,4445.00
"HD 217786 b","HD 217786",1301.36009000000,,4402.55909376,
"Kepler-1049 b","Kepler-1049",3.27346073600,0.95000000,,3864.00
"TOI-1295 b","TOI-1295",3.19688380000,15.69257298,451.31633794,6280.00
"Kepler-1487 b","Kepler-1487",7.31946363000,2.13000000,,6541.00
"OGLE-2017-BLG-1375L b","OGLE-2017-BLG-1375L",,,3585.00000000,
"Kepler-198 c","Kepler-198",49.56741600000,2.47000000,,5574.00
"POTS-1 b","POTS-1",3.16062960000,10.54800000,734.16000000,4400.00
"KMT-2021-BLG-0852L b","KMT-2021-BLG-0852L",,,155.73591943,
"Kepler-876 b","Kepler-876",5.14438011000,1.43000000,,5060.00
"Kepler-1412 b","Kepler-1412",3.61460510000,0.83000000,,5880.00
"Kepler-1571 b","Kepler-1571",3.38555488000,1.52000000,,6297.00
"TOI-5777 b","TOI-5777",6.91716177373,3.09551273,,4408.03
"Kepler-172 e","Kepler-172",35.11873600000,2.76000000,,5526.00
"HD 25463 b","HD 25463",7.04914230000,2.54535814,8.70000000,6353.00
"Kepler-1802 c","Kepler-1802",33.13610077000,2.32200000,,4245.00
"HD 164509 b","HD 164509",280.17000000000,,140.79869000,5859.00
"WASP-66 b","WASP-66",4.08605000000,15.69260000,746.90050000,6600.00
"TOI-3629 b","TOI-3629",3.93655100000,8.29464572,82.63538582,3870.00
"HD 80913 b","HD 80913",10839.83341000000,,7505.20000290,
"K2-319 b","K2-319",26.68000000000,2.79000000,,5440.00
"Kepler-1098 b","Kepler-1098",2.54307285500,1.30000000,,5794.00
"Kepler-800 b","Kepler-800",14.13176026000,2.85000000,,5315.00
"Kepler-58 b","Kepler-58",10.21849540000,2.78000000,35.50000000,5843.00
"HD 43197 b","HD 43197",308.92072000000,,175.75910907,
"Kepler-1020 b","Kepler-1020",96.91514960000,2.28000000,,5227.00
"MOA-2010-BLG-073L b","MOA-2010-BLG-073L",,,3500.00000000,
"Kepler-1175 b","Kepler-1175",37.94563000000,2.99000000,,5453.00
"Kepler-389 c","Kepler-389",14.51143000000,1.46000000,,5376.00
"Kepler-1853 b","Kepler-1853",48.88819885000,1.51862272,,4821.00
"Kepler-373 c","Kepler-373",16.72594800000,1.24000000,,5787.00
"TOI-558 b","TOI-558",14.57407100000,12.17295304,1147.36054927,6466.00
"Kepler-424 b","Kepler-424",3.31186440000,9.98000000,327.35000000,5460.00
"MOA-2010-BLG-477L b","MOA-2010-BLG-477L",,,480.00000000,5950.00
"HD 46375 b","HD 46375",3.02357300000,,71.80000000,5285.00
"GJ 163 d","GJ 163",603.95116000000,,29.40000000,
"Kepler-1633 b","Kepler-1633",186.40427100000,1.58000000,,6256.00
"TOI-261.01","TOI-261",3.36392540000,3.04498630,,5890.30
"Kepler-1593 b","Kepler-1593",174.50983500000,3.17000000,,4995.00
"K2-210 b","K2-210",0.57023000000,0.86000000,,5500.00
"TOI-4308 b","TOI-4308",9.15120100000,2.41890000,,5243.00
"OGLE-2015-BLG-0051L b","OGLE-2015-BLG-0051L",,,230.00000000,
"Kepler-100 c","Kepler-100",12.81590000000,2.20000000,7.05000000,5825.00
"K2-258 b","K2-258",19.09210000000,3.00000000,,6351.00
"Kepler-641 b","Kepler-641",9.48961571000,1.85000000,,5713.00
"K2-9 b","K2-9",18.44980000000,2.25000000,,3390.00
"Kepler-1587 b","Kepler-1587",9.40604670000,1.33000000,,5933.00
"Kepler-490 b","Kepler-490",3.26869515400,11.65000000,,6045.00
"WASP-3 b","WASP-3",1.84683000000,15.91678000,772.32690000,6400.00
"Kepler-1528 b","Kepler-1528",1.79111020500,1.46000000,,5857.00
"Kepler-1600 b","Kepler-1600",386.37054800000,3.13000000,,5214.00
"KMT-2024-BLG-1044L b","KMT-2024-BLG-1044L",,,7.75000000,
"Gaia-5 b","Gaia-5",358.62000000000,,6633.07885409,3447.00
"Kepler-601 b","Kepler-601",5.37886844100,1.90000000,,5160.00
"Kepler-311 c","Kepler-311",19.73828600000,1.43000000,,5905.00
"Kepler-760 c","Kepler-760",2.46697439000,1.48000000,,5322.00
"Kepler-537 b","Kepler-537",3.24755521900,1.41000000,,5763.00
"Kepler-104 d","Kepler-104",51.75539400000,3.58000000,,5711.00
"HD 23472 f","HD 23472",12.16218390000,1.13700000,0.77000000,4684.00
"Kepler-144 b","Kepler-144",5.88527300000,1.33000000,,6075.00
"Kepler-224 e","Kepler-224",18.64357700000,1.97000000,,5018.00
"Kepler-149 c","Kepler-149",55.32832800000,1.61000000,,5381.00
"KMT-2019-BLG-2783L b","KMT-2019-BLG-2783L",,,368.68095212,
"TOI-2989 b","TOI-2989",3.12283200000,12.55405838,953.48522100,4672.00
"Kepler-532 b","Kepler-532",12.92491623000,2.57000000,,5192.00
"Kepler-1859 c","Kepler-1859",3.59645081000,1.66000000,,5887.00
"TIC 139270665 b","TIC 139270665",23.62400000000,7.22979255,147.15455244,5844.00
"K2-372 b","K2-372",9.84407700000,2.94500000,,5479.00
"GJ 180 b","GJ 180",17.13300000000,,6.49000000,
"Kepler-1078 b","Kepler-1078",3.00725242000,1.90000000,,5612.00
"OGLE-2008-BLG-092L b","OGLE-2008-BLG-092L",,,57.00000000,
"KMT-2019-BLG-0297L b","KMT-2019-BLG-0297L",,,6038.73973300,
"KMT-2021-BLG-0192L b","KMT-2021-BLG-0192L",,,34.96112477,
"Kepler-155 b","Kepler-155",5.93119400000,2.09000000,,4508.00
"1RXS J160929.1-210524 b","1RXS J160929.1-210524",,,3000.00000000,4060.00
"LHS 1678 c","LHS 1678",3.69428400000,0.94100000,,3490.00
"K2-339 b","K2-339",19.50742800000,1.92000000,,4857.00
"HD 285968 b","HD 285968",8.78360000000,,8.40000000,
"Gaia22dkvL b","Gaia22dkvL",,,187.83658854,
"OGLE-2019-BLG-0362L b","OGLE-2019-BLG-0362L",,,1036.12060682,
"Kepler-115 b","Kepler-115",2.40367900000,1.09000000,,5979.00
"eps Eri b","eps Eri",2680.00000000000,,317.82840700,
"Kepler-106 b","Kepler-106",6.16486000000,0.82000000,5.30000000,5858.00
"Kepler-332 b","Kepler-332",7.62632400000,1.17000000,,4955.00
"WISPIT 2 b","WISPIT 2",,,1541.46777395,4400.00
"HD 99492 c","HD 99492",95.23300000000,,17.90000000,4929.00
"TOI-5720 b","TOI-5720",1.43445550000,1.09000000,4.30000000,3325.00
"Kepler-612 b","Kepler-612",3.72215641300,2.84000000,,5693.00
"TOI-1839 b","TOI-1839",1.42378440907,2.21895097,,5315.91
"TOI-4603 b","TOI-4603",7.24599000000,11.67975789,4096.80816623,6264.00
"Kepler-831 b","Kepler-831",5.62153941000,1.27000000,,5732.00
"Kepler-445 c","Kepler-445",4.87122900000,2.51000000,,3157.00
"HIP 4845 b","HIP 4845",34.15000000000,,14.40000000,
"Kepler-33 e","Kepler-33",31.78440000000,4.02000000,,5904.00
"Kepler-1469 b","Kepler-1469",21.86353010000,2.80000000,,5507.00
"NGC 2682 Sand 978 b","NGC 2682 Sand 978",511.21000000000,,692.86940000,4200.00
"TOI-6281 b","TOI-6281",1.05426244177,1.92416074,,4533.23
"TOI-6651 b","TOI-6651",5.05697300000,5.09000000,61.00000000,5940.00
"TOI-791 c","TOI-791",232.01570000000,12.94637271,18.60000000,6294.00
"K2-290 b","K2-290",9.21165000000,3.06000000,10.90000000,6302.00
"Kepler-191 d","Kepler-191",5.94504101700,2.28000000,,5215.00
"K2-395 b","K2-395",4.80335200000,2.59700000,,5007.00
"HD 192310 b","HD 192310",74.72000000000,,16.90000000,5166.00
"HATS-47 b","HATS-47",3.92280380000,12.52045300,117.27927000,4512.00
"GJ 682 c","GJ 682",57.32000000000,,8.70000000,3028.00
"HD 40307 c","HD 40307",9.61840000000,,6.60000000,4956.00
"Kepler-1130 d","Kepler-1130",4.27225017500,0.64472273,,5450.00
"HD 141004 b","HD 141004",15.50830000000,,13.63483866,5885.38
"Kepler-1859 b","Kepler-1859",2.72959995300,1.58313575,,5887.00
"Kepler-1050 b","Kepler-1050",15.37875460000,1.60000000,,6010.00
"HD 42012 b","HD 42012",857.50000000000,,508.52800000,5405.00
"Kepler-170 c","Kepler-170",16.66586300000,2.86000000,,5679.00
"Kepler-55 b","Kepler-55",27.94814490000,2.43000000,,4362.00
"Kepler-236 c","Kepler-236",23.96812700000,2.00000000,,3750.00
"Kepler-1941 b","Kepler-1941",31.33510017000,2.64976949,,6404.00
"Kepler-1333 b","Kepler-1333",109.64718420000,2.81000000,,5628.00
"GJ 160.2 b","GJ 160.2",5.23540000000,,10.20000000,4347.00
"TOI-2589 b","TOI-2589",61.62770000000,12.10569916,1112.39942450,5579.00
"TOI-2180 b","TOI-2180",260.79000000000,11.32107051,875.61726129,5695.00
"Kepler-1924 b","Kepler-1924",15.33170033000,2.65446572,,5726.00
"Kepler-1052 b","Kepler-1052",34.85382760000,2.93000000,,5888.00
"Kepler-1223 b","Kepler-1223",16.30125900000,1.22000000,,4870.00
"OGLE-2018-BLG-0677L b","OGLE-2018-BLG-0677L",,,3.96000000,
"Kepler-1934 b","Kepler-1934",1.41975998900,0.91307734,,5925.00
"EPIC 206024342 c","EPIC 206024342",0.91172400000,1.40000000,,5724.00
"Kepler-313 b","Kepler-313",14.97041800000,2.53000000,,5727.00
"HAT-P-69 b","HAT-P-69",4.78694910000,18.78628400,1137.83140000,7394.00
"HD 332231 b","HD 332231",18.71202400000,9.07303305,74.10000000,6128.00
"Kepler-1892 b","Kepler-1892",6.33123016400,1.83707938,,5383.00
"EPIC 211945201 b","EPIC 211945201",19.49221000000,5.76000000,,6069.00
"Kepler-38 b","Kepler-38",105.59900000000,4.30000000,122.00000000,5623.00
"K2-254 b","K2-254",4.09639000000,1.63000000,,4629.00
"HD 200964 c","HD 200964",852.50000000000,,385.84562000,4982.00
"Kepler-996 b","Kepler-996",3.77059058400,1.98000000,,6014.00
"KOI-3680 b","KOI-3680",141.24167100000,11.09691000,613.41190000,5830.00
"Kepler-289 d","Kepler-289",66.02820000000,3.03000000,5.33000000,5990.00
"OGLE-2012-BLG-0950L b","OGLE-2012-BLG-0950L",,,35.00000000,
"K2-136 d","K2-136",25.57500000000,1.56500000,3.00000000,4500.00
"Kepler-103 b","Kepler-103",15.96532870000,3.48570000,11.67000000,6047.00
"TOI-912 b","TOI-912",4.67806910000,1.93000000,5.10000000,3572.00
"HR 858 c","HR 858",5.97386500000,1.97900000,3.80000000,6354.00
"Kepler-944 b","Kepler-944",43.31677370000,2.63000000,,5409.00
"KMT-2021-BLG-1689L b","KMT-2021-BLG-1689L",,,46.00000000,4570.00
"Kepler-1983 b","Kepler-1983",7.32851947000,2.33000000,,5135.00
"K2-138 b","K2-138",2.35309000000,1.51000000,3.10000000,5356.30
"Kepler-208 e","Kepler-208",16.25945800000,1.48000000,,6092.00
"Kepler-1284 b","Kepler-1284",0.66407380600,1.21000000,,5123.00
"HATS-31 b","HATS-31",3.37796000000,18.38276000,279.69040000,6050.00
"Kepler-1619 b","Kepler-1619",23.62259130000,0.76000000,,5852.00
"KOI-1599.01","KOI-1599",20.44150000000,1.90000000,4.60000000,
"Kepler-1512 b","Kepler-1512",20.35972599000,1.18000000,,4372.00
"Kepler-163 c","Kepler-163",21.34726200000,2.26000000,,5776.00
"Kepler-953 b","Kepler-953",88.40655258000,4.21000000,,5416.00
"KMT-2020-BLG-0414L c","KMT-2020-BLG-0414L",,,8581.36698900,
"K2-240 b","K2-240",6.03400000000,2.00000000,,3810.00
"HD 81817 b","HD 81817",1021.20159000000,,7668.56380410,
"OGLE-2017-BLG-1099L b","OGLE-2017-BLG-1099L",,,959.84178914,
"TOI-654.01","TOI-654",1.52756100000,2.37800000,8.71000000,3521.00
"Kepler-196 c","Kepler-196",47.42773700000,2.24000000,,5128.00
"OGLE-2014-BLG-1722L b","OGLE-2014-BLG-1722L",,,55.30000000,
"OGLE-2012-BLG-0838L b","OGLE-2012-BLG-0838L",,,53.10000000,
"HIP 8923 b","HIP 8923",5160.00000000000,,3171.92750186,5980.00
"Kepler-935 b","Kepler-935",4.88083852000,1.35000000,,4830.00
"Kepler-268 c","Kepler-268",83.44639300000,3.38000000,,6081.00
"K2-179 b","K2-179",5.17219100000,2.51267885,,5015.00
"K2-35 b","K2-35",2.39996400000,1.32000000,,4402.71
"MOA-2011-BLG-293L b","MOA-2011-BLG-293L",,,1500.00000000,
"Kepler-770 c","Kepler-770",1.47532231400,1.20000000,,5598.00
"Kepler-1330 b","Kepler-1330",10.10769068000,1.65000000,,5608.00
"Kepler-1466 b","Kepler-1466",31.17504480000,1.55000000,,5884.00
"Kepler-1869 b","Kepler-1869",8.16736030600,1.11955354,,5808.00
"XO-2 S c","XO-2 S",120.05900000000,,438.60320166,5325.00
"TOI-1301.01","TOI-1301",6.09640720900,2.47700000,,4820.00
"Kepler-1533 b","Kepler-1533",308.54710000000,3.46000000,,6431.00
"HD 60532 c","HD 60532",600.10000000000,,797.75330000,6245.00
"Kepler-361 b","Kepler-361",8.48661600000,1.45000000,,6169.00
"Kepler-660 b","Kepler-660",9.27358194000,2.57000000,,4779.00
"MOA-2020-BLG-208L b","MOA-2020-BLG-208L",,,46.00000000,
"CoRoT-36 b","CoRoT-36",5.61653100000,15.80466279,216.12331676,6730.00
"Kepler-312 c","Kepler-312",19.74741200000,3.15000000,,6115.00
"K2-69 b","K2-69",7.06599000000,2.32000000,,4127.00
"HATS-66 b","HATS-66",3.14143910000,15.81589900,1694.03390000,6626.00
"Kepler-379 b","Kepler-379",20.09838000000,1.66000000,,6054.00
"Kepler-591 b","Kepler-591",81.16942990000,3.39000000,,5677.00
"Kepler-174 c","Kepler-174",44.00052900000,1.49000000,,4880.00
"Kepler-857 b","Kepler-857",85.35129427000,6.80000000,,5773.00
"Kepler-11 e","Kepler-11",31.99960000000,4.19000000,8.00000000,5663.00
"Kepler-1227 b","Kepler-1227",94.28875770000,2.29000000,,5747.00
"KMT-2025-BLG-0481L b","KMT-2025-BLG-0481L",,,187.51876013,
"Kepler-1695 b","Kepler-1695",4.73290000000,1.11948901,,5473.19
"TOI-669 b","TOI-669",3.94515200000,2.58606487,10.00000000,5597.00
"Kepler-154 f","Kepler-154",9.91935684000,1.50000000,,5769.00
"K2-95 b","K2-95",10.13464540000,3.31000000,,3566.00
"OGLE-2023-BLG-0766L b","OGLE-2023-BLG-0766L",,,349.61124770,
"gam Lib b","gam Lib",414.88000000000,,357.87478628,4879.00
"Kepler-484 b","Kepler-484",10.04556931300,2.28000000,,5668.00
"HAT-P-24 b","HAT-P-24",3.35524000000,14.57170000,238.37250000,6373.00
"HD 158038 b","HD 158038",521.00000000000,,486.27990000,4860.00
"Kepler-384 c","Kepler-384",45.34826900000,1.13000000,,5577.00
"OGLE-2015-BLG-0966L b","OGLE-2015-BLG-0966L",,,21.00000000,
"Kepler-1046 b","Kepler-1046",14.37508035000,1.71000000,,5913.00
"Kepler-1554 b","Kepler-1554",198.08877400000,2.90000000,,5297.00
"K2-222 b","K2-222",15.38892740000,2.27500000,7.50000000,5942.00
"Kepler-277 c","Kepler-277",33.00600000000,3.36000000,64.20000000,
"Kepler-1311 d","Kepler-1311",197.51100160000,9.65837605,,5616.00
"Kepler-802 b","Kepler-802",40.05874730000,3.54000000,,5507.00
"TOI-5143 c","TOI-5143",5.20971180000,16.25302201,,5183.00
"HD 141937 b","HD 141937",662.37000000000,,3591.46099910,5870.00
"Kepler-956 b","Kepler-956",5.24867263100,3.00000000,,6040.00
"Kepler-200 b","Kepler-200",8.59480500000,2.13000000,,5678.00
"Kepler-912 b","Kepler-912",2.53475627300,2.80000000,,5998.00
"HAT-P-52 b","HAT-P-52",2.75359530000,11.30988100,259.98494000,5131.00
"Kepler-1090 c","Kepler-1090",42.42720032000,3.29265785,,5330.00
"OGLE-2011-BLG-0251L b","OGLE-2011-BLG-0251L",,,170.00000000,
"HD 25171 b","HD 25171",1802.29000000000,,290.81445000,6125.00
"KMT-2018-BLG-1990L b","KMT-2018-BLG-1990L",,,111.00000000,
"Kepler-787 b","Kepler-787",0.92831049800,1.28000000,,4248.00
"TOI-4487 A b","TOI-4487 A",3.95407090000,14.60530185,397.28550875,6206.00
"Kepler-1291 b","Kepler-1291",8.63043276000,1.66000000,,5216.00
"Kepler-169 e","Kepler-169",13.76710200000,2.20000000,,4997.00
"Kepler-829 b","Kepler-829",6.88337562000,2.11000000,,5698.00
"Kepler-1127 b","Kepler-1127",5.12330347000,1.96000000,,5664.00
"K2-68 b","K2-68",8.05428000000,1.58000000,,4746.00
"Kepler-1358 b","Kepler-1358",7.06317341000,1.12000000,,5181.00
"OGLE-2017-BLG-1049L b","OGLE-2017-BLG-1049L",,,1760.00000000,
"Kepler-245 e","Kepler-245",3.21982105600,1.75000000,,5174.00
"OGLE-2014-BLG-0221L b","OGLE-2014-BLG-0221L",,,1382.55357045,
"NGTS-17 b","NGTS-17",3.24253000000,13.89913607,242.82090295,5650.00
"Kepler-182 b","Kepler-182",9.82579200000,2.58000000,,6250.00
"KMT-2024-BLG-1281L b","KMT-2024-BLG-1281L",,,19.06970442,
"Kepler-845 b","Kepler-845",0.92785982100,2.04000000,,4913.00
"KMT-2024-BLG-1005L b","KMT-2024-BLG-1005L",,,6674.39654700,
"TOI-7166 b","TOI-7166",12.92063621000,2.01000000,,3099.00
"Kepler-1814 c","Kepler-1814",0.62628176600,1.76000000,,4922.00
"Kepler-1086 b","Kepler-1086",18.78425728000,2.44000000,,4350.00
"Kepler-272 c","Kepler-272",6.05734200000,1.79000000,,5297.00
"Kepler-266 b","Kepler-266",6.61833000000,2.48000000,,5885.00
"K2-352 b","K2-352",3.66591200000,1.37000000,,5791.00
"Kepler-36 c","Kepler-36",16.21865000000,3.67900000,7.13000000,5979.00
"Kepler-466 c","Kepler-466",3.70921384600,1.25000000,,5927.00
"HD 134987 b","HD 134987",258.17999000000,,511.70630000,5736.00
"HD 189567 c","HD 189567",33.68800000000,,7.00000000,5726.00
"Kepler-1652 b","Kepler-1652",38.09722000000,1.60000000,,3638.00
"Teegarden's Star c","Teegarden's Star",11.41600000000,,1.05000000,3034.00
"Kepler-1899 b","Kepler-1899",4.09577989600,1.55098292,,4791.00
"Kepler-352 c","Kepler-352",16.33299500000,1.24000000,,5212.00
"Kepler-256 c","Kepler-256",3.38802000000,2.15000000,,5551.00
"OGLE-2016-BLG-1598L b","OGLE-2016-BLG-1598L",,,120.77479466,
"HD 28678 b","HD 28678",380.20000000000,,490.09386000,4972.00
"TOI-5386 A b","TOI-5386 A",3.62156552000,14.70618268,155.10026262,6094.00
"Kepler-370 b","Kepler-370",4.57953000000,1.59000000,,5852.00
"TOI-2641 b","TOI-2641",4.88097400000,18.10250383,122.68176510,6100.00
"HD 83443 b","HD 83443",2.98562800000,,127.76701961,5442.00
"omi UMa b","omi UMa",1569.81000000000,,1160.39151396,5075.00
"KMT-2017-BLG-2331L b","KMT-2017-BLG-2331L",,,171.00000000,
"BD-10 3166 b","BD-10 3166",3.48777000000,,187.51970000,5393.00
"KMT-2021-BLG-1554L b","KMT-2021-BLG-1554L",,,38.13940884,
"HATS-71 b","HATS-71",3.79552020000,11.47801600,117.59710000,3405.00
"TOI-1648 b","TOI-1648",7.33160200000,2.54000000,7.40000000,4850.00
"Kepler-1085 c","Kepler-1085",56.77710000000,3.26817741,,5816.00
"GJ 3138 c","GJ 3138",5.97400000000,,4.18000000,3717.00
"WASP-187 b","WASP-187",5.14787800000,18.38276000,254.26400000,6150.00
"Kepler-948 b","Kepler-948",7.76846622000,1.85000000,,5679.00
"GJ 180 d","GJ 180",106.30000000000,,7.56000000,
"Kepler-509 b","Kepler-509",41.74600392000,2.49000000,,6060.00
"TOI-1659.01","TOI-1659",5.87755632800,2.25500000,,5977.00
"Kepler-1991 c","Kepler-1991",22.79020351000,2.57000000,,5478.00
"Kepler-1735 b","Kepler-1735",7.71792984000,1.19429134,,3975.00
"Kepler-332 d","Kepler-332",34.21154000000,1.18000000,,4955.00
"TIC 349520724 b","TIC 349520724",7.94044635021,2.82626313,,5098.60
"Kepler-752 b","Kepler-752",18.82747265000,2.81000000,,5373.00
"NGTS-27 b","NGTS-27",3.37041810000,15.64773706,188.47224535,5700.00
"Kepler-1729 b","Kepler-1729",4.22097015400,3.89404186,,3837.00
"Kepler-206 d","Kepler-206",23.44281000000,1.19000000,,5764.00
"Kepler-1955 b","Kepler-1955",14.26519966000,1.16654878,,5825.00
"HD 82943 c","HD 82943",220.07800000000,,622.60300000,5935.00
"HIP 35965 b","HIP 35965",26125.56497000000,,2589.98368864,
"CoRoT-31 b","CoRoT-31",4.62941000000,16.36514000,266.97720000,5700.00
"Kepler-279 c","Kepler-279",35.73600000000,4.30000000,49.40000000,
"Kepler-1486 b","Kepler-1486",54.64957590000,2.32000000,,5965.00
"NGTS-31 b","NGTS-31",4.16273400000,18.04645893,355.96781584,5710.00
"HD 143361 b","HD 143361",1039.15000000000,,1122.57556000,5507.00
"HD 132563 b","HD 132563",1544.00000000000,,473.54700000,6289.00
"EPIC 206317286 b","EPIC 206317286",1.58252000000,0.96000000,,
"TOI-1710 b","TOI-1710",24.28336000000,5.06000000,19.10000000,5775.00
"Kepler-363 b","Kepler-363",3.61456800000,1.16000000,,5593.00
"Kepler-102 d","Kepler-102",10.31176700000,1.15400000,3.00000000,4909.00
"TIC 260969020 b","TIC 260969020",8.48584501953,2.22686612,,4572.94
"Kepler-1234 b","Kepler-1234",11.94014029000,2.81000000,,4967.00
"WASP-132 b","WASP-132",7.13351640000,10.09929161,136.03055820,4686.00
"Kepler-354 c","Kepler-354",16.93440200000,1.31000000,,4648.00
"TOI-1450 A c","TOI-1450 A",5.06880000000,,1.52700000,3437.00
"OGLE-2015-BLG-0954L b","OGLE-2015-BLG-0954L",,,1100.00000000,
"Kepler-1891 b","Kepler-1891",4.02229023000,1.52139156,,5516.00
"GJ 229 A c","GJ 229",121.93268000000,,8.58136699,
"Kepler-344 b","Kepler-344",21.96394500000,2.61000000,,5774.00
"MOA-2009-BLG-387L b","MOA-2009-BLG-387L",1980.00000000000,,830.00000000,
"HAT-P-70 b","HAT-P-70",2.74432452000,20.96083000,2154.88740000,8450.00
"K2-381 c","K2-381",16.03465600000,2.00000000,,4473.00
"HD 331093 b","HD 331093",621.62000000000,,476.74261050,5544.00
"HIP 38594 c","HIP 38594",3477.76800000000,,48.40000000,
"HD 196050 b","HD 196050",1392.00000000000,,1493.79351290,
"HATS-77 b","HATS-77",3.08762620000,13.05846252,436.69623122,4071.00
"HD 99706 c","HD 99706",1278.00000000000,,1808.45270000,
"Kepler-10 d","Kepler-10",151.06000000000,,12.00000000,5708.00
"TOI-2040 b","TOI-2040",3.86085760000,10.32347122,248.22398587,5132.00
"KELT-23 A b","KELT-23 A",2.25525100000,14.82950700,298.12454000,5899.00
"TOI-2046 b","TOI-2046",1.49718420000,16.14093221,731.00533610,6250.00
"HD 35843 c","HD 35843",46.96220000000,2.54000000,11.32000000,5666.00
"Kepler-1272 b","Kepler-1272",51.13097040000,2.37000000,,5926.00
"Kepler-69 c","Kepler-69",242.46130000000,1.71000000,,5638.00
"Kepler-263 b","Kepler-263",16.56808700000,2.67000000,,5265.00
"Kepler-594 b","Kepler-594",13.64618192000,2.18000000,,5485.00
"UZ For b","UZ For",5840.00000000000,,2002.20000000,
"WASP-55 b","WASP-55",4.46563100000,14.72860064,186.24744650,6096.00
"Kepler-881 b","Kepler-881",4.44448017000,1.78000000,,5961.00
"TOI-2092 b","TOI-2092",4.30325528074,2.94892961,,5842.06
"K2-194 b","K2-194",39.72138600000,3.64229858,,5979.00
"OGLE-TR-10 b","OGLE-TR-10",3.10127800000,14.01100000,197.04600000,5950.00
"Kepler-139 b","Kepler-139",15.77104400000,2.94000000,,5594.00
"HD 131496 b","HD 131496",896.00000000000,,572.09400000,4846.00
"K2-17 b","K2-17",17.96753000000,2.23000000,,4320.00
"K2-188 b","K2-188",1.74216900000,1.35000000,,5977.00
"K2-38 b","K2-38",4.01593000000,1.54000000,7.30000000,5731.00
"Kepler-1365 b","Kepler-1365",7.69993485000,0.92000000,,5770.00
"Kepler-60 c","Kepler-60",8.91870000000,1.90000000,3.85000000,5905.00
"LHS 3154 b","LHS 3154",3.71778000000,,13.15000000,2861.00
"HATS-17 b","HATS-17",16.25461100000,8.70939300,425.25654000,5846.00
"Kepler-1522 b","Kepler-1522",1.84788917100,1.73000000,,5706.00
"Kepler-1411 b","Kepler-1411",86.11508880000,2.82000000,,5664.00
"HD 183263 c","HD 183263",4667.97841000000,,2958.98246917,
"HD 88072 b","HD 88072",18538.79293000000,,2511.79790052,
"K2-140 b","K2-140",6.56918800000,13.56286665,295.58041851,5585.00
"K2-43 b","K2-43",3.47114900000,4.51000000,,3840.60
"Kepler-1780 b","Kepler-1780",109.44499970000,3.60600667,,5403.00
"K2-284 b","K2-284",4.79506900000,2.78000000,,4140.00
"Kepler-877 b","Kepler-877",18.45847097000,2.12000000,,5261.00
"HD 161178 b","HD 161178",279.30000000000,,181.16219199,4786.00
"Kepler-390 c","Kepler-390",13.06002200000,0.79000000,,5166.00
"TOI-4791 b","TOI-4791",4.28088000000,12.44196858,734.18362017,6058.00
"Kepler-1191 b","Kepler-1191",5.60014851000,1.51000000,,5308.00
"Kepler-1561 b","Kepler-1561",1.00520700700,1.09000000,,5957.00
"HD 156279 c","HD 156279",4818.25358000000,,3098.82696825,
"TOI-5082.01","TOI-5082",4.24012200000,2.54811000,,5670.00
"Kepler-1475 b","Kepler-1475",82.17737400000,2.92000000,,6214.00
"HD 100655 b","HD 100655",157.57001000000,,511.70630000,4891.00
"Kepler-1816 b","Kepler-1816",91.50099945000,1.96793970,,5051.00
"Kepler-475 b","Kepler-475",3.10550818900,2.49000000,,5009.00
"Kepler-303 b","Kepler-303",1.93705500000,0.89000000,,3944.00
"Kepler-1260 b","Kepler-1260",19.11877530000,1.77000000,,5961.00
"GJ 3988 b","GJ 3988",6.94420000000,,3.69000000,3273.00
"Kepler-143 c","Kepler-143",27.08251100000,3.37000000,,5848.00
"HD 180902 b","HD 180902",510.90000000000,,535.54355000,4961.00
"Kepler-755 c","Kepler-755",2.85313364400,1.26000000,,5043.00
"WASP-136 b","WASP-136",,16.81347105,,
"Kepler-549 d","Kepler-549",24.61480613000,4.20000000,,5312.00
"HD 126525 b","HD 126525",960.41000000000,,75.32571000,5638.00
"HD 88133 b","HD 88133",3.41488400000,,90.42263500,5392.00
"Kepler-1368 b","Kepler-1368",0.67564948600,1.65000000,,5906.00
"Kepler-1086 c","Kepler-1086",161.51633450000,2.94000000,,4350.00
"Kepler-305 b","Kepler-305",5.48700000000,3.60000000,10.50000000,
"Kepler-1321 b","Kepler-1321",11.12830484000,4.92000000,,4094.00
"Kepler-1864 b","Kepler-1864",3.88151001900,0.75408365,,5854.00
"TOI-1296 b","TOI-1296",3.94437360000,14.11645916,95.30000000,5567.00
"HD 23472 b","HD 23472",17.66708700000,2.00000000,8.32000000,4684.00
"HD 219134 c","HD 219134",6.76458000000,1.51100000,4.36000000,4699.00
"Kepler-1752 b","Kepler-1752",56.35850143000,4.54060463,,5446.00
"HD 95086 b","HD 95086",,,1589.00000000,
"TOI-4773 b","TOI-4773",1.74528510000,15.22179579,1687.66884117,6740.00
"Kepler-647 c","Kepler-647",29.66630000000,4.00135002,,5906.74
"WASP-173 A b","WASP-173 A",1.38665318000,13.45080000,1172.79270000,5800.00
"HD 220074 b","HD 220074",672.09998000000,,5288.69120000,3787.00
"Kepler-1437 b","Kepler-1437",10.92954610000,1.37000000,,5557.00
"Kepler-487 b","Kepler-487",15.35876840300,11.42000000,,5444.00
"K2-384 f","K2-384",13.62749000000,2.22200000,,3623.00
"Kepler-1296 b","Kepler-1296",8.38398650000,0.91000000,,5359.00
"Kepler-1192 b","Kepler-1192",25.20347870000,2.36000000,,5438.00
"PZ Tel b","PZ Tel",44000.00000000000,,8581.36698900,
"Kepler-1180 b","Kepler-1180",16.86012860000,1.99000000,,6077.00
"Kepler-618 b","Kepler-618",3.59576964500,2.60000000,,5860.00
"OGLE-2016-BLG-1093L b","OGLE-2016-BLG-1093L",,,225.65816897,
"GJ 1289 b","GJ 1289",111.74000000000,,6.27000000,3296.00
"Kepler-719 b","Kepler-719",5.00731777900,8.52000000,,5777.00
"HD 76700 b","HD 76700",3.97097000000,,66.74430000,5644.00
"Kepler-779 b","Kepler-779",7.09714223000,0.92000000,,3804.00
"Kepler-326 c","Kepler-326",4.58035800000,1.40000000,,5105.00
"Kepler-1530 b","Kepler-1530",2.59044340000,1.64000000,,5477.00
"TOI-3474 b","TOI-3474",3.87951050000,14.67255574,193.87532827,6020.00
"Kepler-1114 b","Kepler-1114",14.97435694000,1.35000000,,5374.00
"Kepler-924 b","Kepler-924",61.03701170000,3.07000000,,6167.00
"WASP-138 b","WASP-138",3.63443300000,12.21781000,387.75260000,6272.00
"Kepler-116 b","Kepler-116",5.96873400000,3.42000000,,6142.00
"Kepler-774 b","Kepler-774",11.08957230000,3.17000000,,6403.00
"TOI-4030 b","TOI-4030",2.50900199461,5.84625590,,5640.37
"KMT-2021-BLG-1077L b","KMT-2021-BLG-1077L",,,69.92224954,
"Kepler-251 c","Kepler-251",16.51404300000,2.77000000,,5526.00
"Kepler-1419 b","Kepler-1419",42.52158950000,2.86000000,,5796.00
"KMT-2024-BLG-1870L b","KMT-2024-BLG-1870L",,,336.89811142,
"Kepler-1590 b","Kepler-1590",7.61760804000,1.14000000,,6053.00
"2MASS J0249-0557 c","2MASS J0249-0557 A",,17.37392009,3616.88727166,
"HD 62549 b","HD 62549",14306.88519000000,,2707.58019923,
"HD 39855 b","HD 39855",3.24980000000,,8.50000000,5576.00
"Kepler-83 d","Kepler-83",5.16979600000,1.94000000,,4648.00
"Kepler-1464 b","Kepler-1464",31.77859010000,1.66000000,,5828.00
"Kepler-324 e","Kepler-324",13.97939968000,2.03862444,,5191.00
"Kepler-1298 b","Kepler-1298",7.12811928000,1.31000000,,6339.00
"HD 96700 d","HD 96700",103.50000000000,,12.70000000,5845.00
"Kepler-607 c","Kepler-607",39.67679977000,2.76001201,,5244.00
"Kepler-1211 b","Kepler-1211",11.01816836000,2.55000000,,5705.00
"Kepler-1344 b","Kepler-1344",4.76830490000,1.84000000,,5981.00
"HD 100777 b","HD 100777",383.00000000000,,390.92894061,
"HIP 5158 c","HIP 5158",9017.76000000000,,4780.16320000,4813.00
"K2-268 d","K2-268",4.52859800000,1.49000000,,5106.00
"Kepler-238 b","Kepler-238",2.09087600000,1.73000000,,5751.00
"Kepler-1040 b","Kepler-1040",201.12140000000,2.08000000,,5694.00
"HD 13189 b","HD 13189",471.60001000000,,3480.23850000,4175.00
"K2-97 b","K2-97",8.40711500000,13.45077684,174.48779544,4673.00
"Kepler-1650 b","Kepler-1650",1.53818001000,0.96000000,,3410.00
"Kepler-1531 b","Kepler-1531",1.13854337600,1.11000000,,6260.00
"Kepler-514 b","Kepler-514",5.65179605000,1.72000000,,6106.00
"Kepler-174 b","Kepler-174",13.98179000000,1.96000000,,4880.00
"Kepler-1144 b","Kepler-1144",17.14647302000,1.99000000,,5753.00
"TOI-163 b","TOI-163",4.23130600000,16.69020100,387.75260000,6495.00
"Kepler-1832 b","Kepler-1832",3.13878989200,1.22719556,,5242.00
"HATS-55 b","HATS-55",4.20420010000,14.02245900,292.72143000,6214.00
"HATS-64 b","HATS-64",4.90889700000,18.81991100,305.11680000,6554.00
"Kepler-460 c","KIC 5437945",220.13033570000,5.52000000,,6146.00
"Kepler-656 b","Kepler-656",1.26025909400,3.12000000,,5281.00
"DH Tau b","DH Tau",,,3496.00000000,
"HD 150706 b","HD 150706",5894.00000000000,,861.28000000,5961.00
"TOI-1246 d","TOI-1246",18.65487400000,3.43139739,5.40000000,5213.00
"Kepler-1318 b","Kepler-1318",213.25766300000,3.11000000,,4598.00
"TOI-3071 b","TOI-3071",1.26693800000,7.16000000,68.20000000,6177.00
"HD 93351 b","HD 93351",2.45946000000,,3.49611248,
"NN Ser c","NN Ser",6987.00000000000,,3086.11383197,
"Kepler-454 c","Kepler-454",524.19000000000,,1433.40611557,5687.00
"Barnard e","Barnard's star",6.73920000000,,0.19300000,3195.00
"HD 72659 c","HD 72659",35500.00000000000,,6165.87109580,5929.00
"K2-416 b","K2-416",13.10200000000,2.66000000,1652.70771640,3746.00
"K2-133 d","K2-133",11.02454000000,2.00300000,,3655.00
"Kepler-827 b","Kepler-827",51.92927591000,5.63000000,,5602.00
"Kepler-331 b","Kepler-331",8.45749600000,1.82000000,,4347.00
"HAT-P-39 b","HAT-P-39",3.54387000000,17.60900000,190.37200000,6430.00
"HD 210277 b","HD 210277",442.19000000000,,410.00070000,5538.00
"Kepler-1711 b","Kepler-1711",21.06080055000,1.92300000,,5706.00
"Kepler-159 c","Kepler-159",43.59579200000,3.41000000,,4625.00
"K2-378 b","K2-378",2.06043800000,2.88000000,,4823.00
"Kepler-399 d","Kepler-399",58.03461600000,1.89000000,,5502.00
"Kepler-31 b","Kepler-31",20.86130000000,5.50000000,,6340.00
"HD 11343 c","HIP 8541",228.53731000000,,255.53403923,
"Kepler-908 b","Kepler-908",1.34059746800,1.22000000,,5973.00
"HATS-24 b","HATS-24",1.34849780000,15.63655500,718.29580000,6125.00
"TOI-5726.01","TOI-5726",5.49112521500,2.55400000,,5874.00
"TOI-5340 b","TOI-5340",4.93943920000,15.07607904,270.15414595,5990.00
"Kepler-226 d","Kepler-226",8.10904400000,1.22000000,,5571.00
"Kepler-317 c","Kepler-317",8.77501000000,1.72000000,,5497.00
"Kepler-1579 b","Kepler-1579",0.84990788900,0.84000000,,4584.00
"TIC 294329732 b","TIC 294329732",9.75658761810,2.07692266,,5201.93
"HD 5319 c","HD 5319",872.20000000000,,334.67499000,4871.00
"Kepler-1958 b","Kepler-1958",9.32861995700,2.05124311,,5749.00
"Kepler-1076 b","Kepler-1076",6.14727918000,0.80000000,,4868.00
"Kepler-1731 b","Kepler-1731",21.76129913000,2.93295657,,4859.00
"Kepler-1350 b","Kepler-1350",4.49686040000,2.52000000,,3827.00
"HD 133131 A c","HD 133131 A",3568.00000000000,,133.48860000,5799.00
"Kepler-1645 b","Kepler-1645",16.17795610000,1.78000000,,5812.00
"TOI-969 b","TOI-969",1.82373050000,2.76500000,9.10000000,4435.00
"Kepler-1669 c","Kepler-1669",1.60932004500,1.90120972,,4224.00
"Kepler-664 b","Kepler-664",2.52559331500,2.66000000,,5754.00
"Kepler-24 c","Kepler-24",12.33000000000,2.51400000,9.99000000,6028.00
"Kepler-1468 b","Kepler-1468",8.23984869000,1.73000000,,5893.00
"TOI-5422 b","TOI-5422",5.37721900000,9.10169233,8899.19539600,5820.00
"HD 204313 c","HD 204313",34.95875000000,,17.16273398,
"Kepler-204 b","Kepler-204",14.40097400000,2.53000000,,5812.00
"Kepler-1986 b","Kepler-1986",19.54896660000,1.89000000,,5549.00
"Kepler-1009 b","Kepler-1009",11.35011917000,2.17000000,,4027.00
"Kepler-1131 b","Kepler-1131",3.53232449000,1.59000000,,5851.00
"HD 164922 b","HD 164922",1207.00000000000,,116.00000000,5390.00
"EPIC 246851721 b","EPIC 246851721",6.18023500000,11.78065900,953.49000000,6202.00
"Kepler-33 c","Kepler-33",13.17562000000,3.20000000,,5904.00
"Kepler-21 b","Kepler-21",2.78582120000,1.63900000,7.50000000,6305.00
"Kepler-746 b","Kepler-746",3.48159251000,1.11000000,,5418.00
"2MASS J11550485-7919108 b","2MASS J11550485-7919108",,,6356.56814000,
"Kepler-1511 b","Kepler-1511",23.23827920000,1.68000000,,6064.00
"Kepler-528 b","Kepler-528",19.78297415000,2.08000000,,5807.00
"OGLE-2019-BLG-0679L b","OGLE-2019-BLG-0679L",,,1061.54687938,
"HD 73267 c","HD 73267",17071.78045000000,,1630.77755632,
"HD 20781 d","HD 20781",29.15800000000,,10.61000000,5256.00
"Kepler-281 d","Kepler-281",148.27200320000,5.93747806,,5717.00
"Kepler-1808 b","Kepler-1808",23.34040070000,3.02511302,,5530.00
"Kepler-372 c","Kepler-372",20.05376300000,2.09000000,,6509.00
"HAT-P-22 b","HAT-P-22",3.21222000000,12.89035000,785.04010000,5302.00
"HD 95872 b","HD 95872",4375.00000000000,,1188.68420000,5312.00
"HD 137496 c","HD 137496",479.90000000000,,2434.56559762,5799.00
"HD 4113 b","HD 4113",526.52390000000,,541.26177712,
"HD 9446 c","HD 9446",192.90000000000,,578.42600000,5793.00
"HD 13808 b","HD 13808",14.18150000000,,11.20000000,5035.00
"75 Cet c","75 Cet",2051.62000000000,,289.85950718,4809.00
"81 Cet b","81 Cet",1005.57000000000,,1051.05854195,4734.00
"HR 858 d","HR 858",11.23051100000,2.00100000,7.10000000,6354.00
"HD 18143 b","HD 18143",10.28510000000,,10.80616584,
"HD 20794 f","HD 20794",647.60000000000,,5.82000000,5368.00
"HD 24040 c","HD 24040",515.40000000000,,63.88350981,5776.49
"HD 31527 c","HD 31527",51.20530000000,,14.16000000,5898.00
"HD 34445 c","HD 34445",214.67000000000,,53.50000000,5836.00
"HD 290327 b","HD 290327",2443.00000000000,,772.32690000,5505.00
"HD 37605 b","HD 37605",55.01292000000,,854.96270000,5329.00
"Kepler-1750 b","Kepler-1750",205.91200260000,6.00434637,,5644.00
"Kepler-1913 b","Kepler-1913",14.19600010000,1.51852059,,6214.00
"HD 184010 c","HD 184010",484.30000000000,,95.34852210,4971.00
"HD 217958 b","HD 217958",2560.19774000000,,166.54208527,
"Kepler-90 i","KOI-351",14.44912000000,1.32000000,,6015.00
"tau Cet g","tau Cet",20.00000000000,,1.75000000,
"Kepler-1432 b","Kepler-1432",23.91090110000,2.22000000,,6031.00
"Kepler-1693 b","Kepler-1693",12.09990000000,1.28938413,,5432.34
"HD 219134 h","HD 219134",2247.00000000000,,108.06220000,4913.00
"Kepler-1886 b","Kepler-1886",24.27580070000,2.58158428,,5745.00
"Kepler-939 b","Kepler-939",14.87829600000,1.75000000,,5471.00
"TOI-4495 c","TOI-4495",5.18553000000,4.03000000,23.20000000,6210.00
"HD 8574 b","HD 8574",227.00000000000,,645.19490000,6064.00
"TOI-238 c","TOI-238",8.46565100000,2.18000000,6.70000000,5059.00
"TOI-5349 b","TOI-5349",3.31792100000,10.20000000,127.40000000,3751.00
"TOI-5319 b","TOI-5319",4.07853000000,2.83000000,,3580.00
"K2-250 b","K2-250",4.01392000000,2.71257333,,5003.00
"Kepler-403 c","Kepler-403",54.28074900000,1.75000000,,6090.00
"Kepler-169 b","Kepler-169",3.25061900000,1.13000000,,4997.00
"TOI-1410.01","TOI-1410",1.21687000000,3.10083009,12.50000000,4635.00
"TOI-5238 b","TOI-5238",4.87217100000,5.22000000,,5631.00
"K2-35 c","K2-35",5.60835200000,1.93000000,,4402.71
"Kepler-16 b","Kepler-16",228.77600000000,8.44930000,105.83300000,4450.00
"Kepler-817 b","Kepler-817",3.99010622900,9.03000000,,5861.00
"K2-384 d","K2-384",6.67958200000,1.39200000,,3623.00
"HIP 67851 c","HIP 67851",3128.41000000000,,1579.60718279,4840.00
"TIC 249022743 b","TIC 249022743",2.25719681538,4.79568155,,5567.58
"TOI-564 b","TOI-564",1.65114400000,11.43318000,464.98529000,5640.00
"Kepler-194 c","Kepler-194",17.30803200000,2.59000000,,6089.00
"Kepler-1301 b","Kepler-1301",9.08237046000,1.40000000,,5188.00
"HD 23472 d","HD 23472",3.97664000000,0.75000000,0.55000000,4684.00
"HATS-40 b","HATS-40",3.26427360000,17.71022000,505.34970000,6460.00
"rho CrB e","rho CrB",12.90400000000,,3.71000000,
"HD 109988 b","HD 109988",17132.15854000000,,6935.33366915,
"DMPP-1 c","DMPP-1",10.03000000000,,10.94000000,
"Kepler-1037 b","Kepler-1037",1.06378867300,1.28000000,,5105.00
"Kepler-851 b","Kepler-851",8.50699658000,1.68000000,,5455.00
"Kepler-1889 b","Kepler-1889",37.30369949000,2.94360686,,5646.00
"K2-148 c","K2-148",6.92260000000,1.73000000,,4079.00
"EPIC 201754305 d","K2-16",2.71578000000,1.03000000,,
"TIC 87422071 b","TIC 87422071",11.36492900000,10.86150230,409.99864503,6150.00
"HD 22946 d","HD 22946",47.42489000000,2.60700000,26.57000000,6169.00
"Kepler-248 c","Kepler-248",16.23949400000,4.07000000,,5190.00
"HIP 111909 c","HIP 111909",893.63000000000,,257.44100967,4891.00
"HD 77338 b","HD 77338",5.73610000000,,19.06980000,5341.00
"Kepler-1030 b","Kepler-1030",19.32952416000,2.48000000,,4983.00
"TOI-2010 b","TOI-2010",141.83402500000,11.81426566,408.72733140,5929.00
"K2-36 c","K2-36",5.34088800000,3.20000000,7.90000000,4916.00
"Kepler-1608 b","Kepler-1608",16.47356860000,1.73000000,,4992.00
"Kepler-208 c","Kepler-208",7.46662300000,1.39000000,,6092.00
"Kepler-215 d","Kepler-215",30.86442300000,2.39000000,,5739.00
"HD 108874 c","HD 108874",1624.00000000000,,314.64000000,5551.00
"Kepler-1003 b","Kepler-1003",3.55485691500,1.78000000,,6109.00
"HAT-P-8 b","HAT-P-8",3.07634000000,15.69260000,406.82240000,6200.00
"Kepler-56 b","Kepler-56",10.50160000000,6.51000000,22.10000000,4840.00
"Kepler-413 b","Kepler-413",66.26200000000,4.34700000,67.00000000,4700.00
"HD 136418 b","HD 136418",464.29999000000,,680.15620000,4989.00
"Kepler-59 b","Kepler-59",11.86817070000,1.10000000,,6074.00
"K2-122 b","K2-122",2.21930230000,1.16000000,,4009.00
"Kepler-1862 b","Kepler-1862",16.05730057000,2.20300000,,5644.00
"Kepler-315 c","Kepler-315",265.46933500000,4.15000000,,5796.00
"HD 156279 b","HD 156279",133.40355000000,,2997.75753482,
"TOI-5344 b","TOI-5344",3.79262200000,10.60369574,130.94530368,3747.00
"Kepler-322 b","Kepler-322",1.65388800000,1.01000000,,5388.00
"Kepler-961 b","Kepler-961",16.87727414000,2.55000000,,5582.00
"Kepler-404 c","Kepler-404",14.75116600000,1.72000000,,5654.00
"HD 64114 b","HD 64114",45.79100000000,,17.80000000,5676.00
"HD 40307 d","HD 40307",20.43200000000,,9.50000000,4956.00
"HD 40979 b","HD 40979",264.14999000000,,1484.26610000,6165.00
"HD 44219 b","HD 44219",472.00000000000,,184.34047606,
"HD 45184 b","HD 45184",5.88540000000,,12.19000000,5869.00
"7 CMa b","7 CMa",735.10000000000,,587.98550000,4826.00
"HD 62509 b","HD 62509",589.64000000000,,731.00000000,4892.63
"bet Cnc b","bet Cnc",605.20000000000,,2479.00000000,4092.10
"TOI-5624 f","TOI-5624",45.37000000000,,13.00000000,5327.00
"Kepler-432 c","Kepler-432",406.20000000000,,772.32690000,4995.00
"WASP-145 A b","WASP-145 A",1.76903810000,10.08810000,282.86870000,4900.00
"NGTS-25 b","NGTS-25",2.82309300000,11.46678726,203.09235207,5321.00
"Kepler-713 b","Kepler-713",7.41114100000,2.48000000,,5785.00
"Kepler-1056 b","Kepler-1056",27.49560600000,3.01000000,,6127.00
"TOI-1470 c","TOI-1470",18.08816000000,2.47000000,7.24000000,3709.00
"Kepler-987 b","Kepler-987",105.30331480000,3.26000000,,5637.00
"Kepler-1715 b","Kepler-1715",35.59730148000,4.14042267,,6212.00
"Kepler-1683 b","Kepler-1683",15.03370000000,1.87477762,,5429.00
"GJ 581 b","GJ 581",5.36860000000,,20.50000000,3500.00
"TOI-5786 b","TOI-5786",12.77910700000,8.54000000,73.00000000,6235.00
"GJ 832 b","GJ 832",3853.00000000000,,314.65012293,
"K2-286 b","K2-286",27.35900000000,2.10000000,,3926.00
"K2-121 b","K2-121",5.18573800000,7.16000000,51.00000000,4526.00
"TOI-5108 b","TOI-5108",6.75358100000,6.60000000,32.00000000,5808.00
"K2-62 c","K2-62",16.19697000000,1.99000000,,4455.00
"HD 108236 f","HD 108236",29.54115000000,2.01700000,,5660.00
"HD 155193 b","HD 155193",352.65000000000,,238.37130525,6239.00
"TOI-4029 b","TOI-4029",5.88498234631,6.73756618,,5662.53
"Kepler-1783 b","Kepler-1783",8.27744007100,1.31946731,,5129.00
"K2-379 b","K2-379",8.77724700000,2.18100000,,4603.00
"Kepler-1956 b","Kepler-1956",5.94371986400,1.08940238,,4391.00
"Kepler-1885 b","Kepler-1885",2.52255988100,1.51110555,,5591.00
"Kepler-1016 b","Kepler-1016",1.95452434200,2.18000000,,5821.00
"GJ 3323 c","GJ 3323",40.54000000000,,2.31000000,3159.00
"K2-38 c","K2-38",10.56103000000,2.29000000,8.30000000,5731.00
"Kepler-231 b","Kepler-231",10.06527500000,1.73000000,,3767.00
"Kepler-221 e","Kepler-221",18.36991700000,2.63000000,,5243.00
"Kepler-1765 b","Kepler-1765",10.41889954000,2.49508857,,5692.00
"Kepler-1019 b","Kepler-1019",1.41122984700,1.46000000,,4433.00
"Kepler-1692 b","Kepler-1692",5.95966000000,1.11177184,,5146.00
"Kepler-1341 b","Kepler-1341",132.99683220000,2.99000000,,4662.00
"BD-11 4672 b","BD-11 4672",1634.00000000000,,206.58950000,4550.00
"HIP 99770 b","HIP 99770",,,5403.08291900,
"TOI-4552 b","TOI-4552",0.30110032000,1.11000000,1.83000000,3258.00
"Kepler-825 b","Kepler-825",3.77360059000,1.53000000,,5976.00
"Kepler-362 b","Kepler-362",10.32718600000,0.88000000,,5788.00
"K2-229 b","K2-229",0.58421600000,1.00000000,,5315.00
"TIC 154870955 b","TIC 154870955",7.96987471280,3.09467466,,4739.58
"HD 20781 e","HD 20781",85.50730000000,,14.03000000,5256.00
"Kepler-937 c","Kepler-937",153.34336400000,2.67000000,,6095.00
"Kepler-671 b","Kepler-671",4.28095858800,2.69000000,,5624.00
"Kepler-398 c","Kepler-398",11.41941200000,1.01000000,,4493.00
"HD 75784 c","HD 75784",7900.00000000000,,1792.56120000,4867.00
"Kepler-751 b","Kepler-751",17.44490636000,2.46000000,,5387.00
"Kepler-1252 b","Kepler-1252",15.05403290000,1.67000000,,5949.00
"Kepler-61 b","Kepler-61",59.87756000000,2.15000000,,4017.00
"HD 25463 c","HD 25463",3.04405000000,1.36354953,4.30000000,6353.00
"K2-196 b","K2-196",48.32422200000,3.59970536,,6045.00
"HD 25723 b","HD 25723",457.01000000000,,794.57101750,4766.00
"WASP-180 A b","WASP-180 A",3.40926400000,13.89916000,286.04700000,6600.00
"Kepler-430 c","Kepler-430",110.97900000000,1.75000000,,5884.00
"K2-114 b","K2-114",11.39093100000,10.59248676,638.83509807,4899.00
"Kepler-1388 d","Kepler-1388",20.95681580000,2.86000000,,4098.00
"HD 219666 b","HD 219666",6.03446800000,4.89800000,17.60000000,5540.00
"Kepler-1465 b","Kepler-1465",31.82771110000,1.77000000,,4726.00
"2MASS J01225093-2439505 b","2MASS J01225093-2439505",,,7786.50000000,3530.00
"HD 6434 b","HD 6434",21.99800000000,,155.73670000,5769.00
"Kepler-617 b","Kepler-617",1.68269614800,1.32000000,,3712.00
"HD 83443 c","HD 83443",8241.00000000000,,476.74261050,5442.00
"WASP-83 b","WASP-83",4.97125200000,11.65736000,95.34900000,5510.00
"Kepler-980 b","Kepler-980",11.55102504000,2.67000000,,5935.00
"K2-72 d","K2-72",7.76017800000,1.01000000,,3360.47
"K2-414 c","K2-414",6.66900000000,1.92870000,,4343.00
"TOI-3364 b","TOI-3364",5.87689180000,12.22899794,530.77343969,5706.00
"Kepler-570 b","Kepler-570",4.30166200300,2.45000000,,5496.00
"TOI-480 b","TOI-480",6.86619600000,2.85372018,20.80000000,6174.00
"Kepler-1601 b","Kepler-1601",2.20921951000,0.82000000,,5869.00
"Kepler-1881 b","Kepler-1881",159.39399720000,2.98104391,,5135.00
"K2-374 b","K2-374",4.52195300000,1.59300000,,5789.00
"HD 24085 b","HD 24085",2.04550000000,,11.80000000,6034.00
"TOI-2818 b","TOI-2818",4.03970900000,15.27784069,225.65816897,5721.00
"Kepler-1162 b","Kepler-1162",32.56370690000,2.21000000,,5390.00
"TIC 67686059 b","TIC 67686059",3.52163529551,2.59125922,,5090.09
"Kepler-155 c","Kepler-155",52.66179300000,2.24000000,,4508.00
"TOI-201 b","TOI-201",52.97860000000,11.40000000,164.00000000,6423.00
"K2-86 b","K2-86",8.77683000000,1.96000000,,5482.00
"HD 116029 c","HD 116029",907.00000000000,,403.64410000,
"Kepler-907 b","Kepler-907",15.86621821000,1.20000000,,6106.00
"HD 181342 b","HD 181342",564.10000000000,,807.28820000,4945.00
"Kepler-20 e","Kepler-20",6.09848820000,0.82100000,0.76000000,5495.00
"Kepler-28 b","Kepler-28",5.91000000000,1.95900000,1.63000000,4499.30
"Kepler-1894 b","Kepler-1894",2.76266002700,1.20117759,,5772.00
"Kepler-265 b","Kepler-265",6.84626200000,1.86000000,,5835.00
"Kepler-253 b","Kepler-253",3.78398600000,1.63000000,,5208.00
"EPIC 201238110 b","EPIC 201238110",28.16560000000,1.87000000,,
"TOI-216.01","TOI-216",34.52552800000,10.10000000,177.98390792,
"GJ 328 b","GJ 328",3771.00000000000,,797.74930157,3897.00
"HIP 48714 b","HIP 48714",17.81800000000,,22.90000000,
"HD 5583 b","HD 5583",139.35000000000,,1837.05740000,4830.00
"HAT-P-51 b","HAT-P-51",4.21802091000,13.50682174,97.57332095,5453.00
"TOI-5882 b","TOI-5882",7.14897200000,11.46678726,6995.40323807,5920.00
"Kepler-780 b","Kepler-780",0.67737516400,0.89000000,,5769.00
"Kepler-927 b","Kepler-927",9.11499030000,1.72000000,,5743.00
"Kepler-391 b","Kepler-391",7.41750000000,2.50000000,1100.00000000,5038.00
"TOI-521 b","TOI-521",1.54285047000,1.98000000,5.30000000,3544.00
"Kepler-63 b","Kepler-63",9.43415050000,6.11000000,120.00000000,5576.00
"BD+20 274 b","BD+20 274",578.20000000000,,1334.88600000,4296.00
"Kepler-1792 b","Kepler-1792",4.19577980000,2.51990972,,5229.00
"HIP 71135 b","HIP 71135",87.19000000000,,18.80000000,4146.00
"Kepler-885 b","Kepler-885",18.11472949000,2.50000000,,6187.00
"Kepler-378 c","Kepler-378",28.90600900000,0.70000000,,4661.00
"Kepler-1289 b","Kepler-1289",7.99019627000,1.52000000,,6080.00
"Kepler-720 b","Kepler-720",4.70832654200,8.41000000,,5618.00
"HD 175167 b","HD 175167",1175.00000000000,,4703.86042360,
"HD 110082 b","HD 110082",10.18271000000,3.20000000,,6200.00
"HD 113996 b","HD 113996",610.20000000000,,2002.32900000,4181.00
"HD 87646 b","HD 87646",13.48100000000,,3941.09200000,5770.00
"HD 90156 b","HD 90156",49.77000000000,,17.98000000,5599.00
"HD 95089 b","HD 95089",464.40000000000,,400.46580000,4918.00
"HD 102329 b","HD 102329",778.09998000000,,2593.49280000,4745.00
"HD 103949 b","HD 103949",120.87800000000,,11.20000000,4792.00
"HIP 65426 b","HIP 65426",,16.81350000,2860.47000000,8840.00
"tau Boo b","tau Boo",3.31245680000,,1373.02560000,6466.27
"HD 128311 b","HD 128311",453.01900000000,,562.24127000,
"HD 28109 d","HD 28109",84.28990000000,3.11000000,5.80000000,6189.00
"HD 109833 c","HD 109833",13.90014800000,2.59000000,,5881.00
"Kepler-302 c","Kepler-302",127.28218400000,12.45000000,,5740.00
"HD 191939 b","HD 191939",8.88032560000,3.41000000,10.00000000,5348.00
"K2-55 b","K2-55",2.84927100000,4.43000000,44.00000000,4300.00
"HD 47536 b","HD 47536",712.13000000000,,2330.00000000,4380.00
"BD-17 63 b","BD-17 63",655.57000000000,,1639.99458012,
"Kepler-235 d","Kepler-235",20.06054800000,2.05000000,,4255.00
"HD 169830 c","HD 169830",1818.82339000000,,2437.42605328,
"Kepler-1085 b","Kepler-1085",219.32175280000,7.22000000,,6000.00
"Kepler-1680 b","Kepler-1680",8.77424000000,1.35954736,,5021.00
"Kepler-963 c","Kepler-963",0.91978300000,0.60000000,,5169.47
"Kepler-208 d","Kepler-208",11.13178600000,1.20000000,,6092.00
"Kepler-108 c","Kepler-108",190.32349400000,8.18000000,,5854.00
"Kepler-1823 b","Kepler-1823",21.10339928000,2.08612680,,6000.00
"Kepler-1979 b","Kepler-1979",18.50845260000,29.33000000,,5942.00
"Kepler-1409 b","Kepler-1409",0.76486492600,1.04000000,,5160.00
"Kepler-1573 b","Kepler-1573",2.61575540000,1.20000000,,5808.00
"TOI-1453 c","TOI-1453",6.58869820000,2.22400000,2.95000000,4975.00
"Kepler-769 b","Kepler-769",7.42608998000,2.92000000,,6186.00
"K2-50 b","K2-50",8.75290000000,1.59000000,,4326.00
"Kepler-1467 b","Kepler-1467",47.05690430000,3.30000000,,5332.00
"Kepler-323 c","Kepler-323",3.55382290000,1.57000000,6.80000000,6004.00
"Kepler-1142 b","Kepler-1142",18.30272480000,1.47000000,,5685.00
"K2-417 b","K2-417",6.53500000000,3.31000000,699.22249540,3861.00
"2M0437 b","2MASS J04372171+2651014",,,1271.31362800,3100.00
"HD 89345 b","HD 89345",11.81430000000,7.39794000,34.96130000,5576.00
"HD 110537 b","HD 110537",24469.67342000000,,8612.83200129,
"Kepler-24 d","Kepler-24",4.24438400000,1.67000000,,5897.00
"Kepler-306 b","Kepler-306",4.64618600000,1.52000000,,4954.00
"EPIC 212737443 c","EPIC 212737443",65.55000000000,2.69000000,,4684.00
"Kepler-316 b","Kepler-316",2.24050800000,1.06000000,,4204.00
"Kepler-598 b","Kepler-598",3.70175428000,1.50000000,,5307.00
"GJ 649 b","GJ 649",600.10000000000,,81.99972901,3734.00
"K2-197 b","K2-197",8.35788100000,2.56000000,,5667.00
"HD 27631 b","HD 27631",2198.14000000000,,474.83802000,5737.00
"TOI-3682 b","TOI-3682",3.34624060000,12.80065596,69.28659273,5703.00
"K2-15 b","K2-15",11.81040000000,2.48000000,,5131.00
"HD 183579 b","HD 183579",17.47129100000,3.49000000,20.40000000,5784.00
"WASP-60 b","WASP-60",4.30500000000,9.86392000,174.80650000,5900.00
"Kepler-1902 b","Kepler-1902",3.82222008700,1.17563613,,3729.00
"Kepler-1957 b","Kepler-1957",2.18661999700,0.94374867,,4904.00
"Kepler-301 b","Kepler-301",2.50855300000,1.35000000,,5815.00
"TIC 18942729 b","TIC 18942729",0.99817838064,2.00021315,,4360.11
"TOI-1937 A b","TOI-1937 A",0.94667944000,13.97759893,638.83509807,5814.00
"KIC 7917485 b","KIC 7917485",840.00000000000,,3750.39400000,7067.00
"Kepler-160 d","Kepler-160",30.00000000000,,100.00000000,5471.00
"KOI-1843.03","Kepler-974",0.17689130000,0.61000000,8.00000000,3584.00
"WASP-129 b","WASP-129",5.74814500000,10.42437000,317.83000000,5900.00
"Kepler-1380 b","Kepler-1380",10.31082450000,1.43000000,,5570.00
"Kepler-1430 b","Kepler-1430",2.46050993000,1.18000000,,4796.00
"HD 164922 c","HD 164922",75.74000000000,,13.00000000,5390.00
"K2-330 b","K2-330",13.77479800000,2.77000000,,6232.00
"Kepler-251 e","Kepler-251",99.64016100000,2.77000000,,5526.00
"Kepler-543 b","Kepler-543",13.89961966000,2.50000000,,4671.00
"Kepler-1267 b","Kepler-1267",13.03139450000,3.01000000,,6096.00
"K2-317 b","K2-317",6.22000000000,2.93000000,,3387.00
"Kepler-116 c","Kepler-116",13.07163000000,2.30000000,,6142.00
"HD 12235 c","HD 12235",36336.70679000000,,3135.69506346,
"Kepler-4 b","Kepler-4",3.21346000000,4.00200000,24.47200000,5857.00
"HD 10180 d","HD 10180",16.35700000000,,12.01397400,5911.00
"HD 11964 b","HD 11964",1945.00000000000,,198.00000000,5303.00
"CoRoT-7 c","CoRoT-7",3.69800000000,,8.40000000,5256.00
"K2-74 b","K2-74",19.56660000000,2.31000000,,6060.00
"Kepler-1674 b","Kepler-1674",62.56110000000,3.20577490,,5473.91
"GJ 2030 c","GJ 2030",25533.11353000000,,4069.15709482,
"Kepler-97 b","Kepler-97",2.58664000000,1.48000000,3.51000000,5779.00
"Kepler-457 d","KOI-7892",10.69060040000,2.98467257,,6474.00
"HD 73344 c","HD 73344",65.94000000000,,118.54999581,6148.00
"TOI-1683.01","TOI-1683",3.05753560000,2.63820000,,4402.00
"K2-368 c","K2-368",9.66018600000,1.36100000,,4663.00
"NGTS-30 b","NGTS-30",98.29838000000,10.40193409,305.11527072,5455.00
"Kepler-219 d","Kepler-219",47.90364500000,2.81000000,,5786.00
"Kepler-673 b","Kepler-673",3.72873109300,6.54000000,,5355.00
"K2-158 b","K2-158",10.06049000000,2.64000000,,5503.00
"K2-276 b","K2-276",18.71826900000,3.77000000,,5139.00
"Kepler-1990 c","Kepler-1990",4.06844957000,0.98000000,,5751.00
"Kepler-680 b","Kepler-680",3.68992629100,2.42000000,,5890.00
"Kepler-1293 b","Kepler-1293",5.57654784000,0.97000000,,6241.00
"Kepler-571 b","Kepler-571",4.79859938800,2.64000000,,5527.00
"TOI-2518 b","TOI-2518",6.89797425216,2.26838675,,5751.20
"WISPIT 2 c","WISPIT 2",,17.93436912,3178.28407000,4530.00
"K2-3 c","K2-3",24.64672900000,1.58200000,2.68000000,3844.00
"Kepler-489 b","Kepler-489",17.27629611900,7.72000000,,5014.00
"TYC 1422-614-1 c","TYC 1422-614-1",559.30000000000,,3178.00000000,4806.00
"HD 1502 b","HD 1502",428.50000000000,,874.03250000,4947.00
"HD 219134 b","HD 219134",3.09292600000,1.60200000,4.74000000,4699.00
"Kepler-1872 b","Kepler-1872",3.82591009100,2.38421141,,5223.00
"TOI-4561 b","TOI-4561",8.93547936706,1.77789214,,5537.93
"Kepler-1733 b","Kepler-1733",9.22957992600,3.63582354,,6320.00
"Kepler-1478 b","Kepler-1478",26.08405940000,1.73000000,,5904.00
"TOI-892 b","TOI-892",10.62656000000,11.99363000,301.93850000,6261.00
"Kepler-1534 b","Kepler-1534",5.71668872000,1.89000000,,5442.00
"Kepler-1254 c","Kepler-1254",3.60084276000,1.30000000,,4985.00
"Kepler-1277 b","Kepler-1277",40.83650120000,1.60000000,,5578.00
"Kepler-334 c","Kepler-334",12.75800500000,1.43000000,,5828.00
"KMT-2018-BLG-0247L b","KMT-2018-BLG-0247L",,,670.61793877,
"HD 4203 c","HD 4203",6700.00000000000,,689.66000000,5582.00
"Kepler-394 d","Kepler-394",5.61358022700,1.50066814,,6398.00
"EPIC 220554210 c","K2-282",0.70531000000,1.60000000,,5499.00
"HD 62364 b","HD 62364",5138.00000000000,,5965.63919939,6255.00
"HD 184010 d","HD 184010",836.40000000000,,143.02278315,4971.00
"HD 147513 b","HD 147513",528.40000000000,,385.00000000,5883.00
"HD 143105 b","HD 143105",2.19740000000,,384.57430000,6380.00
"HD 136118 b","HD 136118",1187.59765000000,,4164.18778851,
"HD 158259 c","HD 158259",3.43200000000,,5.60000000,
"HD 158259 b","HD 158259",2.17800000000,,2.22000000,
"HD 159868 c","HD 159868",351.00000000000,,244.09344000,5534.00
"HD 160691 b","HD 160691",645.00000000000,,1366.66215010,5773.00
"HD 163607 b","HD 163607",75.22030000000,,249.05158800,5522.00
"HD 168009 b","HD 168009",15.14790000000,,9.53485221,5778.33
"GJ 740 b","GJ 740",2.37756000000,,2.96000000,3913.00
"HD 190360 d","HD 190360",88.69000000000,,11.90000000,5560.00
"HD 189567 b","HD 189567",14.28800000000,,8.50000000,5726.00
"Kepler-1490 b","Kepler-1490",92.43629730000,3.04000000,,5515.00
"K2-389 c","K2-389",20.85133700000,2.04000000,,5782.00
"Kepler-1245 b","Kepler-1245",4.35409304000,1.44000000,,5306.00
"Kepler-1010 b","Kepler-1010",34.26857050000,2.32000000,,5253.00
"K2-175 b","K2-175",9.52598800000,2.03803688,,5909.00
"TOI-813 b","TOI-813",83.89110000000,6.71000000,,5907.00
"GJ 1252 b","GJ 1252",0.51823310000,1.19300000,1.32000000,3458.00
"Kepler-258 b","Kepler-258",13.19722000000,4.06000000,,4942.00
"HD 94834 b","HD 94834",1576.00000000000,,400.46580000,4798.00
"Kepler-480 b","Kepler-480",4.91958379500,2.78000000,,6322.00
"HD 104067 b","HD 104067",55.85100000000,,62.10000000,4952.00
"Proxima Cen d","Proxima Cen",5.12338000000,,0.26000000,2900.00
"Kepler-351 d","Kepler-351",142.54424700000,2.72000000,,5225.00
"Gliese 48 b","Gliese 48",39.62990000000,,8.11000000,3450.00
"Kepler-1810 b","Kepler-1810",101.13300320000,3.91815325,,5492.00
"Kepler-11 b","Kepler-11",10.30390000000,1.80000000,1.90000000,5663.00
"Kepler-1207 b","Kepler-1207",13.68237119000,1.62000000,,5909.00
"TOI-4940 b","TOI-4940",25.86781100000,6.61000000,89.00000000,5504.00
"EPIC 249893012 d","EPIC 249893012",35.74700000000,3.94000000,10.18000000,5430.00
"Kepler-339 c","Kepler-339",6.98805500000,1.15000000,,5631.00
"SPECULOOS-3 b","SPECULOOS-3",0.71912603000,0.97700000,,2800.00
"G 261-6 b","G 261-6",5.45360000000,,1.37000000,
"Kepler-165 b","Kepler-165",8.18084800000,2.32000000,,5211.00
"Kepler-421 b","Kepler-421",704.19840000000,4.16000000,,5308.00
"HATS-15 b","HATS-15",1.74748753000,12.38594500,689.69110000,5311.00
"HD 87883 b","HD 87883",3006.00000000000,,2005.49724817,
"WASP-33 b","WASP-33",1.21987000000,17.85593700,665.21819000,7430.00
"HD 10180 g","HD 10180",604.67000000000,,23.26515600,5911.00
"NGTS-1 b","NGTS-1",2.64729800000,14.90797000,258.07796000,3916.00
"Kepler-783 c","Kepler-783",7.05395000000,2.33153725,,5411.49
"TOI-1470 b","TOI-1470",2.52709300000,2.18000000,7.32000000,3709.00
"K2-343 b","K2-343",2.78717400000,1.65000000,,3804.00
"K2-80 d","K2-80",28.86725300000,2.55211506,,5377.00
"Kepler-763 c","Kepler-763",4.09667624000,1.42000000,,4999.00
"Kepler-649 b","Kepler-649",29.90722674000,2.26000000,,5871.00
"Kepler-1264 b","Kepler-1264",0.96852602300,1.18000000,,5791.00
"Kepler-374 b","Kepler-374",1.89780600000,1.03000000,,5977.00
"Kepler-1825 b","Kepler-1825",1.02586996600,1.42200732,,5123.00
"HD 28109 c","HD 28109",55.99712000000,4.13000000,9.20000000,6189.00
"TOI-1860 b","TOI-1860",1.06621070000,1.31000000,,5752.00
"Kepler-309 c","Kepler-309",105.35638300000,2.51000000,,4713.00
"TOI-1011 b","TOI-1011",2.47049800000,1.45000000,4.04000000,5475.00
"NGTS-32 b","NGTS-32",3.31211000000,15.91675259,181.16219199,5680.00
"K2-178 b","K2-178",8.74781800000,3.55790985,,5525.00
"Kepler-1232 b","Kepler-1232",26.78391830000,1.93000000,,5471.00
"Kepler-124 b","Kepler-124",3.41049300000,0.73000000,,4984.00
"HD 67087 b","HD 67087",352.20000000000,,973.00000000,6330.00
"Kepler-1269 b","Kepler-1269",37.33315360000,1.63000000,,5998.00
"HD 37124 c","HD 37124",885.50000000000,,207.22516000,
"HD 181720 b","HD 181720",956.00000000000,,127.13200000,5736.00
"Kepler-121 c","Kepler-121",41.00801100000,2.27000000,,5311.00
"Kepler-285 c","Kepler-285",6.18667600000,1.12000000,,5411.00
"Kepler-49 d","Kepler-49",2.57654900000,1.60000000,,4252.00
"TOI-938 b","TOI-938",8.80733882211,4.82401567,,5829.42
"HD 10647 b","HD 10647",989.20000000000,,298.75000000,6218.00
"WASP-182 b","WASP-182",3.37698480000,9.52765000,47.03884000,5638.00
"HAT-P-47 b","HAT-P-47",4.73217441000,14.71739166,65.47265184,6703.00
"WASP-183 b","WASP-183",4.11177710000,16.47723000,159.55066000,5313.00
"HATS-59 c","HATS-59",1422.00000000000,,4036.44100000,5670.00
"Kepler-798 b","Kepler-798",13.71933369000,2.39000000,,6224.00
"Kepler-1732 b","Kepler-1732",32.31240082000,4.09903273,,5821.00
"WASP-45 b","WASP-45",3.12608900000,10.60371400,306.38812000,5150.00
"K2-407 c","K2-407",9.22453000000,1.36000000,,5563.00
"Kepler-868 b","Kepler-868",5.03251791000,2.05000000,,5614.00
"K2-345 b","K2-345",10.36743700000,2.11000000,,3779.00
"Kepler-1871 b","Kepler-1871",1.95270001900,2.42172881,,5741.00
"HD 115404 A b","HD 115404 A",10.49488000000,,30.82935548,
"HATS-8 b","HATS-8",3.58389300000,9.78545700,43.86054000,5679.00
"Kepler-1105 b","Kepler-1105",4.42157218200,2.01000000,,4299.00
"OGLE-TR-56 b","OGLE-TR-56",1.21191890000,15.27800000,441.77000000,6050.00
"HD 8326 b","HD 8326",158.99100000000,,66.60000000,4914.00
"Qatar-6 b","Qatar-6",3.50619500000,11.90395800,212.31044000,5052.00
"Kepler-177 c","Kepler-177",49.40926000000,8.73000000,14.70000000,5732.00
"OGLE-2017-BLG-1434L b","OGLE-2017-BLG-1434L",,,4.43000000,
"KMT-2023-BLG-0469L b","KMT-2023-BLG-0469L",,,39.41072247,
"Kepler-789 b","Kepler-789",8.63847725000,2.12000000,,5870.00
"Kepler-401 c","Kepler-401",47.31821800000,2.15000000,,6117.00
"Kepler-759 b","Kepler-759",41.80598500000,2.27000000,,5860.00
"Kepler-465 b","Kepler-465",9.94067246600,2.95000000,,6310.00
"Kepler-1369 b","Kepler-1369",25.87314800000,2.69000000,,5761.00
"Kepler-1276 b","Kepler-1276",12.57200950000,1.19000000,,6188.00
"HD 204313 b","HD 204313",2041.11539000000,,1466.77809830,
"Kepler-694 b","Kepler-694",6.36584161200,2.80000000,,5700.00
"Kepler-1042 b","Kepler-1042",10.13202575000,2.19000000,,4815.00
"TOI-1820 b","TOI-1820",4.86067400000,12.77823800,731.00533610,5734.00
"TOI-3664 b","TOI-3664",3.29748390000,13.69737442,114.41822652,5593.00
"Kepler-1734 b","Kepler-1734",6.79685020400,3.08851092,,6061.00
"G 268-110 b","G 268-110",1.43263000000,,1.52000000,
"Kepler-1406 b","Kepler-1406",11.62905828000,1.10000000,,5892.00
"Kepler-282 c","Kepler-282",13.63872300000,1.20000000,,5602.00
"Kepler-449 c","Kepler-449",33.67270000000,2.76400000,,5649.18
"iot Dra b","iot Dra",510.85440000000,,3756.73177074,4504.00
"Kepler-336 b","Kepler-336",2.02482300000,1.02000000,,5867.00
"K2-183 c","K2-183",10.78799200000,2.30000000,,5482.00
"Kepler-786 b","Kepler-786",53.52934870000,2.43000000,,4838.00
"Kepler-553 b","Kepler-553",4.03046700000,4.74139884,116.00736855,5191.00
"Kepler-1799 b","Kepler-1799",11.92969990000,4.12801189,,5831.00
"Kepler-1498 b","Kepler-1498",48.05140500000,1.33000000,,5256.00
"Kepler-1315 c","Kepler-1315",6.56606006600,1.84398883,,4818.00
"Kepler-1392 b","Kepler-1392",15.14103970000,1.96000000,,5479.00
"K2-73 b","K2-73",7.49556000000,2.58000000,9.20000000,5867.00
"Kepler-604 b","Kepler-604",25.85501786000,2.59000000,,5890.00
"K2-389 b","K2-389",8.58289000000,2.33000000,,5773.00
"HD 111591 b","HD 111591",1056.40000000000,,1398.45200000,4884.00
"HD 217107 b","HD 217107",7.12701660000,,459.57987652,
"HAT-P-19 b","HAT-P-19",4.00878322000,11.29865255,88.03846874,4962.00
"HD 63433 b","HD 63433",7.10794750000,2.14000000,21.75500000,5553.00
"TOI-1853 b","TOI-1853",1.24362580000,3.46000000,73.20000000,4985.00
"Gl 686 b","Gl 686",15.53000000000,,6.62400000,3656.00
"K2-248 b","K2-248",7.17256000000,2.57000000,,5528.00
"K2-354 b","K2-354",3.79330600000,1.56000000,,3669.00
"K2-84 c","K2-84",27.86000000000,2.03000000,,5652.00
"TOI-4551 b","TOI-4551",9.95581000000,11.85910158,473.56432643,4896.00
"Kepler-326 d","Kepler-326",6.76688800000,1.21000000,,5105.00
"Kepler-735 b","Kepler-735",11.51516988000,2.95000000,,5107.00
"Kepler-923 b","Kepler-923",6.93366476000,1.38000000,,5988.00
"HAT-P-43 b","HAT-P-43",3.33264140000,13.63000000,,5693.00
"WASP-101 b","WASP-101",3.58572000000,16.02887000,162.09330000,6380.00
"Kepler-255 c","Kepler-255",9.94604700000,2.99000000,,5573.00
"Kepler-872 b","Kepler-872",2.57885506800,1.99000000,,5902.00
"TOI-1758 b","TOI-1758",20.70507468500,3.62000000,,5169.00
"TOI-5704 b","TOI-5704",3.77111600000,3.22740000,,4590.00
"Kepler-981 b","Kepler-981",4.46975773600,2.31000000,,5718.00
"Kepler-1332 b","Kepler-1332",11.87456832000,1.37000000,,5581.00
"KELT-2 A b","KELT-2 A",4.11379000000,15.13215000,540.31100000,6327.00
"Kepler-250 b","Kepler-250",4.14814100000,1.13000000,,5160.00
"Kepler-886 b","Kepler-886",6.24146367000,1.52000000,,6098.00
"Kepler-1195 b","Kepler-1195",8.49642241000,2.08000000,,4965.00
"Kepler-668 b","Kepler-668",8.35390639000,2.70000000,,5352.00
"Kepler-1610 b","Kepler-1610",8.70181574000,1.61000000,,5383.00
"TOI-5592 b","TOI-5592",2.60858460000,17.14974047,285.72773789,6237.00
"KIC 9663113 b","KIC 9663113",572.38470000000,4.60000000,,6065.00
"HIP 107773 b","HIP 107773",144.30000000000,,629.30340000,4945.00
"Kepler-734 b","Kepler-734",6.10485285600,3.56000000,,5326.00
"K2-199 b","K2-199",3.22539930000,1.73000000,6.90000000,4491.00
"Kepler-1125 b","Kepler-1125",17.67006420000,1.84000000,,5683.00
"Kepler-112 b","Kepler-112",8.40887800000,2.36000000,,5544.00
"TOI-2338 b","TOI-2338",22.65398000000,11.20898070,1900.61387386,5581.00
"Kepler-249 b","Kepler-249",3.30653900000,1.09000000,,3568.00
"Kepler-241 c","Kepler-241",36.06597800000,2.57000000,,4699.00
"TIC 38828280 b","TIC 38828280",4.85558984762,2.62701629,,5046.63
"K2-374 c","K2-374",16.43445000000,2.21300000,,5789.00
"Kepler-221 b","Kepler-221",2.79590600000,1.71000000,,5243.00
"Kepler-1000 b","Kepler-1000",120.01812720000,4.76000000,,6453.00
"NGC 2682 YBP 1514 b","NGC 2682 YBP 1514",5.11800000000,,127.13200000,5725.00
"HD 116029 b","HD 116029",670.00000000000,,444.96200000,4819.00
"Kepler-1767 b","Kepler-1767",59.65829849000,3.01299077,,5243.00
"Kepler-1639 b","Kepler-1639",9.87848200000,2.58000000,,6150.00
"PSR B1620-26 b","PSR B1620-26",,,794.57500000,
"Proxima Cen b","Proxima Cen",11.18465000000,,1.05500000,2900.00
"Kepler-246 c","Kepler-246",11.18716100000,1.50000000,,5206.00
"Kepler-40 b","Kepler-40",6.87349000000,13.11000000,699.20000000,6510.00
"TIC 434398831 b","TIC 434398831",3.68550400000,3.51000000,,5638.00
"HD 89744 b","HD 89744",256.78000000000,,2653.88050000,6291.00
"KMT-2018-BLG-1292L b","KMT-2018-BLG-1292L",,,1400.00000000,
"GSC 06214-00210 b","GSC 06214-00210",,,5000.00000000,4200.00
"GJ 887 b","GJ 887",9.26190000000,,3.90000000,3688.00
"HD 219828 c","HD 219828",4789.87297000000,,5102.41724598,
"HD 222155 b","HD 222155",3999.00000000000,,673.79960000,5701.00
"HD 224538 b","HD 224538",1202.05199000000,,2075.73732612,
"TOI-5624 d","TOI-5624",13.73146800000,3.58400000,4.90000000,5327.00
"Kepler-54 d","Kepler-54",20.99569400000,1.53000000,,4252.00
"TOI-2449 b","TOI-2449",106.14468000000,11.24000000,222.00000000,6021.00
"TIC 142589416 b","TIC 142589416",2.09518466313,2.67899519,,4396.27
"Kepler-101 b","Kepler-101",3.48768120000,5.77000000,51.10000000,5667.00
"Kepler-195 b","Kepler-195",8.30787200000,2.03000000,,5329.00
"Kepler-727 b","Kepler-727",5.15448441700,2.53000000,,5441.00
"Kepler-763 b","Kepler-763",1.19655156000,1.22000000,,5166.00
"TOI-954 b","TOI-954",3.68497290000,9.55006800,55.30242000,5710.00
"HD 95338 b","HD 95338",55.08269400000,4.27174254,,5097.00
"HD 13724 c","HD 13724",142.22895000000,,50.85254512,
"Kepler-928 b","Kepler-928",3.93246130200,1.59000000,,4700.00
"TOI-7155 b","TOI-7155",3.89489711981,2.40821473,,4673.03
"Kepler-1879 b","Kepler-1879",10.61340046000,2.06512018,,5865.00
"TOI-6223 b","TOI-6223",3.85521900000,5.07000000,,3895.00
"Kepler-1295 b","Kepler-1295",3.81371974000,1.55000000,,5486.00
"Kepler-1319 b","Kepler-1319",2.88676264500,1.34000000,,3655.00
"WASP-154 b","WASP-154",3.81167800000,10.76062147,198.96058278,4774.00
"K2-126 b","K2-126",7.38565500000,1.97000000,,4339.00
"Kepler-49 c","Kepler-49",10.91000000000,2.44400000,8.38000000,4095.60
"Kepler-1536 b","Kepler-1536",364.75803100000,3.14000000,,4434.00
"TOI-1669 c","TOI-1669",2.68005350000,2.29639770,13.00000000,5497.00
"HD 48948 b","HD 48948",7.34013000000,,4.88000000,4593.00
"Kepler-729 b","Kepler-729",3.16635371400,3.58000000,,5633.00
"Kepler-1669 d","Kepler-1669",4.72941177000,1.22000000,,4224.00
"TOI-3023 b","TOI-3023",3.90149710000,16.43236571,197.05361234,5760.00
"K2-110 b","K2-110",13.86375000000,2.59200000,15.90000000,5010.00
"K2-46 b","K2-46",19.15410000000,2.05000000,,6256.00
"HAT-P-63 b","HAT-P-63",3.37772800000,12.54284940,195.14664190,5400.00
"Kepler-967 b","Kepler-967",13.22713379000,2.35000000,,5178.00
"Kepler-292 b","Kepler-292",2.58082700000,1.32000000,,5299.00
"HIP 39017 b","HIP 39017",31000.00000000000,,7500.75040520,
"Kepler-245 d","Kepler-245",36.27710800000,3.03000000,,5100.00
"HD 215497 b","HD 215497",3.93404000000,,6.35660000,5110.00
"Kepler-180 b","Kepler-180",13.81712400000,1.50000000,,5731.00
"Kepler-1632 b","Kepler-1632",448.30355800000,2.47000000,,6137.00
"KOINTREAU-4 b","2MASS J16262785-2625152",,,4862.77462710,
"GJ 163 b","GJ 163",8.63182000000,,10.60000000,
"Kepler-101 c","Kepler-101",6.02976000000,1.25000000,3.78000000,5667.00
"K2-231 b","K2-231",13.84190100000,2.50000000,,5695.00
"WASP-144 b","WASP-144",2.27831520000,9.52765000,139.84520000,5200.00
"TIC 88692598 b","TIC 88692598",2.64909436758,1.81295951,,3483.17
"HD 171028 b","HD 171028",550.00000000000,,832.71460000,5671.00
"Kepler-848 b","Kepler-848",6.91134416000,1.70000000,,5695.00
"HD 111998 b","HD 111998",810.00000000000,,1525.57635360,
"ITG 15 b","ITG 15 A",,,6674.39654700,
"HD 164595 b","HD 164595",40.00000000000,,16.14000000,5790.00
"Kepler-1942 b","Kepler-1942",4.62604999500,2.11702870,,5834.00
"Kepler-228 c","Kepler-228",4.13444400000,2.70000000,,6043.00
"Kepler-975 c","Kepler-975",5.05821338000,10.69000000,,4883.00
"Kepler-358 b","Kepler-358",34.06046700000,2.72000000,,5908.00
"Kepler-625 b","Kepler-625",7.75192492000,1.99000000,,5789.00
"Kepler-1914 b","Kepler-1914",30.82789993000,2.94298030,,5982.00
"K2-369 b","K2-369",5.76161200000,1.31300000,,5682.00
"Kepler-1665 b","Kepler-1665",11.95480000000,2.83910787,,5049.84
"K2-233 c","K2-233",7.06024000000,1.27200000,4.60000000,4796.00
"Kepler-1364 b","Kepler-1364",13.32196237000,2.15000000,,6805.00
"Kepler-1008 b","Kepler-1008",12.43931193000,1.28000000,,5066.00
"HD 38801 b","HD 38801",685.25000000000,,3082.31534000,5338.00
"Kepler-1108 b","Kepler-1108",4.51005748000,1.46000000,,5406.00
"Kepler-1818 b","Kepler-1818",4.64490985900,1.71360684,,6047.00
"Kepler-229 b","Kepler-229",6.25297200000,2.20000000,,5120.00
"Kepler-1187 b","Kepler-1187",18.87064068000,2.61000000,,5975.00
"Kepler-606 b","Kepler-606",24.31575992000,3.31000000,,6161.00
"Kepler-126 c","Kepler-126",21.86974100000,1.58000000,,6239.00
"Kepler-1763 b","Kepler-1763",1.48028004200,1.14651332,,5897.00
"KMT-2018-BLG-0029L b","KMT-2018-BLG-0029L",,,7.59000000,
"Kepler-264 c","Kepler-264",140.10126100000,2.83000000,,6158.00
"HD 200964 b","HD 200964",606.30000000000,,508.21017000,4982.00
"Kepler-879 c","Kepler-879",0.64671600000,0.40000000,,5456.75
"HIP 113103 b","HIP 113103",7.61030300000,1.82900000,,4930.00
"HD 72892 b","HD 72892",39.44603000000,,1737.88572948,
"K2-266 d","K2-266",14.69700000000,2.93000000,8.90000000,4285.00
"KMT-2018-BLG-2602L b","KMT-2018-BLG-2602L",,,365.50266805,
"Kepler-402 c","Kepler-402",6.12482100000,1.56000000,,6090.00
"Kepler-182 c","Kepler-182",20.68434200000,3.43000000,,6250.00
"GJ 3634 b","GJ 3634",2.64561000000,,8.40000000,
"TOI-3540 A b","TOI-3540 A",3.11999900000,23.53885947,375.03752026,5810.00
"OGLE-2005-BLG-169L b","OGLE-2005-BLG-169L",,,14.10000000,
"WASP-168 b","WASP-168",4.15365800000,16.81350000,133.48860000,6000.00
"HD 284149 AB b","HD 284149 A",,,8352.53053596,6035.00
"Kepler-452 b","Kepler-452",384.84300000000,1.63000000,,5757.00
"Kepler-1190 b","Kepler-1190",10.45843441000,1.33000000,,4730.00
"Kepler-1013 b","Kepler-1013",18.93054959000,2.15000000,,4954.00
"GJ 1265 b","GJ 1265",3.65110000000,,7.40000000,3236.00
"TIC 24750448 b","TIC 24750448",3.59159193029,2.43722231,,4545.43
"K2-138 d","K2-138",5.40479000000,2.39000000,7.92000000,5356.30
"HATS-29 b","HATS-29",4.60587490000,14.02245900,207.54299000,5670.00
"HD 69830 d","HD 69830",197.00000000000,,18.10000000,5385.00
"Kepler-165 c","Kepler-165",15.31299000000,2.23000000,,5211.00
"Kepler-105 c","Kepler-105",7.12592000000,1.44000000,5.60000000,5933.00
"Kepler-367 b","Kepler-367",37.81572400000,1.30000000,,4710.00
"HD 8535 b","HD 8535",1313.00000000000,,216.12440000,6136.00
"Kepler-1054 b","Kepler-1054",4.30655689000,2.63000000,,6209.00
"Kepler-1725 b","Kepler-1725",16.71990013000,2.81251770,,6020.00
"K2-45 b","K2-45",1.72926840000,6.71000000,,4103.00
"GJ 667 C b","GJ 667 C",7.20300000000,,,
"Kepler-1426 b","Kepler-1426",14.25632270000,1.56000000,,5831.00
"GJ 2030 b","GJ 2030",2.38129000000,,4.76742611,
"Kepler-1754 b","Kepler-1754",8.19594955400,2.43996509,,4723.00
"TOI-150.01","TOI-150",5.85748700000,14.06729500,797.75330000,6255.00
"Wendelstein-1 b","Wendelstein-1",2.66341600000,11.56096260,188.15536000,4251.00
"TOI-904 c","TOI-904",83.99970000000,2.16700000,,3770.20
"Kepler-1907 b","Kepler-1907",5.65245008500,0.86973029,,5159.00
"Kepler-491 b","Kepler-491",4.22538451200,8.92000000,,5582.00
"Kepler-992 b","Kepler-992",20.16034462000,1.62000000,,4944.00
"Kepler-667 b","Kepler-667",41.43962808000,4.73000000,,5327.00
"Kepler-404 b","Kepler-404",11.82985100000,1.27000000,,5654.00
"Kepler-1213 b","Kepler-1213",5.34982412000,1.19000000,,6050.00
"Kepler-1043 b","Kepler-1043",38.50533980000,2.55000000,,5629.00
"TOI-4377 b","TOI-4377",4.37808100000,15.10970598,304.16178550,4974.00
"Kepler-985 b","Kepler-985",116.33190100000,2.98000000,,5434.00
"CoRoT-21 b","CoRoT-21",2.72474000000,14.57170000,718.29580000,6200.00
"TOI-4201 b","TOI-4201",3.58191940000,13.67495645,788.21444936,3794.00
"HD 114783 b","HD 114783",493.70000000000,,349.60000000,5135.00
"K2-167 b","K2-167",9.97854100000,2.36509493,,6310.00
"Kepler-304 c","Kepler-304",5.31594600000,2.17000000,,4731.00
"Kepler-1524 b","Kepler-1524",70.96746030000,3.54000000,,6179.00
"Kepler-1840 b","Kepler-1840",131.19000240000,2.77771129,,4898.00
"Kepler-1074 b","Kepler-1074",5.94566534000,1.25000000,,4002.00
"K2-393 b","K2-393",10.41318100000,2.35200000,,5678.00
"Kepler-314 c","Kepler-314",5.96039200000,2.90000000,,5378.00
"Kepler-1476 b","Kepler-1476",10.35863224000,1.67000000,,5663.00
"Kepler-316 c","Kepler-316",6.82776600000,1.16000000,,4204.00
"Kepler-1677 b","Kepler-1677",22.06400000000,2.70216183,,6013.72
"Kepler-219 c","Kepler-219",22.71461300000,3.58000000,,5786.00
"K2-331 b","K2-331",9.39897700000,1.79000000,,5994.00
"K2-338 b","K2-338",3.85061400000,1.03000000,,4558.00
"HD 43691 b","HD 43691",36.99870000000,,810.46650000,6093.00
"WASP-132 c","WASP-132",1.01153624000,1.84100000,6.26000000,4686.00
"K2-199 c","K2-199",7.37448970000,2.85000000,12.40000000,4491.00
"HD 134606 d","HD 134606",966.50000000000,,44.80000000,5576.00
"TOI-1346 c","TOI-1346",5.50255800000,2.23000000,,5099.00
"K2-89 b","K2-89",1.09602600000,0.61500000,,3691.00
"HD 28109 b","HD 28109",22.89105400000,2.69000000,6.20000000,6189.00
"Kepler-409 b","Kepler-409",68.95832160000,1.19900000,6.00000000,5421.00
"HU Aqr AB b","HU Aqr",2390.00000000000,,1875.19700000,
"Kepler-793 b","Kepler-793",4.24153639000,1.37000000,,5745.00
"Kepler-1084 b","Kepler-1084",2.05333679000,1.11000000,,6113.00
"Kepler-1910 b","Kepler-1910",5.68876981700,1.18400000,,4234.00
"Kepler-9 c","Kepler-9",38.98530000000,8.08000000,29.90000000,5774.00
"Kepler-261 c","Kepler-261",24.57085800000,2.00000000,,5098.00
"K2-198 c","K2-198",3.35960550000,1.42300000,,5212.90
"Kepler-54 b","Kepler-54",8.01094340000,2.10000000,,3705.00
"TOI-2088 b","TOI-2088",124.72997000000,3.68311790,37.00000000,5081.00
"Kepler-951 b","Kepler-951",71.52530845000,5.59000000,,4834.00
"HD 134060 b","HD 134060",3.26960000000,,10.10000000,5966.00
"HD 17156 b","HD 17156",21.21642940000,12.26262489,1036.12060682,6046.00
"Kepler-1385 b","Kepler-1385",2.88879862000,0.85000000,,5732.00
"Kepler-279 b","Kepler-279",12.30968100000,3.62000000,,6363.00
"K2-206 b","K2-206",18.29454900000,2.79522879,,5043.00
"Kepler-1451 b","Kepler-1451",35.62223300000,3.35000000,,5782.00
"TOI-1753 b","TOI-1753",5.38461040000,2.47852533,16.60000000,5621.00
"Kepler-689 b","Kepler-689",22.36656079000,2.89000000,,5518.00
"Kepler-118 c","Kepler-118",20.17202000000,7.68000000,,5274.00
"Kepler-96 b","Kepler-96",16.23850000000,2.67000000,8.46000000,5690.00
"OGLE-2016-BLG-1800L b","OGLE-2016-BLG-1800L",,,823.17557413,
"WASP-58 b","WASP-58",5.01718000000,16.02887000,308.29510000,5800.00
"TOI-1174 b","TOI-1174",8.95348768300,2.56200000,,5030.00
"HD 135344 A b","HD 135344 A",,16.25302201,3178.28407000,9540.00
"Kepler-1944 b","Kepler-1944",9.84257984200,2.75971163,,5585.00
"Kepler-123 b","Kepler-123",17.23236600000,2.94000000,,6089.00
"TIC 257060897 b","TIC 257060897",3.66003639000,17.26183028,201.50321004,5993.00
"Kepler-1200 b","Kepler-1200",1.11854971700,1.06000000,,4612.00
"Kepler-107 e","Kepler-107",14.74914300000,2.90300000,14.10000000,5854.00
"HD 212771 b","HD 212771",380.70000000000,,759.61370000,5003.00
"K2-223 c","K2-223",4.56254600000,1.50000000,,5859.00
"Kepler-1566 b","Kepler-1566",0.53991523800,0.79000000,,5254.00
"GJ 317 b","GJ 317",695.69000000000,,536.49435102,3496.00
"Kepler-462 c","Kepler-462",207.62000000000,4.00000000,6.00000000,7500.00
"HATS-61 b","HATS-61",7.81795300000,13.39475500,1080.62200000,5542.00
"HIP 57274 b","HIP 57274",8.13520000000,,6.35660000,4510.00
"TAP 26 b","TAP 26",10.79000000000,,527.59780000,4620.00
"K2-365 b","K2-365",23.44817200000,2.90600000,,5561.00
"Kepler-1102 b","Kepler-1102",51.32856230000,2.66000000,,5724.00
"HD 25015 b","HD 25015",6134.42700000000,,2884.92845034,
"Kepler-1699 b","Kepler-1699",3.49082000000,1.56671124,,5575.53
"Kepler-1938 b","Kepler-1938",13.06260014000,1.82828927,,4522.00
"HD 68475 b","HD 68475",7832.00000000000,,1639.99458012,5022.00
"Kepler-48 b","Kepler-48",4.77800000000,1.88000000,3.94000000,5194.00
"K2-224 c","K2-224",10.09489000000,2.41000000,,5620.00
"Kepler-47 d","Kepler-47",187.36600000000,7.04000000,19.02000000,
"K2-293 b","K2-293",13.12250000000,2.45000000,,5532.00
"K2-84 b","K2-84",6.42150000000,2.41000000,,5652.00
"Kepler-522 b","Kepler-522",38.58422849000,6.91000000,,6392.00
"Kepler-380 b","Kepler-380",3.93082100000,1.19000000,,6045.00
"Kepler-286 d","Kepler-286",5.91432300000,1.33000000,,5580.00
"Kepler-26 e","Kepler-26",46.82791500000,2.41000000,,4486.00
"Kepler-838 b","Kepler-838",15.74957994000,2.73000000,,5770.00
"TOI-1798.02","TOI-1798",0.43781182200,1.46400000,,5165.00
"Kepler-1755 b","Kepler-1755",24.81209946000,5.91688317,,6086.00
"PDS 70 c","PDS 70",,22.19378179,2383.71305250,4109.00
"HD 93385 c","HD 93385",13.18000000000,,7.10000000,5977.00
"Kepler-25 b","Kepler-25",6.23829700000,2.74800000,8.70000000,
"K2-189 b","K2-189",2.58812000000,1.40300000,,5442.00
"Kepler-1171 b","Kepler-1171",1.44259224000,2.56000000,,7044.00
"Kepler-375 b","Kepler-375",12.12593400000,1.45000000,,5826.00
"Kepler-1457 b","Kepler-1457",51.11102430000,1.99000000,,5866.00
"HR 858 b","HR 858",3.58528700000,2.00400000,3.55000000,6354.00
"Kepler-447 b","Kepler-447",7.79430132000,18.49000000,435.41000000,5493.00
"TOI-1386 b","TOI-1386",25.84010000000,6.21638650,45.80000000,5735.00
"HIP 77900 b","HIP 77900",,,6674.39654700,
"Kepler-548 b","Kepler-548",4.45419433800,11.99000000,,5535.00
"HD 224018 b","HD 224018",10.64130000000,0.91000000,4.10000000,5784.00
"Kepler-1452 b","Kepler-1452",42.91375100000,2.70000000,,6101.00
"Kepler-1158 b","Kepler-1158",13.53962930000,2.34000000,,6203.00
"K2-111 c","K2-111",15.67480000000,,11.10000000,5775.00
"Kepler-692 b","Kepler-692",21.81293494000,3.11000000,,5440.00
"Kepler-160 b","Kepler-160",4.30939700000,1.71500000,,5471.00
"WASP-4 b","WASP-4",1.33823099400,15.12091496,381.39408840,
"K2-400 b","K2-400",3.86505300000,1.16300000,,3578.00
"Kepler-1159 b","Kepler-1159",22.70816791000,2.37000000,,6217.00
"K2-63 c","K2-63",25.45560000000,3.90000000,,6771.00
"HAT-P-38 b","HAT-P-38",4.64038200000,9.24700000,84.85700000,5330.00
"HD 10180 h","HD 10180",2205.00000000000,,65.66367800,5911.00
"Kepler-158 b","Kepler-158",16.70918400000,2.12000000,,4623.00
"HU Aqr AB c","HU Aqr",4368.00000000000,,1430.23500000,
"K2-229 c","K2-229",8.32727000000,2.03000000,,5315.00
"Kepler-1370 c","Kepler-1370",7.44142113000,1.27000000,,6202.00
"LSPM J2116+0234 b","LSPM J2116+0234",14.43990000000,,13.30000000,3475.00
"Qatar-3 b","Qatar-3",2.50792040000,12.28506400,1369.84730000,6007.00
"Kepler-1230 b","Kepler-1230",9.95661537000,2.71000000,,5961.00
"TOI-5322 b","TOI-5322",5.42332070000,16.61170940,184.02264765,5692.00
"HD 156411 b","HD 156411",842.20000000000,,235.18000000,5900.00
"K2-146 c","K2-146",4.00498000000,2.19000000,7.49000000,3385.00
"TOI-1782.02","TOI-1782",1.82902422700,1.83900000,,4336.00
"Kepler-1443 b","Kepler-1443",2.41811321000,0.97000000,,6289.00
"HD 109833 b","HD 109833",9.18852600000,2.88800000,,5881.00
"Gliese 12 b","Gliese 12",12.76141800000,0.93000000,0.95000000,3328.00
"HD 3651 b","HD 3651",62.25000000000,,72.46524000,5221.00
"HD 10697 b","HD 10697",1075.37990000000,,1825.28854140,
"Kepler-1722 b","Kepler-1722",9.17856979400,2.86719266,,5506.00
"Kepler-506 b","Kepler-506",6.88340550000,2.73000000,,6236.00
"Kepler-595 c","Kepler-595",12.38602000000,1.00900000,3.30000000,
"HD 20794 d","HD 20794",89.68000000000,,2.98000000,5368.00
"Kepler-368 c","Kepler-368",72.37933400000,3.88000000,,5502.00
"Kepler-1545 b","Kepler-1545",163.69234900000,2.70000000,,5201.00
"K2-192 b","K2-192",4.16281700000,1.52000000,,5222.00
"Kepler-124 d","Kepler-124",30.95085100000,1.11000000,,4984.00
"MOA-2011-BLG-291L b","MOA-2011-BLG-291L",,,18.00000000,
"HD 95127 b","HD 95127",482.00000000000,,3378.53290000,4218.00
"HD 112570 b","HD 112570",2615.00000000000,,1086.97315194,4750.00
"TOI-1243 b","TOI-1243",4.65947790000,2.33000000,7.70000000,3515.00
"Kepler-1421 b","Kepler-1421",6.91311120000,0.93000000,,6335.00
"Kepler-732 c","Kepler-732",0.89304123600,1.27000000,,3631.00
"Kepler-1845 b","Kepler-1845",11.60649967000,2.43836702,,4703.00
"OGLE-2018-BLG-0383L b","OGLE-2018-BLG-0383L",,,6.40000000,
"Kepler-1141 b","Kepler-1141",2.34451194400,0.82000000,,5791.00
"HD 160691 d","HD 160691",9.63920000000,,,5773.00
"K2-185 b","K2-185",10.61638400000,1.15000000,,5788.00
"47 UMa d","47 UMa",14002.00000000000,,521.22000000,5872.00
"Kepler-286 b","Kepler-286",1.79630200000,1.24000000,,5580.00
"Kepler-1721 b","Kepler-1721",4.59238004700,3.11856756,,5351.00
"Kepler-344 c","Kepler-344",125.59680900000,2.95000000,,5774.00
"Kepler-687 b","Kepler-687",20.50586978000,3.52000000,,4841.00
"Kepler-622 b","Kepler-622",14.28226676000,2.13000000,,4201.00
"TOI-1291 b","TOI-1291",7.16200975510,5.63826391,,6139.95
"Kepler-495 c","Kepler-495",5.89660978300,1.21936414,,5392.00
"HD 68988 b","HD 68988",6.27711000000,,626.12510000,5932.00
"KMT-2018-BLG-1988L b","KMT-2018-BLG-1988L",,,5.56000000,
"TOI-1859 b","TOI-1859",63.48347000000,9.75181321,,6341.00
"TOI-1736 c","TOI-1736",571.25000000000,,2441.00000000,5636.00
"Kepler-1321 d","Kepler-1321",5.72092008600,2.62843782,,3640.00
"Kepler-30 d","Kepler-30",143.34394000000,8.80000000,23.10000000,5498.00
"KMT-2024-BLG-1209L b","KMT-2024-BLG-1209L",,,839.06699448,
"TOI-1994 b","TOI-1994",4.03371420000,13.67495645,7024.00779470,7700.00
"TOI-5788 b","TOI-5788",6.34075800000,1.52800000,3.72000000,5615.00
"Kepler-1591 b","Kepler-1591",8.18504949000,1.27000000,,6082.00
"Kepler-310 d","Kepler-310",92.87612500000,2.47000000,,5797.00
"Kepler-166 b","Kepler-166",7.65025400000,2.27000000,,5413.00
"HATS-58 A b","HATS-58 A",4.21808960000,12.27385500,327.36490000,7175.00
"HD 215152 e","HD 215152",25.19670000000,,2.87700000,4935.00
"K2-3 b","K2-3",10.05465350000,2.07800000,5.11000000,3844.00
"Kepler-1463 b","Kepler-1463",25.15864000000,1.86000000,,5679.00
"HD 75289 b","HD 75289",3.50927000000,,155.73670000,6117.00
"Kepler-339 b","Kepler-339",4.97765600000,1.42000000,,5631.00
"TOI-3912 b","TOI-3912",3.49362640000,14.28024141,129.03833324,5725.00
"Kepler-1844 b","Kepler-1844",3.92451000200,3.03648191,,5776.00
"eps Tau b","eps Tau",585.82000000000,,2285.18624633,4877.00
"HD 216520 b","HD 216520",35.45000000000,,10.26000000,5103.00
"OGLE-TR-113 b","OGLE-TR-113",1.43247520000,12.25100000,400.44900000,4790.00
"Kepler-31 c","Kepler-31",42.63180000000,5.30000000,1493.70000000,6340.00
"Kepler-1952 b","Kepler-1952",27.21080017000,1.23923346,,5973.00
"Kepler-405 c","Kepler-405",29.72668200000,4.66000000,,5818.00
"HD 20003 b","HD 20003",11.84820000000,,11.66000000,5494.00
"HD 207832 c","HD 207832",1155.70000000000,,232.01590000,5710.00
"Qatar-2 b","Qatar-2",1.33711647000,14.05600000,792.63500000,4645.00
"HD 93351 c","HD 93351",14010.29410000000,,4154.01727949,
"TOI-2977 b","TOI-2977",2.35056140000,13.15934334,533.95172376,5691.00
"Kepler-1118 b","Kepler-1118",38.67150750000,2.74000000,,5688.00
"K2-331 c","K2-331",22.99659100000,2.72000000,,5994.00
"Kepler-1746 b","Kepler-1746",321.21200560000,8.93504475,,6018.00
"WASP-28 b","WASP-28",3.40883495000,13.66374747,282.54945382,
"HD 11506 c","HD 11506",223.92000000000,,127.13136280,6123.00
"HD 25912 c","HD 25912",26308.65619000000,,5252.75008249,
"GJ 900 b","GJ 900 A",,,3496.11247700,
"K2-19 c","K2-19",11.90600000000,4.10000000,11.00000000,5322.00
"CoRoT-24 c","CoRoT-24",11.75900000000,5.00000000,28.00000000,4950.00
"HATS-18 b","HATS-18",0.83784000000,14.89676100,629.14448500,5600.00
"Kepler-403 b","Kepler-403",7.03146200000,1.25000000,,6090.00
"HATS-74 A b","HATS-74 A",1.73185606000,11.56766808,464.02947422,3776.90
"Kepler-1048 b","Kepler-1048",6.92101021000,1.61000000,,4651.00
"Kepler-1023 b","Kepler-1023",62.13877140000,2.63000000,,5494.00
"TOI-880 c","TOI-880",6.38727030000,4.95000000,,5050.00
"HD 205739 b","HD 205739",279.80000000000,,435.41000000,6176.00
"HD 194490 b","HD 194490",13092.18348000000,,3561.90295725,
"Kepler-254 c","Kepler-254",12.41218300000,2.15000000,,5957.00
"HAT-P-34 b","HAT-P-34",5.45265400000,13.41717300,1058.37390000,6442.00
"K2-377 b","K2-377",12.83223500000,1.69300000,,4200.00
"TOI-1036 b","TOI-1036",3.77952125496,6.28499593,,5664.68
"Kepler-554 b","Kepler-554",1.90220855600,4.29000000,,5447.00
"HAT-P-42 b","HAT-P-42",4.64187800000,14.34800000,331.80100000,5743.00
"TOI-2407 b","TOI-2407",2.70296900000,4.26000000,,3530.00
"KOI-217 b","KOI-217",3.90512000000,12.44200000,,5545.00
"Kepler-803 b","Kepler-803",50.28638192000,3.79000000,,5919.00
"HD 215152 c","HD 215152",7.28243000000,,1.72000000,4935.00
"HIP 78530 b","HIP 78530",,,7300.00000000,10500.00
"WASP-98 b","WASP-98",2.96264036000,12.82309600,293.03926000,5473.00
"Kepler-2000 b","Kepler-2000",6.38315913500,2.73000000,,3757.00
"CoRoT-7 b","CoRoT-7",0.85359163000,1.68135000,4.07660518,5275.00
"CoRoT-5 b","CoRoT-5",4.03789620000,15.55800000,148.42000000,6100.00
"Kepler-1678 b","Kepler-1678",147.97400000000,3.30422249,,5754.00
"Kepler-1705 c","Kepler-1705",11.28000000000,2.05000000,5.42000000,6312.00
"K2-255 b","K2-255",1.96417000000,2.90000000,,4676.00
"HD 82943 b","HD 82943",441.47000000000,,534.25000000,5935.00
"TOI-1203.01","TOI-1203",25.50267200000,2.91800000,7.39000000,5737.00
"HD 102272 b","HD 102272",127.58000000000,,1570.08020000,4790.00
"HD 66428 b","HD 66428",2269.81726000000,,3478.94974302,
"WASP-26 b","WASP-26",2.75660000000,13.56289000,270.15550000,6034.00
"Kepler-1578 b","Kepler-1578",1.45088690700,1.04000000,,5545.00
"Kepler-1756 b","Kepler-1756",2.35575008400,1.47199944,,4915.00
"HAT-P-7 b","HAT-P-7",2.20474000000,16.92559000,584.80720000,6389.00
"Kepler-960 b","Kepler-960",3.12686223000,2.29000000,,4755.00
"OGLE-2017-BLG-1140L b","OGLE-2017-BLG-1140L",,,505.00000000,
"Kepler-114 d","Kepler-114",11.77600000000,2.53000000,3.90000000,
"OGLE-2019-BLG-0954L b","OGLE-2019-BLG-0954L",,,4513.16337940,
"HD 235088 b","HD 235088",7.43413250000,1.98200000,4.15000000,5075.00
"HD 35843 b","HD 35843",9.89910000000,,5.84000000,5666.00
"Kepler-57 b","Kepler-57",5.72000000000,3.13500000,25.06000000,5187.90
"HD 240237 b","HD 240237",745.70001000000,,5050.31870000,3926.00
"Kepler-242 c","Kepler-242",14.49648100000,2.00000000,,5020.00
"Kepler-321 b","Kepler-321",4.91537900000,1.77000000,,5740.00
"Kepler-1063 b","Kepler-1063",14.07971466000,1.49000000,,5945.00
"Kepler-1407 b","Kepler-1407",20.07115040000,2.25000000,,6010.00
"HD 113538 b","HD 113538",663.20000000000,,114.41000000,4462.00
"OGLE-2019-BLG-0468L c","OGLE-2019-BLG-0468L",,,3248.20631954,
"GJ 273 b","GJ 273",18.64980000000,,2.89000000,3382.00
"TOI-1294 c","TOI-1294",159.90000000000,,147.00000000,5718.00
"TOI-640 b","TOI-640",5.00377700000,19.27944680,181.16219199,6460.00
"Kepler-603 d","Kepler-603",6.21712920000,1.32000000,,5808.00
"GJ 625 b","GJ 625",14.62800000000,,2.82000000,3499.00
"TOI-3160 A b","TOI-3160 A",3.97128100000,13.76462830,378.21580433,6190.00
"TOI-620 b","TOI-620",5.09881790000,3.76000000,,3708.00
"K2-368 d","K2-368",20.20108500000,1.94800000,,4663.00
"Kepler-910 b","Kepler-910",2.36436901500,0.82000000,,6230.00
"Kepler-1837 b","Kepler-1837",5.90608978300,2.06673842,,5966.00
"CoRoT-23 b","CoRoT-23",3.63130000000,11.77000000,889.90000000,5900.00
"HD 34445 f","HD 34445",676.80000000000,,37.90000000,5836.00
"TOI-808 b","TOI-808",9.73944854026,2.20344362,,5078.20
"CoRoT-22 b","CoRoT-22",9.75598000000,4.88000000,12.20000000,5939.00
"HIP 65 A b","HIP 65 A",0.98097340000,22.75427000,1021.18779000,4590.00
"HD 28471 c","HD 28471",6.12450000000,,5.72000000,5766.00
"Kepler-1091 b","Kepler-1091",1.43474156400,1.46000000,,5851.00
"K2-101 b","K2-101",14.67624290000,2.00000000,,4927.00
"HATS-70 b","HATS-70",1.88823780000,15.51325600,4100.00700000,7930.00
"Kepler-355 c","Kepler-355",25.76229400000,2.71000000,,6184.00
"TOI-1873 b","TOI-1873",7.00572708834,2.86356397,,5597.99
"TOI-1478 b","TOI-1478",10.18021170000,11.99360935,279.68899816,
"Kepler-295 b","Kepler-295",12.64516400000,1.22000000,,5603.00
"Kepler-1173 b","Kepler-1173",0.76985360000,0.89000000,,5252.00
"Kepler-796 b","Kepler-796",6.40087618000,1.30000000,,5475.00
"Kepler-1667 b","Kepler-1667",83.57810000000,2.98385261,,5941.54
"TOI-6086 b","TOI-6086",1.38887250000,1.18000000,,3200.00
"Kepler-148 c","Kepler-148",4.18004300000,3.60000000,,5272.00
"Barnard c","Barnard's star",4.12440000000,,0.33500000,3195.00
"Kepler-682 b","Kepler-682",12.61190667200,7.37000000,,5559.00
"TOI-4898 b","TOI-4898",2.76520470167,3.71979540,,4201.57
"HD 206893 c","HD 206893",2290.00000000000,,3527.89531770,
"TOI-2093 b","TOI-2093",12.83600000000,,10.60000000,4426.00
"KOI-55 c","KOI-55",0.34288700000,0.86700000,0.65500000,27730.00
"TrES-2 b","TrES-2",2.47063000000,15.24424000,473.56670000,5850.00
"Kepler-588 b","Kepler-588",4.22162535700,2.63000000,,5835.00
"HAT-P-68 b","HAT-P-68",2.29840551000,12.01604800,230.10892000,4508.00
"KOBE-1 b","KOBE-1",8.53990000000,,8.80000000,4135.00
"Kepler-553 c","Kepler-553",328.24017000000,11.57887706,2129.45032690,5191.00
"Kepler-84 b","Kepler-84",8.72600000000,2.23000000,,
"Kepler-350 b","Kepler-350",11.18956200000,1.85000000,,6186.00
"Kepler-1352 b","Kepler-1352",1.87788274800,0.89000000,,6118.00
"HD 20781 c","HD 20781",13.89050000000,,5.33000000,5256.00
"Kepler-1584 b","Kepler-1584",13.39970990000,1.61000000,,6069.00
"Kepler-335 b","Kepler-335",6.56233100000,3.39000000,,5877.00
"Kepler-129 b","Kepler-129",15.79000000000,2.40000000,20.00000000,5770.00
"Kepler-1556 b","Kepler-1556",8.82713457000,1.96000000,,5608.00
"TOI-1199 b","TOI-1199",3.67146300000,10.51402390,75.96098927,5710.00
"WASP-53 b","WASP-53",3.30984430000,12.03846600,677.61356000,4953.00
"Kepler-1300 b","Kepler-1300",22.24190920000,1.37000000,,6130.00
"Kepler-381 c","Kepler-381",13.39163500000,1.12000000,,6152.00
"TOI-5486 b","TOI-5486",2.02470073205,3.96824928,,3750.17
"Kepler-65 c","Kepler-65",5.85994400000,2.58000000,,6211.00
"Kepler-1623 b","Kepler-1623",4.36128348000,1.31000000,,5772.00
"Kepler-1120 b","Kepler-1120",2.94902905200,1.38000000,,4904.00
"HIP 54373 c","HIP 54373",15.14400000000,,12.44000000,4021.00
"TOI-1467 b","TOI-1467",5.97114713000,1.92000000,,3834.00
"K2-7 b","K2-7",28.67810000000,4.03523305,,5700.00
"Kepler-1510 b","Kepler-1510",84.70392100000,3.36000000,,6200.00
"GJ 3998 b","GJ 3998",2.65033000000,,2.50000000,3726.00
"Kepler-619 d","Kepler-619",11.67894236000,4.17000000,,6122.00
"K2-161 b","K2-161",9.28318800000,6.11721229,,4972.00
"TOI-2257 b","TOI-2257",35.18934600000,2.19400000,,3430.00
"Kepler-179 b","Kepler-179",2.73592600000,1.64000000,,5302.00
"TOI-2545 b","TOI-2545",7.99403700000,2.75000000,,5846.29
"Kepler-233 b","Kepler-233",8.47238200000,2.43000000,,5360.00
"Kepler-1041 b","Kepler-1041",24.75764210000,2.94000000,,5957.00
"Kepler-1738 b","Kepler-1738",7.67463016500,2.82472883,,6063.00
"K2-251 b","K2-251",9.30075000000,2.35000000,,3717.00
"Kepler-1948 b","Kepler-1948",15.57129955000,1.03283226,,3872.00
"Kepler-26 c","Kepler-26",17.25590000000,2.72000000,6.20000000,3914.00
"TOI-1803 b","TOI-1803",6.29328700000,2.99000000,10.32000000,4687.00
"Kepler-887 c","Kepler-887",7.63846023000,1.13000000,,6194.00
"Kepler-750 b","Kepler-750",9.42887179000,3.07000000,,6160.00
"Kepler-146 b","Kepler-146",31.15879900000,3.71000000,,5948.00
"Kepler-675 b","Kepler-675",2.33743801000,2.44000000,,4945.00
"HD 68988 c","HD 68988",16000.00000000000,,4767.42610500,5883.41
"Kepler-1082 b","Kepler-1082",1.54320660400,1.12000000,,5923.00
"WASP-8 c","WASP-8",4323.00000000000,,3003.37000000,
"Kepler-288 d","Kepler-288",56.63374200000,2.67000000,,5918.00
"OGLE-2012-BLG-0724L b","OGLE-2012-BLG-0724L",,,150.00000000,
"Kepler-1251 b","Kepler-1251",45.09046430000,1.84000000,,5545.00
"KMT-2023-BLG-0466L b","KMT-2023-BLG-0466L",,,1032.94232275,
"TOI-544 b","TOI-544",1.54835200000,2.01800000,2.89000000,4169.00
"Kepler-1390 b","Kepler-1390",6.48021673000,1.18000000,,5753.00
"Kepler-128 b","Kepler-128",15.00000000000,1.42100000,3.79000000,6072.00
"HIP 79431 b","HIP 79431",111.70000000000,,667.41500000,3191.00
"Kepler-512 b","Kepler-512",34.43587975000,2.69000000,,5997.00
"Kepler-358 c","Kepler-358",83.48836900000,2.85000000,,5908.00
"TOI-3135 b","TOI-3135",3.70655850000,13.65253849,327.36325921,5890.00
"K2-127 b","K2-127",3.58816300000,8.37000000,,4575.00
"Kepler-151 b","Kepler-151",15.22895800000,3.06000000,,5460.00
"Kepler-236 b","Kepler-236",8.29561100000,1.57000000,,3750.00
"Kepler-976 b","Kepler-976",105.95641480000,3.96000000,,5232.00
"HD 156098 b","HD 156098",21.85849000000,,15.89142035,
"HD 159243 b","HD 159243",12.62000000000,,359.13000000,6123.00
"HD 106252 b","HD 106252",1535.00000000000,,3178.28407000,
"Kepler-408 b","Kepler-408",2.46502000000,0.82000000,5.00000000,6104.00
"Kepler-1401 b","Kepler-1401",11.20066445000,1.68000000,,5964.00
"HD 60532 b","HD 60532",201.90000000000,,336.89980000,6245.00
"Kepler-1184 b","Kepler-1184",53.59910440000,2.68000000,,5983.00
"HD 107148 b","HD 107148",48.05600000000,,66.74100000,5797.00
"Kepler-350 d","Kepler-350",26.13600000000,2.80000000,14.90000000,
"K2-269 b","K2-269",4.14496500000,1.57000000,,6209.00
"GJ 163 c","GJ 163",25.63058000000,,6.80000000,
"HAT-P-16 b","HAT-P-16",,14.68376472,,
"K2-375 b","K2-375",14.45389500000,2.24300000,,5822.00
"Kepler-1961 b","Kepler-1961",5.60471010200,1.61878080,,5401.00
"Kepler-278 c","Kepler-278",51.11100000000,3.26800000,34.90000000,4965.00
"Kepler-1492 b","Kepler-1492",16.75255007000,1.49000000,,4712.00
"K2-279 b","K2-279",7.12260500000,1.21000000,,5558.00
"HD 9174 b","HD 9174",1179.00000000000,,352.79130000,5577.00
"AB Aur b","AB Aur",,,2860.45566300,9770.00
"TOI-1723 b","TOI-1723",13.72701264300,3.43500000,,5777.00
"Kepler-705 b","Kepler-705",56.05605380000,2.11000000,,3722.00
"K2-13 b","K2-13",39.91488000000,1.89000000,,5698.00
"Kepler-81 d","Kepler-81",20.83784600000,1.21000000,,4500.00
"TOI-4559 b","TOI-4559",3.96599100000,1.41500000,,3558.00
"CD Cet b","CD Cet",2.29070000000,,3.95000000,3130.00
"HD 26161 b","HD 26161",10942.29013000000,,9045.39646322,
"Kepler-1311 b","Kepler-1311",11.17269940000,1.24000000,,5748.00
"K2-166 b","K2-166",8.52695000000,2.19000000,,5960.00
"TOI-782 b","TOI-782",8.02400150000,2.73400000,19.10000000,3370.00
"Kepler-768 b","Kepler-768",11.39100250000,1.79000000,,5108.00
"Kepler-1313 b","Kepler-1313",3.83309117800,1.76000000,,5453.00
"BD+42 2315 b","BD+42 2315",123.05000000000,,174.80562385,4500.00
"Kepler-1784 b","Kepler-1784",13.59049988000,2.79936489,,5442.00
"Kepler-1855 b","Kepler-1855",0.72733098300,1.21620500,,3460.00
"Kepler-270 c","Kepler-270",25.26288700000,1.77000000,,6067.00
"Kepler-211 b","Kepler-211",4.13857500000,1.26000000,,5123.00
"K2-242 b","K2-242",6.51389000000,2.54000000,,3459.00
"TOI-261.02","TOI-261",13.03935862135,3.34822227,,5890.30
"GJ 2126 b","GJ 2126",272.70000000000,,413.17692910,4159.00
"WASP-8 b","WASP-8",8.15872000000,12.66617000,807.28820000,5600.00
"TOI-4529 b","TOI-4529",5.87957700000,1.77000000,4.90000000,3697.00
"Kepler-1869 c","Kepler-1869",1.71682830400,0.74000000,,5808.00
"Kepler-295 d","Kepler-295",33.88405400000,1.36000000,,5603.00
"Kepler-217 c","Kepler-217",8.58600400000,1.85000000,,6171.00
"Kepler-194 b","Kepler-194",2.09228100000,1.51000000,,6089.00
"HD 4732 c","HD 4732",3184.20000000000,,1069.49258955,4898.00
"TOI-1722 b","TOI-1722",9.60523206943,4.38298108,,5999.55
"Kepler-1343 b","Kepler-1343",3.35183158000,1.93000000,,5759.00
"Kepler-529 c","Kepler-529",12.83450220000,2.00000000,,6087.00
"HATS-12 b","HATS-12",3.14270200000,7.76000000,,6357.00
"Kepler-297 d","Kepler-297",150.01895110000,32.60000000,,5618.00
"HD 203030 b","HD 203030",,14.45958510,3496.11247700,
"KMT-2022-BLG-2286L b","KMT-2022-BLG-2286L",,,6038.73973300,
"Kepler-569 b","Kepler-569",34.18890521000,3.16000000,,5616.00
"Kepler-1728 b","Kepler-1728",4.78299999200,2.95501875,,5170.00
"K2-201 b","K2-201",1.05979000000,1.40006712,,5507.00
"HIP 39330 b","HIP 39330",4650.00000000000,,530.77343969,5748.00
"Kepler-342 c","Kepler-342",26.23413800000,1.96000000,,6175.00
"HD 133131 B b","HD 133131 B",5769.00000000000,,794.57500000,5805.00
"HD 114386 b","HD 114386",937.70001000000,,362.32620000,4836.00
"TOI-6029 b","TOI-6029",5.79870000000,14.39233122,519.64944544,6223.00
"TOI-6695 c","TOI-6695",242.40000000000,,460.85119015,6400.00
"Kepler-1532 b","Kepler-1532",1.09366355900,1.35000000,,5559.00
"Kepler-1485 b","Kepler-1485",19.91577250000,1.47000000,,6087.00
"EPIC 201841433 b","EPIC 201841433",4.16980000000,1.04000000,,5053.00
"Kepler-1787 b","Kepler-1787",39.31370163000,2.31898181,,6060.00
"Kepler-1878 b","Kepler-1878",4.44587993600,2.92019781,,5918.00
"KOI-351 h","KOI-351",331.60296000000,,203.00000000,
"HD 158259 d","HD 158259",5.19808140000,,5.41000000,
"Kepler-1002 b","Kepler-1002",4.33642933100,1.71000000,,6144.00
"HIP 14810 d","HIP 14810",981.80000000000,,187.51970000,5544.00
"HD 28185 c","HD 28185",9090.00000000000,,1906.97044200,5602.00
"HD 187123 c","HD 187123",3810.00000000000,,632.46000000,5790.00
"Kepler-446 d","Kepler-446",5.14892100000,1.35000000,,3359.00
"Kepler-1071 b","Kepler-1071",6.17998440000,2.38000000,,5215.00
"Kepler-410 A b","Kepler-410 A",17.83364800000,2.83800000,,6273.00
"Kepler-200 c","Kepler-200",10.22215700000,1.59000000,,5678.00
"TOI-1437 b","TOI-1437",18.84094200000,2.24000000,9.60000000,6008.00
"2MASS J22501512+2325342 b","2MASS J22501512+2325342",,,9534.85221000,
"Kepler-133 b","Kepler-133",8.12997600000,1.76000000,,5736.00
"TOI-4638.01","TOI-4638",10.28391878700,2.93300000,,5700.00
"HD 48948 d","HD 48948",151.92000000000,,10.59000000,4593.00
"Kepler-401 b","Kepler-401",14.38303500000,1.71000000,,6117.00
"Kepler-703 b","Kepler-703",4.58352175600,8.20000000,,6185.00
"Kepler-723 b","Kepler-723",4.08227506800,12.19000000,,5539.00
"HD 207832 b","HD 207832",160.07000000000,,177.98480000,5726.00
"K2-221 b","K2-221",2.39909400000,1.67890272,,5716.00
"Kepler-297 b","Kepler-297",38.87182600000,2.87000000,,5619.00
"Kepler-154 e","Kepler-154",3.93276465000,1.50000000,,5769.00
"Kepler-616 c","Kepler-616",90.41135560000,3.41000000,,5753.00
"DMPP-3 A b","DMPP-3 A",5.59000000000,,2.67000000,
"Kepler-263 c","Kepler-263",47.33277300000,2.47000000,,5265.00
"Kepler-613 b","Kepler-613",15.77979614000,2.29000000,,5723.00
"Kepler-58 e","Kepler-58",4.45814897000,1.61000000,,6100.00
"K2-405 b","K2-405",3.43547100000,4.56900000,,4927.00
"HD 86065 b","HD 86065",25775.78859000000,,2877.30056857,
"HD 72659 b","HD 72659",3549.00000000000,,906.12878836,5929.00
"Kepler-535 b","Kepler-535",4.90332155100,2.36000000,,6123.00
"CoRoT-35 b","CoRoT-35",3.22748000000,18.83108758,349.61124770,6390.00
"K2-154 b","K2-154",3.67626000000,1.99000000,,4097.00
"Kepler-1337 b","Kepler-1337",24.40025490000,2.41000000,,4523.00
"K2-392 b","K2-392",15.39872300000,1.85000000,,5726.00
"gam Cep b","gam Cep",913.00000000000,,2097.66748620,4775.00
"TOI-5350 b","TOI-5350",7.58136700000,12.41955062,2094.48920213,6220.00
"Kepler-677 b","Kepler-677",6.57531678000,5.38000000,,5723.00
"Kepler-135 b","Kepler-135",6.00253000000,1.81000000,,6090.00
"K2-60 b","K2-60",3.00265000000,7.65574700,135.39558000,5500.00
"Kepler-870 b","Kepler-870",21.35876210000,2.78000000,,5857.00
"HD 149143 b","HD 149143",4.07182000000,,422.71390000,5856.00
"HD 132406 b","HD 132406",908.00000000000,,1887.90073758,
"TIC 183374187 b","TIC 183374187",5.05907000000,14.03364384,177.98390792,5768.00
"Kepler-1760 b","Kepler-1760",38.32609940000,2.28995546,,5229.00
"TOI-530 b","TOI-530",6.38759700000,9.30345398,127.13136280,3659.00
"K2-81 b","K2-81",6.10232500000,1.97000000,,4674.13
"Kepler-1949 b","Kepler-1949",2.20828008700,2.21964541,,6028.00
"TOI-1203 e","TOI-1203",204.59000000000,,42.10000000,5737.00
"Kepler-250 c","Kepler-250",7.15680400000,2.28000000,,5160.00
"K2-72 b","K2-72",5.57721200000,1.08000000,,3360.47
"HD 106515 A b","HD 106515 A",3626.00000000000,,6006.95689230,
"bet Pic b","bet Pic",8682.00000000000,,2765.10714090,
"TOI-757 b","TOI-757",17.46819000000,2.50000000,10.50000000,5278.00
"Kepler-130 c","Kepler-130",27.50868000000,2.90000000,,5879.00
"Kepler-880 c","Kepler-880",11.80617370000,2.87000000,,6900.00
"Kepler-306 c","Kepler-306",7.24019300000,2.35000000,,4954.00
"Kepler-1907 c","Kepler-1907",14.86390018000,1.15547044,,5159.00
"Kepler-1273 b","Kepler-1273",28.62565300000,2.49000000,,5566.00
"Kepler-883 b","Kepler-883",12.98495573000,1.78000000,,6116.00
"TOI-1768.01","TOI-1768",7.33770364900,3.45300000,,5994.00
"Kepler-1119 b","Kepler-1119",8.32651530000,1.92000000,,6083.00
"TIC 32032563 b","TIC 32032563",13.83460487791,3.47739942,,5567.93
"Kepler-1001 b","Kepler-1001",14.30511983000,3.15000000,,5491.00
"KMT-2024-BLG-2005L b","KMT-2024-BLG-2005L",,,50.85254512,
"Kepler-186 b","Kepler-186",3.88679070000,1.07000000,,3788.00
"Kepler-108 b","Kepler-108",49.18392100000,8.65000000,,5854.00
"Kepler-810 b","Kepler-810",4.59725385000,1.93000000,,5803.00
"Kepler-847 b","Kepler-847",2.34323189500,1.18000000,,4940.00
"K2-195 b","K2-195",15.85297500000,3.13000000,,5713.00
"Kepler-1641 c","Kepler-1641",32.65721200000,2.95000000,,6152.00
"Kepler-1926 b","Kepler-1926",42.87770081000,2.31495961,,5256.00
"Kepler-377 b","Kepler-377",12.50952900000,1.39000000,,5949.00
"HD 33142 c","HD 33142",810.20000000000,,282.86728223,5025.40
"HD 134060 c","HD 134060",1291.56460000000,,29.29000000,5966.00
"GJ 3293 b","GJ 3293",30.59870000000,,23.54000000,3466.00
"Kepler-758 d","Kepler-758",20.49661970000,2.12000000,,6228.00
"HD 134606 c","HD 134606",58.88300000000,,11.31000000,5576.00
"Kepler-672 b","Kepler-672",38.37746230000,2.50000000,,5627.00
"Kepler-52 d","Kepler-52",36.44517100000,1.95000000,,4263.00
"Kepler-1541 b","Kepler-1541",8.40691199000,1.16000000,,5282.00
"Kepler-1987 b","Kepler-1987",2.34586300200,1.23000000,,4769.00
"Kepler-221 d","Kepler-221",10.04156000000,2.73000000,,5243.00
"HD 166724 b","HD 166724",5144.00000000000,,1121.89000000,5127.00
"Kepler-18 d","Kepler-18",14.85888000000,6.98000000,16.40000000,5345.00
"HD 160691 c","HD 160691",3947.00000000000,,1398.44499080,5773.00
"Kepler-211 c","Kepler-211",6.04045000000,1.29000000,,5123.00
"Kepler-22 b","Kepler-22",289.86387600000,2.10000000,9.10000000,5596.00
"HD 108874 b","HD 108874",394.48123000000,,451.31860000,5600.00
"Kepler-244 d","Kepler-244",20.05040100000,2.31000000,,5554.00
"K2-53 b","K2-53",12.20772000000,2.60000000,,5263.00
"Kepler-1473 b","Kepler-1473",14.42735510000,1.19000000,,6046.00
"KIC 3526061 b","KIC 3526061",3552.00000000000,,5768.58558705,4829.00
"Kepler-662 b","Kepler-662",21.67697486000,2.18000000,,4897.00
"Kepler-1149 b","Kepler-1149",3.73089898000,1.44000000,,5833.00
"KPS-1 b","KPS-1",1.70629100000,11.54527000,346.43470000,5165.00
"Kepler-507 b","Kepler-507",3.56809692600,1.30000000,,6113.00
"Kepler-1854 b","Kepler-1854",39.83110046000,2.58746104,,5026.00
"GJ 687 c","GJ 687",727.56200000000,,16.00000000,
"Kepler-1088 b","Kepler-1088",23.12748644000,1.42000000,,5975.00
"GJ 876 b","GJ 876",61.11660000000,,723.22350000,
"Kepler-1651 b","Kepler-1651",9.87863917000,1.84000000,,3713.00
"Kepler-1134 b","Kepler-1134",17.13263989000,2.64000000,,5281.00
"Kepler-1502 b","Kepler-1502",41.70836290000,3.18000000,,6666.00
"GJ 3378 b","GJ 3378",21.45000000000,,2.30000000,3340.00
"NGC 2682 Sand 1429 b","NGC 2682 Sand 1429",77.48000000000,,572.09113260,6000.00
"K2-170 b","K2-170",7.57654400000,1.41817537,,5748.00
"Kepler-1582 b","Kepler-1582",4.83817712000,1.49000000,,3208.00
"WASP-120 b","WASP-120",,15.58048317,,
"TOI-1224 c","TOI-1224",17.94546600000,2.88400000,,3326.00
"Kepler-318 c","Kepler-318",11.81500700000,3.68000000,,5746.00
"DS Tuc A b","DS Tuc A",8.13826800000,5.70000000,,5428.00
"Kepler-1424 b","Kepler-1424",29.60917440000,1.16000000,,5838.00
"Kepler-1811 b","Kepler-1811",76.42230225000,3.84829873,,5561.00
"TOI-5301 b","TOI-5301",5.85885800000,13.09208946,1182.32167404,6240.00
"HD 176986 c","HD 176986",16.81240000000,,9.75000000,4931.00
"Kepler-32 d","Kepler-32",22.78020000000,2.70000000,,3900.00
"HIP 91258 b","HIP 91258",5.05050000000,,346.43470000,5519.00
"KOI-12 b","KOI-12",17.85518200000,13.78707000,349.61300000,
"WASP-150 b","WASP-150",5.64420700000,11.99363000,2688.84180000,6218.00
"TOI-4633 c","TOI-4633",271.94450000000,3.20000000,123.00000000,5800.00
"Kepler-196 b","Kepler-196",20.73988600000,1.90000000,,5128.00
"EPIC 228836835 b","EPIC 228836835",0.72811300000,1.10000000,,3782.00
"Kepler-1429 b","Kepler-1429",4.48487493000,1.29000000,,5902.00
"K2-146 b","K2-146",2.64460000000,2.05000000,5.77000000,3385.00
"bet Pic c","bet Pic",1202.00000000000,,2765.10714090,
"HD 219139 b","HD 219139",275.50000000000,,247.90615746,4831.00
"PDS 70 b","PDS 70",,21.96960217,1017.05090240,4109.00
"TOI-169 b","TOI-169",2.25544770000,12.17297400,251.40353000,5880.00
"Kepler-534 b","Kepler-534",15.95994513000,2.24000000,,5884.00
"Kepler-385 d","Kepler-385",56.41590000000,2.61864480,,5829.00
"HD 2039 b","HD 2039",1120.00000000000,,1999.15070000,5945.00
"Kepler-184 c","Kepler-184",20.30300500000,1.97000000,,5788.00
"Kepler-176 b","Kepler-176",5.43307400000,1.43000000,,5232.00
"HD 95544 b","HD 95544",2041.54152000000,,1913.64483855,
"K2-100 b","K2-100",1.67390350000,3.88000000,21.80000000,5945.00
"KMT-2019-BLG-1806L b","KMT-2019-BLG-1806L",,,4.67000000,
"Kepler-1851 b","Kepler-1851",12.02289963000,3.90012032,,5982.00
"K2-283 b","K2-283",1.92103600000,3.52000000,,5060.00
"K2-54 b","K2-54",9.78330000000,2.61169250,,3990.00
"Kepler-1216 b","Kepler-1216",4.37034536000,1.39000000,,5743.00
"Kepler-1861 b","Kepler-1861",40.03060150000,2.20677414,,5855.00
"Kepler-313 c","Kepler-313",32.27327300000,2.57000000,,5727.00
"Kepler-1570 b","Kepler-1570",26.54895500000,1.07000000,,5550.00
"Kepler-959 b","Kepler-959",14.80074836000,4.38000000,,7005.00
"tau Cet h","tau Cet",49.41000000000,,1.83000000,
"Kepler-887 b","Kepler-887",20.42228798000,1.84000000,,6194.00
"HD 99492 b","HD 99492",17.05030000000,,25.50000000,4929.00
"KMT-2019-BLG-0253L b","KMT-2019-BLG-0253L",,,9.20000000,
"Kepler-1462 b","Kepler-1462",65.64883410000,3.82000000,,5756.00
"TOI-6628 b","TOI-6628",18.18424000000,10.98480109,235.19302118,5463.00
"Kepler-643 b","Kepler-643",16.33889626000,10.16000000,,4908.00
"Kepler-1256 b","Kepler-1256",12.41277540000,1.49000000,,6129.00
"K2-202 b","K2-202",3.40516400000,2.30165603,,5491.00
"XO-3 b","XO-3",3.19152309000,14.79585452,4217.58296089,6970.00
"Kepler-34 b","Kepler-34",288.82200000000,8.56400000,69.92000000,5913.00
"MOA-2013-BLG-220L b","MOA-2013-BLG-220L",,,871.00000000,
"TOI-1756 b","TOI-1756",2.78301736297,1.94225664,,3891.86
"K2-139 b","K2-139",28.38061900000,9.11000000,,5370.00
"Kepler-1393 b","Kepler-1393",2.44357812000,0.80000000,,5697.00
"Kepler-1723 b","Kepler-1723",39.75289917000,2.88046569,,6072.00
"Kepler-1136 b","Kepler-1136",2.36172432900,1.64000000,,4512.00
"EPIC 249893012 c","EPIC 249893012",15.62400000000,3.67000000,14.67000000,5430.00
"UZ For c","UZ For",1916.25000000000,,2447.20000000,
"TOI-2193 A b","TOI-2193 A",2.12257350000,19.83989584,298.75870258,5966.00
"iot Dra c","iot Dra",25000.00000000000,,4958.12314920,4504.00
"CoRoT-26 b","CoRoT-26",4.20474000000,14.12000000,165.26000000,5590.00
"Kepler-1365 c","Kepler-1365",4.77468005000,0.80000000,,5770.00
"TOI-715 b","TOI-715",19.28800400000,1.55000000,,3075.00
"TOI-1266 d","TOI-1266",32.50900000000,,3.68000000,3563.00
"TOI-5938 b","TOI-5938",2.26042400000,3.82000000,,4650.00
"Kepler-1559 b","Kepler-1559",0.97191542800,0.72000000,,5316.00
"TOI-682.01","TOI-682",6.83923880000,3.74186000,,5085.00
"Wolf 1061 c","Wolf 1061",17.87190000000,,3.41000000,3342.00
"HD 151450 c","HD 151450",18144.76236000000,,1636.18063924,
"PH1 b","PH1",138.31700000000,6.18000000,169.00000000,6407.00
"TOI-7333 b","TOI-7333",6.26449803661,2.09469416,,4586.87
"TOI-4641 b","TOI-4641",22.09341000000,8.18255591,1229.99593509,6560.00
"K2-37 b","K2-37",4.44340000000,1.39000000,,5352.00
"Kepler-1349 b","Kepler-1349",2.12823928000,0.70000000,,6086.00
"Kepler-1047 b","Kepler-1047",56.18868870000,2.09000000,,5754.00
"HD 152843 c","HD 152843",19.50210400000,5.94000000,9.67000000,6310.00
"Kepler-1487 c","Kepler-1487",35.80071120000,7.97000000,,5745.00
"Kepler-1749 b","Kepler-1749",14.53409958000,1.61301783,,3957.00
"DMPP-2 c","DMPP-2",3.16800000000,,51.79000000,
"Kepler-1310 b","Kepler-1310",0.67933627200,1.44000000,,5549.00
"Kepler-1350 c","Kepler-1350",1.76678906200,1.73000000,,3827.00
"HATS-46 b","HATS-46",4.74237290000,10.12172700,54.98459000,5495.00
"Kepler-1402 b","Kepler-1402",2.03387914000,0.76000000,,5416.00
"TYC 3318-01333-1 b","TYC 3318-01333-1",562.00000000000,,1086.97860000,4776.00
"Kepler-106 c","Kepler-106",13.57080000000,2.50000000,10.44000000,5858.00
"Kepler-536 b","Kepler-536",1.82708229900,3.10000000,,5524.00
"Kepler-1117 b","Kepler-1117",4.79028459000,1.11000000,,5612.00
"HD 147873 c","HD 147873",491.54000000000,,731.00900000,5972.00
"Kepler-1516 b","Kepler-1516",7.25931979000,1.75000000,,5904.00
"HIP 12961 b","HIP 12961",57.43500000000,,114.41880000,3901.00
"Kepler-997 b","Kepler-997",2.70730671600,1.36000000,,6150.00
"HATS-45 b","HATS-45",4.18762440000,14.41477400,222.48100000,6450.00
"HATS-34 b","HATS-34",2.10616070000,16.02887000,299.07803000,5380.00
"NGC 2682 YBP 401 b","NGC 2682 YBP 401",4.08700000000,,146.20180000,6165.00
"Kepler-1900 b","Kepler-1900",2.98622989700,1.62314676,,6173.00
"TOI-712 d","TOI-712",84.83960000000,2.47400000,,4622.00
"Kepler-1027 b","Kepler-1027",1.90780519900,0.89000000,,5436.00
"Kepler-79 b","Kepler-79",13.48451000000,3.51000000,7.60000000,6389.00
"HD 88986 b","HD 88986",146.05000000000,2.49000000,17.20000000,5861.00
"HD 103774 b","HD 103774",5.88810000000,,116.00000000,6489.00
"Kepler-1468 d","Kepler-1468",19.59059906000,3.33187146,,5794.00
"HD 196067 c","HD 196067",4.60108800000,,10.40000000,6072.00
"TOI-1269 c","TOI-1269",9.23786144195,2.22999162,,5554.02
"Kepler-2001 c","Kepler-2001",14.09258318900,1.82000000,,5081.00
"Kepler-590 b","Kepler-590",5.85296257000,4.02000000,,6000.00
"Kepler-1682 b","Kepler-1682",14.83340000000,2.88940836,,5619.12
"HIP 21152 b","HIP 21152",22000.00000000000,,7627.88176800,6655.00
"TOI-122 b","TOI-122",5.07803000000,2.72000000,,3403.00
"Kepler-286 c","Kepler-286",3.46809500000,1.37000000,,5580.00
"Kepler-1558 b","Kepler-1558",3.50470358000,0.68000000,,5101.00
"TOI-2328 b","TOI-2328",17.10197000000,9.97599282,50.85254512,5525.00
"K2-352 d","K2-352",14.87138700000,2.23000000,,5791.00
"Kepler-449 b","Kepler-449",12.58242000000,2.05600000,,5649.18
"Kepler-1797 b","Kepler-1797",23.35939980000,3.05774442,,6244.00
"TOI-2202 b","TOI-2202",11.91260750000,10.95117414,287.31687993,5169.00
"Kepler-1693 c","Kepler-1693",5.36370992700,0.97698289,,5553.00
"Kepler-224 c","Kepler-224",5.92500300000,3.12000000,,5018.00
"Kepler-1740 b","Kepler-1740",8.17240047500,3.32321414,,5705.00
"Kepler-1239 b","Kepler-1239",5.19104016000,2.90000000,,6564.00
"TOI-5614 b","TOI-5614",4.17221328949,3.21759316,,4553.00
"Kepler-634 b","Kepler-634",5.16950177000,1.89000000,,6075.00
"K2-198 d","K2-198",7.45001770000,2.43800000,,5212.90
"HD 185283 b","HD 185283",4060.00000000000,,413.17692910,
"Kepler-275 d","Kepler-275",35.67606200000,3.33000000,,6165.00
"Kepler-220 c","Kepler-220",9.03419900000,1.57000000,,4632.00
"Kepler-529 d","Kepler-529",35.86619949000,2.79502603,,6078.00
"Kepler-402 d","Kepler-402",8.92109900000,1.38000000,,6090.00
"Kepler-65 b","Kepler-65",2.15491000000,1.42000000,,6211.00
"HD 190360 b","HD 190360",2887.50000000000,,537.00000000,5560.00
"Kepler-196 d","Kepler-196",122.08000180000,2.66065673,,5132.00
"MOA-2022-BLG-249L b","MOA-2022-BLG-249L",,,4.83000000,
"HD 155918 b","HD 155918",1.87567000000,,7.62788177,
"Kepler-271 d","Kepler-271",5.24972541000,0.66000000,,5555.00
"TOI-2207 b","TOI-2207",8.00196800000,11.15293580,203.41018048,6101.00
"Kepler-919 b","Kepler-919",11.04603384000,2.25000000,,6113.00
"Kepler-1937 b","Kepler-1937",9.68859958600,3.02291330,,6457.00
"GJ 1151 c","GJ 1151",389.70000000000,,10.62000000,3280.00
"Kepler-575 b","Kepler-575",9.37891944000,2.39000000,,5710.00
"NGTS-4 b","NGTS-4",1.33735080000,3.18000000,20.60000000,5143.00
"Kepler-431 b","Kepler-431",6.80300000000,0.76400000,,6004.00
"CoRoT-25 b","CoRoT-25",4.86069000000,12.11000000,85.81000000,6040.00
"Kepler-1697 b","Kepler-1697",33.49690000000,1.25954761,,4681.53
"TOI-3856 b","TOI-3856",2.04360352000,13.59649359,171.62733978,5622.00
"DP Leo b","DP Leo",10220.00000000000,,1922.79000000,
"KELT-15 b","KELT-15",3.32944000000,19.50366000,416.35730000,6003.00
"HD 86950 b","HD 86950",1270.00000000000,,1144.18800000,4805.00
"Kepler-804 c","Kepler-804",9.65185017000,1.14000000,,5817.00
"K2-111 b","K2-111",5.35189630000,1.83700000,5.35000000,5775.00
"Kepler-1312 c","Kepler-1312",1.11611998100,1.02732734,,5721.00
"WASP-41 c","WASP-41",421.00000000000,,1010.69940000,5545.00
"Kepler-517 b","Kepler-517",60.92832271000,2.67000000,,5690.00
"HD 192263 b","HD 192263",24.35560000000,,177.98480000,4976.00
"HD 141399 e","HD 141399",5000.00000000000,,209.76780000,5600.00
"Kepler-1336 c","Kepler-1336",5.77721211000,1.71000000,,5512.00
"Kepler-1163 b","Kepler-1163",6.11786898000,1.03000000,,6302.00
"WASP-140 b","WASP-140",,14.23540549,,5300.00
"rho CrB c","rho CrB",102.03600000000,,27.44200000,
"Kepler-1460 b","Kepler-1460",29.96332470000,1.96000000,,4422.00
"Kepler-1751 b","Kepler-1751",7.01731014300,1.82417378,,6052.00
"HD 40956 b","HD 40956",578.60000000000,,858.14100000,4869.00
"K2-83 c","K2-83",9.99767000000,1.48300000,,3910.00
"HD 156846 b","HD 156846",359.51001000000,,3391.24610000,6090.00
"K2-350 c","K2-350",19.99194400000,2.74000000,,5789.00
"HD 23596 b","HD 23596",1535.11912000000,,3786.60764100,
"Kepler-1128 b","Kepler-1128",61.61781670000,3.65000000,,5543.00
"HD 39194 d","HD 39194",33.87400000000,,5.16000000,
"Kepler-210 c","Kepler-210",7.97251300000,3.62000000,,4559.00
"Kepler-1415 b","Kepler-1415",0.63642408000,1.29000000,,5267.00
"HIP 948 b","HIP 948",24955.45756000000,,6547.26518420,
"HD 108236 c","HD 108236",6.20344900000,2.07100000,,5660.00
"HD 114783 c","HD 114783",4352.00000000000,,603.87397330,
"LHS 1903 b","LHS 1903",2.15550980000,1.38200000,3.28000000,3664.00
"HD 154345 b","HD 154345",3280.00000000000,,376.94449070,
"HD 34445 e","HD 34445",49.17500000000,,16.80000000,5836.00
"K2-65 b","K2-65",12.64750000000,1.58000000,,5213.00
"HAT-P-2 b","HAT-P-2",5.63351580000,,2739.69460000,6380.00
"HD 39194 b","HD 39194",5.63692000000,,4.62000000,
"Kepler-272 b","Kepler-272",2.97135300000,1.43000000,,5297.00
"K2-367 b","K2-367",20.64509900000,2.41300000,,4348.00
"Kepler-855 b","Kepler-855",7.88663110400,8.35000000,,5835.00
"HD 105618 c","HD 105618",77114.07158000000,,8419.59232984,
"OGLE-2017-BLG-1691L b","OGLE-2017-BLG-1691L",,,14.62010672,
"K2-398 b","K2-398",6.39302500000,2.27400000,,5946.00
"K2-148 d","K2-148",9.75790000000,1.64000000,,4079.00
"Kepler-376 b","Kepler-376",4.92019900000,1.07000000,,5900.00
"HD 40307 f","HD 40307",51.76000000000,,5.20000000,4956.00
"HD 74698 b","HD 74698",15.01700000000,,23.00000000,5783.00
"Kepler-815 b","Kepler-815",8.57503552000,4.11000000,,5028.00
"TOI-5688 A b","TOI-5688 A",2.94815527000,10.30000000,124.00000000,3713.00
"Kepler-806 b","Kepler-806",8.09219642000,1.14000000,,5770.00
"Kepler-943 b","Kepler-943",49.77014380000,5.93000000,,5612.00
"TOI-3807 b","TOI-3807",2.89897270000,18.49481816,330.54154328,5772.00
"TOI-1518 b","TOI-1518",1.90261131000,21.05046575,581.62598481,7299.00
"Kepler-340 c","Kepler-340",22.82466900000,3.37000000,,6620.00
"Kepler-1201 b","Kepler-1201",15.18725932000,2.29000000,,6177.00
"HATS-37 A b","HATS-37 A",4.33153660000,6.79265400,31.46517000,5326.00
"Kepler-250 d","Kepler-250",17.64831200000,2.18000000,,5160.00
"K2-271 b","K2-271",8.56242100000,7.28000000,,5644.00
"WISPIT 1 b","WISPIT 1",,,3305.41543280,4670.00
"Kepler-498 b","Kepler-498",9.61375356000,3.03000000,,5744.00
"K2-341 b","K2-341",36.55255100000,3.21000000,,5817.00
"K2-244 b","K2-244",21.06884000000,1.75000000,,5677.00
"Kepler-1282 b","Kepler-1282",2.13194651300,1.55000000,,5504.00
"TOI-4578 b","TOI-4578",8.62392630369,2.26974262,,5951.32
"HAT-P-60 b","HAT-P-60",4.79478130000,18.28184752,182.43350562,6212.00
"Kepler-473 b","Kepler-473",14.55731705000,4.08000000,,5816.00
"CoRoT-32 b","CoRoT-32",6.71837000000,6.38913000,47.67450000,5970.00
"WASP-91 b","WASP-91",2.79858100000,11.54527000,425.89220000,4920.00
"Kepler-213 c","Kepler-213",4.82296200000,2.34000000,,5696.00
"Kepler-121 b","Kepler-121",3.17742200000,2.34000000,,5311.00
"HD 564 b","HD 564",492.30000000000,,104.88000000,5902.00
"Pr0211 c","Pr0211",4850.00000000000,,2475.89570000,5300.00
"Kepler-890 b","Kepler-890",52.75875577000,8.89000000,,5954.00
"Kepler-330 b","Kepler-330",8.25978000000,1.35000000,,5117.00
"HATS-5 b","HATS-5",4.76338700000,10.22300000,75.32300000,5304.00
"61 Vir c","61 Vir",38.02100000000,,18.20000000,5577.00
"DMPP-6 b","DMPP-6",7.60270000000,,5.80000000,
"TOI-2128 b","TOI-2128",16.34136000000,2.08874836,4.50000000,5968.00
"6 Lyn b","6 Lyn",919.86000000000,,597.83523357,4941.00
"GJ 338 B b","GJ 338 B",24.42200000000,,10.60000000,4014.00
"HD 213472 b","HD 213472",17000.00000000000,,1112.39942450,5729.54
"HD 75784 b","HD 75784",341.20000000000,,317.83000000,4867.00
"HIP 86221 b","HIP 86221",2.22400000000,,225.65816897,
"HD 86728 b","HD 86728",31.15150000000,,9.43000000,5610.00
"TOI-5817 b","TOI-5817",15.61031000000,3.08000000,10.30000000,5770.00
"HD 73583 b","HD 73583",6.39804200000,2.79000000,10.20000000,4511.00
"TOI-1410 c","TOI-1410",47.56000000000,,27.00000000,4635.00
"Kepler-164 d","Kepler-164",28.98676900000,2.45000000,,5888.00
"Kepler-257 c","Kepler-257",6.58148400000,5.41000000,,5180.00
"Kepler-238 c","Kepler-238",6.15555700000,2.39000000,,5751.00
"K2-214 b","K2-214",8.59656000000,2.51000000,,5875.00
"Kepler-597 b","Kepler-597",13.02365861000,2.37000000,,5683.00
"Kepler-1489 c","Kepler-1489",0.68074100000,0.51000000,,5565.53
"Kepler-1863 b","Kepler-1863",44.99760056000,2.26309256,,5871.00
"TOI-2842 b","TOI-2842",3.55140580000,12.84549188,117.59651059,5910.00
"Kepler-176 d","Kepler-176",25.75197400000,2.51000000,,5232.00
"TOI-763 b","TOI-763",5.60570000000,2.28000000,9.79000000,5450.00
"Kepler-1618 b","Kepler-1618",6.10826019000,1.26000000,,6620.00
"TOI-5542 b","TOI-5542",75.12375000000,11.30986153,419.53349724,5700.00
"Kepler-1857 b","Kepler-1857",8.94340992000,1.96065412,,6074.00
"Kepler-697 b","Kepler-697",3.70987064500,4.13000000,,5513.00
"HD 21693 b","HD 21693",22.67860000000,,8.23000000,5430.00
"K2-48 b","K2-48",20.50650000000,2.24000000,,4899.00
"Kepler-28 c","Kepler-28",8.99000000000,1.85700000,2.06000000,4499.30
"Kepler-1107 b","Kepler-1107",0.57103851800,1.34000000,,5268.00
"HD 238914 b","HD 238914",4100.00000000000,,1906.98000000,4769.00
"Kepler-1920 b","Kepler-1920",30.25410080000,2.95415848,,6277.00
"Kepler-281 b","Kepler-281",14.64600800000,2.82000000,,5723.00
"Kepler-1643 b","Kepler-1643",5.34265700000,2.32000000,,4916.00
"Kepler-175 c","Kepler-175",34.03525700000,3.10000000,,6064.00
"Kepler-207 d","Kepler-207",5.86807500000,3.31000000,,5920.00
"Kepler-235 c","Kepler-235",7.82490400000,1.28000000,,4255.00
"Kepler-1654 b","Kepler-1654",1047.83560000000,9.18017100,158.91500000,5597.00
"Kepler-1606 b","Kepler-1606",196.43522400000,2.07000000,,5422.00
"KIC 8540376 c","KOI-7892",75.20000000000,2.40000000,,6474.00
"Kepler-1936 b","Kepler-1936",126.55699920000,3.16615594,,6501.00
"HD 100508 b","HD 100508",5681.00000000000,,381.39408840,5419.00
"HD 154857 c","HD 154857",3452.00000000000,,819.97000000,5605.00
"HD 4760 b","HD 4760",434.00000000000,,4417.83700000,4076.00
"HD 110113 c","HD 110113",6.74400000000,,10.50000000,5732.00
"HD 202696 b","HD 202696",517.80000000000,,634.38868000,5040.00
"HD 210193 b","HD 210193",649.91800000000,,153.10000000,5790.00
"HD 180053 b","HD 180053",213.72000000000,,697.31902000,5131.00
"HD 135625 b","HD 135625",4055.00000000000,,731.00533610,
"HD 128311 c","HD 128311",921.53800000000,,1204.25787000,
"HD 125612 d","HD 125612",2822.72698000000,,2281.37230545,
"51 Eri b","51 Eri",9100.00000000000,,3464.32963630,
"HD 168443 c","HD 168443",1753.10960000000,,5500.33841154,
"TOI-5789 b","TOI-5789",2.76369000000,,2.12000000,5185.00
"Kepler-833 b","Kepler-833",18.75469980000,2.02000000,,4339.00
"COCONUTS-2 b","COCONUTS-2 A",,12.57647635,2383.71305250,3552.00
"11 Com b","11 Com",323.21000000000,,4914.89848585,4874.00
"K2-386 b","K2-386",7.47322300000,2.32000000,,5749.00
"OGLE-2019-BLG-1053L b","OGLE-2019-BLG-1053L",,,2.48000000,
"KMT-2024-BLG-0176L b","KMT-2024-BLG-0176L",,,241.54958932,
"K2-66 b","K2-66",5.06963000000,2.49000000,21.30000000,5887.00
"K2-4 b","K2-4",10.00341700000,2.10000000,,4014.73
"Kepler-1612 b","Kepler-1612",3.91795101000,1.03000000,,5643.00
"Kepler-744 b","Kepler-744",12.06222443000,1.62000000,,5594.00
"WASP-53 c","WASP-53",2840.00000000000,,5196.52050000,4953.00
"Kepler-140 b","Kepler-140",3.25427000000,1.61000000,,6077.00
"HD 112640 b","HD 112640",613.20000000000,,1589.15000000,4155.00
"14 Her b","14 Her",,,2828.67282230,
"TOI-1054.01","TOI-1054",15.50778550000,2.43432000,,6122.00
"HD 216437 b","HD 216437",1359.00000000000,,1334.87930940,
"Kepler-1455 b","Kepler-1455",49.27676400000,2.16000000,,4075.00
"tau Cet f","tau Cet",636.13000000000,,3.93000000,
"HD 82886 b","HD 82886",705.00000000000,,740.54390000,4953.00
"Kepler-264 b","Kepler-264",40.80623100000,3.33000000,,6158.00
"Kepler-1822 b","Kepler-1822",22.13339996000,2.64755943,,5165.00
"Kepler-106 d","Kepler-106",23.98020000000,0.95000000,8.10000000,5858.00
"Kepler-1214 b","Kepler-1214",18.82634264000,2.36000000,,5130.00
"Kepler-776 b","Kepler-776",4.89718784000,1.28000000,,5071.00
"NGTS-34 b","NGTS-34",43.12655000000,3.65000000,19.10000000,6134.00
"HD 142022 A b","HD 142022 A",1928.00000000000,,1411.16520000,5421.00
"HD 47366 c","HD 47366",677.53000000000,,483.73483545,4866.00
"K2-373 b","K2-373",11.02066000000,2.06100000,,6138.00
"HD 206610 b","HD 206610",673.20000000000,,647.10188000,4842.00
"Kepler-1600 c","Kepler-1600",7.29804992700,1.94206512,,5119.00
"KMT-2018-BLG-0087L b","KMT-2018-BLG-0087L",,,73.10053361,
"Kepler-1306 b","Kepler-1306",16.29595382000,1.91000000,,5727.00
"HD 74698 c","HD 74698",3449.00000000000,,126.00000000,5783.00
"Kepler-1204 b","Kepler-1204",85.73502850000,3.05000000,,5825.00
"Gaia-2 b","Gaia-2",3.69152240000,14.81827249,259.66580852,5720.00
"HIP 105854 b","HIP 105854",184.20000000000,,2606.10000000,4780.00
"TOI-5616 b","TOI-5616",2.00284900000,10.78000000,624.00000000,3996.00
"Kepler-212 b","Kepler-212",16.25758200000,1.09000000,,5852.00
"WASP-38 b","WASP-38",6.87188000000,13.78707000,1093.33520000,6180.00
"NGTS-9 b","NGTS-9",4.43527000000,11.99363000,921.70700000,6330.00
"Kepler-631 b","Kepler-631",17.97979059000,2.90000000,,6185.00
"HD 145377 b","HD 145377",103.95000000000,,1913.33660000,6014.00
"Kepler-1413 b","Kepler-1413",13.18296420000,1.82000000,,5196.00
"TOI-5789 d","TOI-5789",29.65000000000,,4.29000000,5185.00
"Kepler-19 d","Kepler-19",62.95000000000,,22.50000000,5544.00
"HD 4917 b","HD 4917",400.50000000000,,513.29545000,4802.00
"Kepler-131 c","Kepler-131",25.51690000000,0.84000000,8.25000000,5685.00
"Kepler-633 c","Kepler-633",23.78319931000,2.29600000,,5877.00
"G 192-15 c","G 192-15",1219.00000000000,,14.30000000,
"Kepler-178 c","Kepler-178",20.55280200000,2.88000000,,5676.00
"Kepler-1905 b","Kepler-1905",3.42392993000,1.44607340,,5788.00
"Kepler-1322 c","Kepler-1322",6.45998001100,2.15492527,,5704.00
"K2-118 b","K2-118",50.92092000000,2.54000000,,4726.29
"K2-203 b","K2-203",9.69520000000,1.26549392,,5026.00
"Kepler-711 b","Kepler-711",23.58914398000,3.41000000,,5222.00
"TOI-1408 c","TOI-1408",2.16640000000,2.22000000,7.60000000,6117.00
"Kepler-27 d","Kepler-27",6.54628992100,2.70619460,,5251.00
"Kepler-1058 b","Kepler-1058",110.96546000000,2.72000000,,4644.00
"TOI-2459 b","TOI-2459",19.10471800000,2.95310000,,4195.00
"CoRoT-16 b","CoRoT-16",5.35227000000,13.11000000,170.03200000,5650.00
"TOI-2587 A b","TOI-2587 A",5.45664000000,12.07207221,69.28659273,5760.00
"DMPP-2 d","DMPP-2",16.49100000000,,91.79000000,
"Kepler-377 c","Kepler-377",27.01497600000,2.06000000,,5949.00
"HD 108236 e","HD 108236",19.59002500000,3.08300000,,5660.00
"HD 4308 b","HD 4308",15.56000000000,,15.89150000,5686.00
"Kepler-467 b","Kepler-467",24.99324193000,2.25000000,,5809.00
"Kepler-1978 b","Kepler-1978",10.84969477000,2.67000000,,5251.00
"Kepler-701 b","Kepler-701",10.35533177000,2.84000000,,5343.00
"Kepler-214 c","Kepler-214",28.77980000000,2.13000000,,6169.00
"HD 7199 b","HD 7199",615.00000000000,,85.81410000,5371.00
"Kepler-765 b","Kepler-765",27.66552260000,2.43000000,,5901.00
"HD 136352 b","HD 136352",11.57797000000,1.66400000,4.72000000,5664.00
"HD 164604 b","HD 164604",653.90000000000,,4195.33497240,4663.00
"HIP 57274 d","HIP 57274",431.70000000000,,167.40000000,4640.00
"HD 13908 c","HD 13908",931.00000000000,,1630.40000000,6255.00
"OGLE-2012-BLG-0406L b","OGLE-2012-BLG-0406L",,,868.00000000,
"HIP 67851 b","HIP 67851",89.23000000000,,365.50266805,4840.00
"HD 220842 b","HD 220842",218.47000000000,,1010.69940000,5960.00
"Kepler-1568 b","Kepler-1568",20.92539200000,1.30000000,,5956.00
"OGLE-2018-BLG-1700L b","OGLE-2018-BLG-1700L",,,1400.00000000,
"KMT-2023-BLG-1896L b","KMT-2023-BLG-1896L",,,16.35000000,
"Kepler-168 c","Kepler-168",13.19324200000,2.69000000,,6282.00
"HD 1605 c","HD 1605",2149.00000000000,,1150.54460000,4915.00
"HD 187085 b","HD 187085",1019.74000000000,,265.70588000,6117.00
"Kepler-529 b","Kepler-529",1.98035766300,1.86000000,,6087.00
"GJ 317 c","GJ 317",6500.00000000000,,454.49462201,3496.00
"GJ 3293 d","GJ 3293",48.13450000000,,7.60000000,3466.00
"HAT-P-55 b","HAT-P-55",3.58523130000,14.84069045,189.42573057,5804.00
"Kepler-975 b","Kepler-975",1.97034245700,1.48000000,,4897.00
"ROXs 12 b","ROXs 12",,,5085.00000000,3850.00
"HATS-22 b","HATS-22",4.72281240000,10.68217700,870.85420000,4803.00
"Kepler-858 b","Kepler-858",76.13602028000,4.87000000,,5653.00
"K2-212 b","K2-212",9.79564700000,2.65000000,,4349.00
"WASP-44 b","WASP-44",2.42380400000,12.32990000,276.51210000,5420.00
"Kepler-1205 b","Kepler-1205",1.07839035200,1.41000000,,5226.00
"Kepler-383 b","Kepler-383",12.90453200000,1.32000000,,4710.00
"TOI-2345 b","TOI-2345",1.05285730000,1.50400000,3.49000000,4687.00
"K2-239 c","K2-239",7.77500000000,1.00000000,,3420.00
"HD 206255 b","HD 206255",96.04500000000,,34.20000000,5635.00
"Kepler-816 b","Kepler-816",10.50682564600,10.24000000,,5286.00
"TOI-159 b","TOI-159",3.76283960000,18.18000000,1110.00000000,7287.00
"Wolf 327 b","Wolf 327",0.57347450000,1.24000000,2.53000000,3542.00
"18 Del b","18 Del",982.85000000000,,2926.24614325,4980.00
"TOI-5926 b","TOI-5926",3.81122794237,7.56807148,,5388.92
"Kepler-753 b","Kepler-753",5.74772501200,1.91000000,,4346.00
"Kepler-801 b","Kepler-801",11.41928253000,2.00000000,,4435.00
"NGTS-14 A b","NGTS-14 A",3.53571730000,4.97679600,29.24036000,5187.00
"K2-230 b","K2-230",2.86041000000,1.96000000,,5945.00
"Kepler-1444 b","Kepler-1444",33.42035034000,2.18000000,,5810.00
"HD 72490 b","HD 72490",858.00000000000,,561.92344000,4934.00
"Kepler-1518 c","Kepler-1518",9.63102580000,2.90000000,,6432.00
"K2-282 b","K2-282",4.16978300000,2.50000000,,5499.00
"K2-90 c","K2-90",2.90070600000,1.30000000,,4421.98
"Kepler-391 c","Kepler-391",20.50100000000,2.88000000,450.00000000,5038.00
"WASP-59 b","WASP-59",7.91958500000,8.68700000,274.27600000,4650.00
"TOI-1346 b","TOI-1346",1.76225380000,2.39000000,,5099.00
"Kepler-1388 b","Kepler-1388",12.28546030000,2.59000000,,4098.00
"HD 221585 b","HD 221585",1173.00000000000,,511.70630000,5620.00
"HD 23079 c","HD 23079",5.74891300000,,8.26000000,5994.00
"Kepler-538 b","Kepler-538",81.73778000000,2.21500000,12.90000000,5534.00
"HAT-P-54 b","HAT-P-54",3.79984700000,10.58129600,241.55080000,4390.00
"Kepler-899 b","Kepler-899",19.17891293000,2.68000000,,5595.00
"GJ 508.2 b","GJ 508.2",5300.00000000000,,587.98255295,3720.00
"TOI-2529 b","TOI-2529",64.59490000000,11.54525012,743.71847238,5802.00
"K2-153 b","K2-153",7.51574000000,2.00000000,,3845.00
"TOI-1226 b","TOI-1226",3.92880881576,2.41011120,,5434.91
"Kepler-819 b","Kepler-819",33.19956480000,2.76000000,,5279.00
"Kepler-184 b","Kepler-184",10.68757600000,2.36000000,,5788.00
"Luhman 16 b","Luhman 16 A",9697.00000000000,,9344.15516580,
"TOI-3493 b","TOI-3493",8.15946670000,3.22000000,8.97000000,5844.00
"Kepler-1179 b","Kepler-1179",2.68505749200,1.32000000,,5212.00
"K2-394 b","K2-394",5.09571700000,1.69200000,,4938.00
"TOI-540 b","TOI-540",1.23914910000,0.90300000,,3216.00
"Kepler-934 b","Kepler-934",55.67383090000,2.09000000,,5001.00
"Kepler-1240 b","Kepler-1240",4.86638150000,1.15000000,,5682.00
"Kepler-828 b","Kepler-828",0.56785713600,1.51000000,,5039.00
"TOI-2236 b","TOI-2236",3.53159020000,14.36991326,502.16888306,6248.00
"HD 203387 c","HD 203387",2481.07227000000,,2378.94562640,
"Kepler-282 d","Kepler-282",24.80600000000,2.46000000,61.00000000,
"K2-294 b","K2-294",2.50387000000,1.66000000,,5612.00
"Kepler-401 d","Kepler-401",184.25640500000,2.27000000,,6184.00
"Kepler-157 d","Kepler-157",7.02573474000,1.46000000,,5866.00
"Kepler-1801 c","Kepler-1801",116.58318300000,2.91000000,,5738.00
"Kepler-158 c","Kepler-158",28.55138300000,1.90000000,,4623.00
"Kepler-1820 b","Kepler-1820",31.03249931000,3.11883067,,5841.00
"DMPP-1 e","DMPP-1",5.51600000000,,4.13000000,6196.00
"Kepler-32 b","Kepler-32",5.90124000000,2.20000000,1303.00000000,3900.00
"K2-336 b","K2-336",21.19473300000,1.22000000,,5424.00
"HD 219134 f","HD 219134",22.71700000000,1.31000000,7.30000000,4699.00
"Kepler-873 b","Kepler-873",20.55338440000,3.75000000,,6163.00
"Kepler-1137 b","Kepler-1137",23.92107910000,2.20000000,,6807.00
"TOI-1669 b","TOI-1669",500.00000000000,,191.00000000,5497.00
"K2-58 c","K2-58",2.53726000000,1.62000000,,5413.00
"WASP-118 b","WASP-118",4.04604350000,16.14096000,163.36462000,6410.00
"Kepler-388 c","Kepler-388",13.29700400000,0.86000000,,4498.00
"Kepler-1935 b","Kepler-1935",3.95140004200,2.50271696,,5570.00
"Kepler-463 b","Kepler-463",8.98101683300,3.05000000,,5661.00
"K2-30 b","K2-30",4.09850300000,11.64615100,184.02357000,5425.00
"TIC 150070085 b","TIC 150070085",10.47423000000,3.62000000,,5999.00
"K2-316 b","K2-316",1.13300000000,1.33000000,,3436.00
"HD 81817 c","HD 81817",622.97802000000,,7185.78245386,
"Kepler-1922 b","Kepler-1922",13.22259998000,2.29064904,,5931.00
"Gl 49 b","Gl 49",13.85080000000,,5.63000000,3805.00
"WASP-61 b","WASP-61",3.85590000000,15.80469000,851.78440000,6250.00
"TOI-411 c","HD 22946",9.57308300000,2.32800000,9.72000000,6169.00
"Kepler-292 e","Kepler-292",11.97901000000,2.67000000,,5299.00
"Kepler-173 c","Kepler-173",8.00577700000,2.43000000,,6031.00
"EPIC 206042996 c","EPIC 206042996",0.35488400000,1.20000000,,4114.00
"HD 5608 b","HD 5608",768.70000000000,,371.22357938,4807.00
"TOI-238 b","TOI-238",1.27309900000,1.55900000,3.37000000,5059.00
"BD+03 2562 b","BD+03 2562",481.90000000000,,2034.11200000,4095.00
"TOI-4427 b","TOI-4427",4.61826210000,13.09208946,87.72064033,5347.00
"HD 33564 b","HD 33564",388.00000000000,,2892.10000000,6250.00
"TOI-784 b","HD 307842",2.79703650000,1.93000000,9.67000000,5558.00
"Kepler-1540 b","Kepler-1540",125.41311770000,2.49000000,,4540.00
"Kepler-1148 b","Kepler-1148",1.10446350900,1.69000000,,5054.00
"Kepler-1299 b","Kepler-1299",19.94008740000,2.98000000,,5609.00
"BD-11 4672 c","BD-11 4672",74.20000000000,,15.37000000,4550.00
"Kepler-1474 b","Kepler-1474",36.43334520000,2.16000000,,5870.00
"K2-219 d","K2-219",11.13727800000,2.57634456,,5753.00
"TOI-198 b","TOI-198",10.21521300000,1.36000000,3.17000000,3801.00
"Kepler-1777 b","Kepler-1777",12.18420029000,2.13189678,,5771.00
"OGLE-2017-BLG-1275L b","OGLE-2017-BLG-1275L",,,1875.18760130,
"TOI-7510 d","TOI-7510",48.86446800000,10.52000000,190.00000000,5720.00
"Kepler-825 c","Kepler-825",8.18182460000,1.84000000,,5976.00
"K2-358 b","K2-358",11.25102850000,2.68000000,,5650.00
"HD 216536 b","HD 216536",148.60001000000,,333.72150000,4639.00
"TOI-1472 c","TOI-1472",15.53817470000,3.33400000,21.13000000,5100.00
"HD 147018 b","HD 147018",44.23600000000,,674.00000000,5441.00
"Kepler-820 b","Kepler-820",127.83380980000,6.09000000,,6260.00
"KOI-984 b","KOI-984",4.28817850000,4.30000000,,5295.00
"Kepler-1758 b","Kepler-1758",9.97721004500,2.57059831,,5557.00
"Kepler-1036 b","Kepler-1036",122.88080580000,3.01000000,,5533.00
"Kepler-1377 b","Kepler-1377",0.74092842200,1.25000000,,5218.00
"HD 154857 b","HD 154857",408.60001000000,,778.68350000,5589.00
"Kepler-104 b","Kepler-104",11.42754800000,3.10000000,,5711.00
"Kepler-1113 b","Kepler-1113",42.30049540000,2.81000000,,5931.00
"Kepler-585 b","Kepler-585",2.75235975300,2.83000000,,5593.00
"GJ 676 A d","GJ 676 A",3.60076000000,,3.81394088,
"WASP-155 b","WASP-155",3.11041300000,13.45077684,276.82854250,5660.00
"Kepler-795 b","Kepler-795",29.61934210000,1.68000000,,5631.00
"HATS-25 b","HATS-25",4.29864320000,14.12334000,194.82979000,5715.00
"Kepler-133 c","Kepler-133",31.51758600000,2.84000000,,5736.00
"nu Oct A b","nu Oct A",402.40000000000,,696.04421133,4910.00
"TOI-1117 d","TOI-1117",8.66500000000,,10.71000000,5635.00
"K2-62 b","K2-62",6.67199000000,2.02000000,,4455.00
"TOI-1516 b","TOI-1516",2.05601400000,15.24421375,1004.33776612,6520.00
"Kepler-1513 c","Kepler-1513",841.40000000000,,84.54235626,5491.00
"HD 27969 b","HD 27969",654.50000000000,,1525.57635360,5966.00
"Kepler-1347 b","Kepler-1347",14.00947528000,1.03000000,,5193.00
"Kepler-399 b","Kepler-399",14.42528100000,0.96000000,,5502.00
"Kepler-1382 b","Kepler-1382",16.35830550000,1.88000000,,6161.00
"Kepler-405 b","Kepler-405",10.61383900000,2.08000000,,5818.00
"Kepler-1939 b","Kepler-1939",2.79065990400,1.16480773,,4353.00
"Kepler-1555 b","Kepler-1555",8.10501635000,1.61000000,,5866.00
"Kepler-580 b","Kepler-580",8.22241965600,2.57000000,,4298.00
"Kepler-2001 b","Kepler-2001",1.09001100300,1.04000000,,5081.00
"Kepler-171 b","Kepler-171",4.16697200000,2.34000000,,5642.00
"Kepler-792 b","Kepler-792",11.30119217000,1.96000000,,5971.00
"WASP-188 b","WASP-188",5.74891600000,14.81827249,458.62639130,6850.00
"HD 179079 b","HD 179079",14.47900000000,,25.74423000,5646.00
"Kepler-1488 b","Kepler-1488",39.81899320000,1.86000000,,5820.00
"Kepler-295 c","Kepler-295",21.52625800000,1.17000000,,5603.00
"K2-137 b","K2-137",0.17971900000,0.64000000,,3697.00
"Kepler-300 c","Kepler-300",40.71495500000,2.25000000,,5986.00
"Kepler-232 c","Kepler-232",11.37934900000,3.83000000,,5847.00
"OGLE-2016-BLG-0263L b","OGLE-2016-BLG-0263L",,,1300.00000000,
"HIP 19976 b","HIP 19976",50.65905000000,,21.61233168,
"Kepler-190 c","Kepler-190",3.76302400000,1.46000000,,5106.00
"Kepler-251 b","Kepler-251",4.79093600000,1.33000000,,5526.00
"Kepler-199 c","Kepler-199",67.09340800000,3.25000000,,5644.00
"Kepler-969 b","Kepler-969",34.17317140000,2.07000000,,5214.00
"Kepler-1671 b","Kepler-1671",4.16787000000,1.32557381,,5135.55
"HAT-P-41 b","HAT-P-41",2.69405000000,22.97845000,378.21770000,6390.00
"OGLE-2018-BLG-1126L b","OGLE-2018-BLG-1126L",,,17.79839079,
"WASP-116 b","WASP-116",6.61320000000,13.67495645,203.41018048,6250.00
"Kepler-1990 b","Kepler-1990",1.73513619000,3.27000000,,5751.00
"K2-228 b","K2-228",2.69828000000,1.21000000,,4715.00
"Kepler-1115 b","Kepler-1115",23.55407250000,1.70000000,,8480.00
"K2-165 c","K2-165",4.38274500000,1.55409035,,5185.00
"Kepler-186 c","Kepler-186",7.26730200000,1.25000000,,3788.00
"Kepler-1992 b","Kepler-1992",15.61122380000,0.91000000,,5383.00
"EPIC 201497682 b","EPIC 201497682",2.13174000000,0.69200000,,
"WASP-85 A b","WASP-85 A",2.65567770000,13.89916000,402.05495000,6112.00
"HD 69123 b","HD 69123",1193.30000000000,,966.19835728,4842.00
"Kepler-107 d","Kepler-107",7.95839000000,0.86000000,7.70000000,5854.00
"Kepler-1067 c","Kepler-1067",5.42583990100,1.74682428,,5594.00
"HD 139357 b","HD 139357",1124.79139000000,,6315.56827550,
"KOI-7913 b","KOI-7913 A",24.27855300000,2.34000000,,4324.00
"KELT-24 b","KELT-24",5.55149296000,12.71098411,1458.83238813,6426.00
"Kepler-235 e","Kepler-235",46.18366900000,2.22000000,,4255.00
"TIC 198190129 b","TIC 198190129",7.94804910667,2.92284949,,4377.53
"Kepler-85 d","Kepler-85",17.91323000000,1.20000000,,5436.00
"Kepler-197 e","Kepler-197",25.20971500000,0.91000000,,6004.00
"K2-289 b","K2-289",13.15696900000,9.10000000,,5529.00
"GPX-1 b","GPX-1",1.74457900000,16.47720163,6261.21961790,7000.00
"TOI-815 b","TOI-815",11.19725900000,2.94000000,7.60000000,4869.00
"TOI-7510 b","TOI-7510",11.53086900000,7.31000000,18.10000000,5720.00
"Kepler-1286 b","Kepler-1286",11.25402929000,2.15000000,,5753.00
"Kepler-582 b","Kepler-582",18.49235668000,3.68000000,,5564.00
"HATS-68 b","HATS-68",3.58622020000,13.80948800,410.00070000,6147.00
"Kepler-1097 b","Kepler-1097",187.74702900000,3.26000000,,5211.00
"Kepler-879 b","Kepler-879",33.38559380000,2.57000000,,5792.00
"Kepler-1684 b","Kepler-1684",47.70550000000,2.87084792,,4706.54
"WASP-114 b","WASP-114",1.54877430000,15.00885100,562.24127000,5940.00
"Kepler-942 b","Kepler-942",44.96417488000,2.13000000,,4861.00
"Kepler-642 b","Kepler-642",4.41745855000,2.90000000,,6570.00
"K2-180 b","K2-180",8.86566300000,2.46597575,11.41003981,5365.00
"K2-275 b","K2-275",3.28096260000,2.34000000,,4841.00
"KMT-2017-BLG-1003L b","KMT-2017-BLG-1003L",,,5.19000000,
"Kepler-707 b","Kepler-707",2.23749275100,1.33000000,,5099.00
"HD 85426 c","TOI-1774",35.73000000000,,10.30000000,5746.00
"Kepler-153 c","Kepler-153",46.90232000000,2.53000000,,5404.00
"alf Tau b","alf Tau",628.96000000000,,2056.36010000,4055.00
"K2-371 b","K2-371",3.11490500000,13.02400000,,4925.00
"TOI-1742 b","TOI-1742",21.26908400000,2.36507598,9.70000000,5815.00
"K2-26 b","K2-26",14.56650000000,2.67000000,,3785.00
"K2-246 b","K2-246",5.76918000000,3.49000000,,5610.00
"HD 114729 b","HD 114729",1121.79000000000,,262.20975000,5844.00
"DMPP-6 c","DMPP-6",36.44100000000,,13.47000000,
"Kepler-998 b","Kepler-998",5.65377733000,2.32000000,,6058.00
"Kepler-1170 b","Kepler-1170",9.98969327000,2.41000000,,5069.00
"BD-210397 b","BD-210397",1891.00000000000,,214.00000000,4051.00
"HIP 56640 b","HIP 56640",2675.57603000000,,2151.69831539,
"Kepler-132 d","Kepler-132",18.01019900000,1.55000000,,6003.00
"Kepler-1414 b","Kepler-1414",3.51576315000,1.23000000,,4951.00
"TOI-201 c","TOI-201",2890.00000000000,10.40000000,4990.00000000,6423.00
"HD 102117 b","HD 102117",20.81330000000,,54.03110000,5655.00
"Kepler-730 b","Kepler-730",6.49168280800,12.32990000,,5620.00
"Kepler-1609 b","Kepler-1609",114.34219000000,2.22000000,,6132.00
"Kepler-1843 b","Kepler-1843",25.54339981000,2.70909809,,5422.00
"Kepler-477 b","Kepler-477",11.11990653000,2.07000000,,5240.00
"K2-351 b","K2-351",7.80616400000,2.54000000,,5769.00
"Kepler-104 c","Kepler-104",23.66820500000,3.13000000,,5711.00
"HD 18015 b","HD 18015",2278.00000000000,,1010.69940000,5603.00
"TOI-2107 b","TOI-2107",2.45454670000,13.57407563,263.79757781,5627.00
"TIC 117642575 b","TIC 117642575",4.94459060181,2.82716337,,5719.98
"Kepler-743 b","Kepler-743",3.17926292100,1.21000000,,5486.00
"Kepler-1655 b","Kepler-1655",11.87287870000,2.21300000,5.40000000,6148.00
"Kepler-1324 b","Kepler-1324",4.11584467900,1.51000000,,4776.00
"HD 134606 b","HD 134606",12.08900000000,,9.09000000,5576.00
"HD 31253 b","HD 31253",466.00000000000,,197.05460000,6130.00
"K2-243 b","K2-243",11.54182000000,2.17000000,,6570.00
"Kepler-1016 c","Kepler-1016",105.65513690000,3.68000000,,5821.00
"Kepler-1775 b","Kepler-1775",85.65399933000,3.64762153,,5818.00
"Kepler-1351 b","Kepler-1351",0.91614076800,0.65000000,,4439.00
"Kepler-321 c","Kepler-321",13.09392100000,2.32000000,,5740.00
"OGLE-TR-211 b","OGLE-TR-211",3.67724000000,15.24400000,327.35100000,6325.00
"Kepler-191 c","Kepler-191",17.73850600000,1.86000000,,5282.00
"HD 165155 b","HD 165155",434.50000000000,,918.52870000,5426.00
"K2-63 b","K2-63",20.25700000000,3.22000000,,6771.00
"HD 9446 b","HD 9446",30.05200000000,,222.47200000,5793.00
"WASP-90 b","WASP-90",3.91624300000,18.27067000,200.23290000,6430.00
"KELT-21 b","KELT-21",3.61276470000,17.77747400,1242.71530000,7598.00
"TOI-332 b","TOI-332",0.77703800000,3.20000000,57.20000000,5251.00
"BD+55 362 b","BD+55 362",265.59000000000,,228.83645304,5012.00
"TOI-6303 b","TOI-6303",9.48523600000,11.59000000,2493.00000000,3977.00
"Kepler-246 b","Kepler-246",4.60182000000,2.34000000,,5206.00
"2MASS J01033563-5515561 AB b","2MASS J01033563-5515561 A",,,4131.79000000,
"Kepler-1442 b","Kepler-1442",81.41629410000,3.93000000,,6394.00
"USco1621 b","USco1621 A",,,5085.28000000,3460.00
"HD 125612 c","HD 125612",4.15466000000,,15.57359194,
"Kepler-1644 b","Kepler-1644",21.09077580000,1.88000000,,5499.00
"omi CrB b","omi CrB",187.01000000000,,355.96781584,4769.00
"GJ 676 A b","GJ 676 A",1051.44521000000,,1840.86213334,
"GJ 179 b","GJ 179",2288.00000000000,,260.61000000,3370.00
"Kepler-397 b","Kepler-397",22.25094900000,2.46000000,,5307.00
"Kepler-683 b","Kepler-683",2.53918317900,1.97000000,,5703.00
"TOI-969 c","TOI-969",1700.00000000000,,3591.46099910,4435.00
"K2-270 c","K2-270",4.40002800000,2.95000000,,4877.00
"Kepler-238 f","Kepler-238",50.44700000000,2.00000000,13.50000000,
"K2-5 b","K2-5",5.73594000000,1.91000000,,3930.00
"HD 137388 b","HD 137388",330.00000000000,,63.56600000,5181.00
"Kepler-347 b","Kepler-347",12.79836000000,1.97000000,,6088.00
"K2-413 c","K2-413",5.33010000000,1.23270000,,4116.00
"TOI-4527.01","TOI-4527",0.39944450000,0.90866170,,3702.00
"HD 177830 b","HD 177830",410.10001000000,,537.13270000,4901.00
"Kepler-1563 b","Kepler-1563",3.43276598000,0.75000000,,5765.00
"Kepler-862 b","Kepler-862",3.14866453400,2.21000000,,5333.00
"47 UMa b","47 UMa",1078.00000000000,,804.08000000,5872.00
"Kepler-32 c","Kepler-32",8.75220000000,2.00000000,158.90000000,3900.00
"DMPP-1 b","DMPP-1",17.81200000000,,16.80000000,
"GJ 3998 d","GJ 3998",41.78000000000,,6.07000000,3726.00
"Kepler-653 b","Kepler-653",14.70748976000,1.95000000,,5665.00
"WASP-151 b","WASP-151",4.53347750000,13.30506009,100.43377661,
"TOI-2120 b","TOI-2120",5.79981640000,2.12200000,6.80000000,3131.00
"HIP 97166 c","HIP 97166",16.43200000000,,8.00000000,5216.00
"HD 140901 b","HD 140901",9.02378000000,,15.57359194,
"HD 93963 A b","HD 93963 A",1.03761090000,1.46954368,2.80000000,5908.00
"GJ 876 e","GJ 876",124.26000000000,,14.60000000,
"K2-99 b","K2-99",18.24783000000,11.88151954,276.51071409,6069.00
"TOI-1135 b","TOI-1135",8.02773270000,9.91994792,58.79825529,6320.00
"Kepler-300 b","Kepler-300",10.44634700000,1.67000000,,5986.00
"Kepler-178 b","Kepler-178",9.57669400000,2.90000000,,5676.00
"Kepler-254 b","Kepler-254",5.82666200000,3.87000000,,5957.00
"K2-44 b","K2-44",5.65700000000,2.43300000,,5912.00
"K2-414 b","K2-414",4.36960000000,1.21900000,,4343.00
"Kepler-1138 b","Kepler-1138",3.17060005000,1.70000000,,5582.00
"HD 7924 b","HD 7924",5.39792000000,,6.35660000,5131.00
"TIC 34085383 b","TIC 34085383",3.47793368523,3.91982296,,4694.84
"Kepler-397 c","Kepler-397",135.49852700000,6.18000000,,5307.00
"K2-150 b","K2-150",10.59357000000,2.00000000,,3499.00
"Kepler-206 b","Kepler-206",7.78198700000,1.20000000,,5764.00
"K2-108 b","K2-108",4.73399900000,5.33000000,,5599.00
"Kepler-437 b","Kepler-437",66.65062000000,2.14000000,,4551.00
"HD 23472 e","HD 23472",7.90754000000,0.81800000,0.72000000,4684.00
"HD 18599 b","HD 18599",4.13743540000,2.60000000,24.10000000,5145.00
"K2-159 b","K2-159",12.42205000000,2.26000000,,5425.00
"Kepler-603 b","Kepler-603",21.05358596000,2.65000000,,5808.00
"kap And b","kap And",,15.91675259,5498.43144110,11327.00
"WASP-22 b","WASP-22",3.53269000000,13.78707000,212.94610000,6000.00
"WASP-31 b","WASP-31",3.40590960000,17.36300000,151.91600000,6302.00
"Kepler-189 c","Kepler-189",20.13486600000,2.38000000,,5235.00
"OGLE-2018-BLG-1212L b","OGLE-2018-BLG-1212L",,,63.56568140,
"Kepler-1776 b","Kepler-1776",35.01190186000,2.61157023,,5872.00
"WASP-186 b","WASP-186",5.02679900000,12.44199000,1341.24260000,6361.00
"TOI-5159 b","TOI-5159",5.83639428843,1.54732112,,5156.16
"Kepler-916 b","Kepler-916",32.29687980000,1.76000000,,5248.00
"Kepler-1361 b","Kepler-1361",3.57554956000,0.86000000,,5131.00
"HATS-43 b","HATS-43",4.38884970000,13.22662000,82.95363000,5099.00
"TOI-2420 b","TOI-2420",5.84264100000,15.02003414,294.62693329,
"K2-36 b","K2-36",1.42261400000,1.43000000,4.30000000,4916.00
"Kepler-274 c","Kepler-274",33.19786100000,1.84000000,,6023.00
"Kepler-778 b","Kepler-778",3.75574426000,1.68000000,,5102.00
"TOI-4184 b","TOI-4184",4.90198040000,2.43000000,,3238.00
"Kepler-279 d","Kepler-279",54.41400000000,3.10000000,37.50000000,
"Kepler-733 b","Kepler-733",20.83424726000,2.82000000,,5418.00
"WASP-165 b","WASP-165",3.46550900000,14.12334000,209.13214000,5599.00
"Kepler-85 c","Kepler-85",12.51000000000,1.97800000,2.15000000,5505.20
"Kepler-20 b","Kepler-20",3.69610490000,1.77300000,9.70000000,5495.00
"TOI-5515 b","TOI-5515",8.59225810839,2.65362762,,5483.65
"HIP 35173 b","HIP 35173",41.51600000000,,12.70000000,4881.00
"K2-318 b","K2-318",7.01000000000,1.66000000,,3851.00
"Kepler-1308 b","Kepler-1308",2.10433811900,0.52000000,,3468.00
"CoRoT-29 b","CoRoT-29",2.85057000000,10.08810000,270.15550000,5260.00
"Kepler-1543 b","Kepler-1543",6.96710269000,2.71000000,,6561.00
"HD 1666 b","HD 1666",270.00000000000,,2040.00000000,6317.00
"Kepler-972 b","Kepler-972",7.03932553000,4.65000000,,6146.00
"Kepler-1245 c","Kepler-1245",2.93658468100,1.44000000,,5306.00
"HIP 38594 b","HIP 38594",60.72200000000,,8.10000000,
"Kepler-1689 b","Kepler-1689",8.48300000000,0.94678642,,5731.43
"Kepler-1624 b","Kepler-1624",3.29031400000,6.59000000,,3768.00
"Kepler-1890 b","Kepler-1890",4.82059001900,0.86867375,,6046.00
"WASP-10 b","WASP-10",3.09276160000,12.10600000,1001.12000000,4675.00
"Kepler-1681 b","Kepler-1681",69.89560000000,2.55321772,,5756.40
"TOI-2714 b","TOI-2714",2.49938700000,13.72000000,228.00000000,5665.00
"ROXs 42 B b","ROXs 42 B",,,2860.00000000,
"Kepler-1095 b","Kepler-1095",4.27103091000,1.21000000,,5658.00
"TOI-2141 b","TOI-2141",18.26160800000,3.14700000,20.10000000,5635.00
"Kepler-991 b","Kepler-991",82.53425190000,2.54000000,,4392.00
"K2-268 f","K2-268",26.27057000000,2.23000000,,5106.00
"Kepler-386 c","Kepler-386",25.19345800000,1.58000000,,5178.00
"CoRoT-7 d","CoRoT-7",8.96600000000,,17.14200000,5250.00
"Kepler-278 b","Kepler-278",30.15560000000,3.95500000,56.00000000,4965.00
"Kepler-1586 b","Kepler-1586",15.60492120000,1.52000000,,6681.00
"Kepler-1527 b","Kepler-1527",160.12991800000,4.77000000,,6224.00
"EPIC 206317286 c","EPIC 206317286",17.51547200000,2.09400000,,4752.00
"HD 14787 b","HD 14787",676.60000000000,,356.28743000,4946.00
"HD 34445 b","HD 34445",1049.00000000000,,260.62060000,5879.00
"TOI-5789 e","TOI-5789",62.98000000000,,11.61000000,5185.00
"GJ 504 b","GJ 504",,,1271.30000000,6234.00
"HD 21520 b","HD 21520",25.12920000000,2.69700000,17.70000000,5871.00
"HD 159868 b","HD 159868",1184.10000000000,,704.94694000,5534.00
"HD 215152 b","HD 215152",5.75999000000,,1.81900000,4935.00
"K2-266 c","K2-266",7.81400000000,0.70500000,0.29013072,4285.00
"HD 40307 g","HD 40307",197.80000000000,,7.10000000,4956.00
"Kepler-1968 b","Kepler-1968",7.28109979600,1.50004034,,5008.00
"Kepler-1246 b","Kepler-1246",11.32271513000,1.36000000,,4611.00
"HD 96063 b","HD 96063",362.50000000000,,403.64410000,5020.00
"Kepler-288 c","Kepler-288",19.30577200000,2.85000000,,5918.00
"Kepler-1244 b","Kepler-1244",3.70428172000,1.35000000,,6680.00
"Kepler-1339 b","Kepler-1339",1.34155512700,0.71000000,,5586.00
"Kepler-1224 b","Kepler-1224",13.32351601000,1.33000000,,6155.00
"HD 6718 b","HD 6718",2476.00000000000,,762.78817680,5746.00
"HD 112300 b","HD 112300",466.63000000000,,5031.22368281,3657.00
"Kepler-306 d","Kepler-306",17.32664400000,2.47000000,,4954.00
"K2-268 b","K2-268",2.15167600000,1.50000000,,5106.00
"Kepler-888 b","Kepler-888",70.69790610000,1.76000000,,5875.00
"HD 191939 d","HD 191939",38.35303700000,2.99500000,2.80000000,5348.00
"HATS-4 b","HATS-4",2.51672900000,11.43300000,420.47100000,5403.00
"USco1556 b","USco1556 A",,,4767.45000000,3410.00
"KIC 10068024 b","KIC 10068024",2.07354900000,,635.65681400,6118.40
"Kepler-1073 d","Kepler-1073",2.50476002700,1.48770949,,5509.00
"K2-79 b","K2-79",10.99503900000,4.15000000,5.90000000,5897.00
"TOI-244 b","TOI-244",7.39722500000,1.52000000,2.68000000,3433.00
"Kepler-1356 b","Kepler-1356",0.63400293700,1.53000000,,5106.00
"Kepler-933 b","Kepler-933",14.20443009000,2.46000000,,5346.00
"Kepler-342 e","Kepler-342",1.64422461300,0.88000000,,6366.00
"WASP-73 b","WASP-73",4.08722000000,15.91678000,908.99380000,6030.00
"Kepler-1458 b","Kepler-1458",47.98727640000,2.76000000,,5653.00
"Kepler-615 b","Kepler-615",10.35584657000,1.74000000,,4655.00
"BD+15 2940 b","BD+15 2940",137.48000000000,,352.78000000,4796.00
"KMT-2016-BLG-1337L b","KMT-2016-BLG-1337L",,,88.99195396,
"OGLE-2014-BLG-0124L b","OGLE-2014-BLG-0124L",,,206.58846455,
"EPIC 201757695.02","EPIC 201757695",2.04780000000,0.90819000,,4520.00
"Kepler-1336 b","Kepler-1336",23.19868100000,1.98000000,,5512.00
"MWC 758 c","MWC 758",,,,
"Kepler-33 f","Kepler-33",41.02902000000,4.46000000,,5904.00
"TOI-4640 b","TOI-4640",2.68566015238,2.84326517,,5743.01
"Kepler-1719 b","Kepler-1719",6.14955997500,3.95000623,,5687.00
"Kepler-742 b","Kepler-742",8.36086823800,3.24000000,,4642.00
"Kepler-1087 b","Kepler-1087",0.69384285500,0.61000000,,5589.00
"Kepler-132 c","Kepler-132",6.41491400000,1.28000000,,6003.00
"HD 134987 c","HD 134987",5000.00000000000,,260.00000000,5585.00
"WASP-74 b","WASP-74",2.13775000000,15.24424000,228.83760000,5990.00
"K2-70 b","K2-70",13.97896000000,2.89000000,,5622.00
"Kepler-55 f","Kepler-55",10.19854500000,1.59000000,,4503.00
"TOI-1743 b","TOI-1743",4.26604600000,1.83000000,,3277.00
"Kepler-493 b","Kepler-493",3.00387658100,15.13000000,,6457.00
"HD 10180 f","HD 10180",122.74400000000,,22.94732600,5911.00
"KOI-1833 d","Kepler-968",7.68500000000,2.58000000,11.02000000,4413.00
"EPIC 212587672 b","EPIC 212587672",15.28078000000,1.26000000,,6004.00
"Kepler-589 b","Kepler-589",16.54964934000,2.27000000,,5296.00
"TOI-5388.01","TOI-5388",2.59467480000,0.99000000,2.20000000,3440.00
"TOI-5007 b","TOI-5007",2.54337100000,11.07447293,211.03806225,3793.00
"CoRoT-27 b","CoRoT-27",3.57532000000,11.28700000,3302.11000000,5900.00
"Kepler-1079 b","Kepler-1079",13.24503188000,1.63000000,,5758.00
"Kepler-1381 b","Kepler-1381",25.38426860000,2.25000000,,5747.00
"Kepler-1338 b","Kepler-1338",0.93511805700,0.92000000,,5909.00
"Kepler-930 b","Kepler-930",71.45177750000,2.13000000,,6335.00
"TOI-2669 b","TOI-2669",6.20340000000,19.72780603,193.87532827,4800.00
"Kepler-702 b","Kepler-702",10.52629406300,9.17000000,,5419.00
"Kepler-539 b","Kepler-539",125.63243000000,8.37312300,308.29510000,5820.00
"Kepler-781 b","Kepler-781",13.21407320000,2.89000000,,5162.00
"KELT-6 b","KELT-6",7.84570000000,14.57170000,165.27160000,6102.00
"HD 113337 c","HD 113337",5429.93477000000,,6299.67685515,
"K2-32 e","K2-32",4.34934000000,1.21200000,2.10000000,5271.00
"Kepler-728 b","Kepler-728",5.74347726500,3.34000000,,5660.00
"GJ 687 b","GJ 687",38.14200000000,,17.20000000,
"HD 20794 e","HD 20794",147.02000000000,,4.77000000,
"Kepler-188 b","Kepler-188",2.06189700000,1.68000000,,6021.00
"Kepler-203 b","Kepler-203",3.16269700000,2.57000000,,5821.00
"HD 16417 b","HD 16417",17.24000000000,,22.10000000,
"2MASS J11011926-7732383 b","2MASS J11011926-7732383",,,8899.19539600,
"Kepler-84 f","Kepler-84",44.55216900000,2.20000000,,6031.00
"TOI-1803 c","TOI-1803",12.88577900000,4.29000000,8.00000000,4687.00
"GJ 680 b","GJ 680",17281.66514000000,,7977.49301570,
"Kepler-1661 b","Kepler-1661",175.06000000000,3.87000000,17.00000000,5100.00
"Kepler-149 b","Kepler-149",29.19894300000,4.21000000,,5381.00
"Kepler-1696 b","Kepler-1696",65.94090000000,2.80982017,,5712.00
"Kepler-36 b","Kepler-36",13.86825000000,1.49800000,3.83000000,5979.00
"HD 37605 c","HD 37605",2720.00000000000,,1013.87770000,5329.00
"Kepler-432 b","Kepler-432",52.50112900000,12.83430500,1719.46030000,4995.00
"Kepler-1450 b","Kepler-1450",54.50941660000,1.71000000,,4524.00
"K2-183 d","K2-183",22.62034400000,2.30000000,,5482.00
"Kepler-80 b","Kepler-80",7.05246000000,2.67000000,6.93000000,4540.00
"Kepler-42 c","Kepler-42",0.45328509000,0.73000000,,3068.00
"Kepler-1987 c","Kepler-1987",3.64830183000,1.33000000,,4769.00
"Kepler-132 e","Kepler-132",110.28693740000,1.18000000,,6023.00
"Kepler-191 b","Kepler-191",9.93963200000,1.34000000,,5282.00
"TOI-3457 b","TOI-3457",32.60026800000,10.64000000,797.74930157,6300.00
"Kepler-500 b","Kepler-500",8.50832439800,2.58000000,,5813.00
"Kepler-1817 b","Kepler-1817",44.29919815000,2.27349126,,5316.00
"Kepler-240 b","Kepler-240",4.14449500000,1.37000000,,4985.00
"TOI-6393 b","TOI-6393",9.53176110329,2.75958542,,5008.20
"Kepler-289 c","Kepler-289",125.87230000000,11.23000000,157.18000000,5990.00
"Kepler-141 c","Kepler-141",7.01060600000,1.41000000,,4910.00
"K2-207 b","K2-207",12.48749000000,2.60585269,,5522.00
"TOI-1814 b","TOI-1814",6.36861010462,5.18536642,,4872.84
"K2-195 c","K2-195",28.48278600000,2.57581891,,5712.00
"Kepler-172 d","Kepler-172",14.62711900000,2.25000000,,5526.00
"Kepler-229 d","Kepler-229",41.19491200000,3.85000000,,5120.00
"K2-239 d","K2-239",10.11500000000,1.10000000,,3420.00
"Kepler-1408 b","Kepler-1408",2.99793191000,0.89000000,,6170.00
"K2-173 b","K2-173",5.86869900000,1.60826194,,5580.00
"K2-58 d","K2-58",22.88270000000,1.71000000,,5413.00
"Kepler-1236 b","Kepler-1236",31.05716180000,2.14000000,,5337.00
"HD 11977 b","HD 11977",711.00000000000,,2080.00000000,4970.00
"K2-268 c","K2-268",9.32752700000,2.69000000,,5106.00
"HD 51608 c","HD 51608",95.94460000000,,14.31000000,5358.00
"Kepler-1904 b","Kepler-1904",4.57702016800,1.39049940,,3805.00
"HD 118203 b","HD 118203",6.13497790000,12.77823800,680.15279098,5742.00
"Kepler-487 c","Kepler-487",38.65199760000,2.68000000,,5444.00
"HD 152079 b","HD 152079",2918.92000000000,,845.74563000,5907.00
"Kepler-1605 b","Kepler-1605",85.75654950000,1.08000000,,5280.00
"HIP 34222 b","HIP 34222",159.98600000000,,263.79757781,
"Kepler-1130 b","Kepler-1130",5.45298175000,0.80000000,,5403.00
"Kepler-1484 b","Kepler-1484",30.45491360000,2.11000000,,5730.00
"HD 199509 b","HD 199509",99.62167000000,,43.22466335,
"TOI-5634 A b","TOI-5634 A",2.20353730000,10.42000000,588.00000000,3896.00
"K2-193 b","K2-193",14.78688900000,3.95000000,,5817.00
"Kepler-84 c","Kepler-84",12.88300000000,2.36000000,,
"Kepler-362 c","Kepler-362",37.86628100000,1.45000000,,5788.00
"OGLE-2006-BLG-109L b","OGLE-2006-BLG-109L",1788.50000000000,,231.00000000,
"MOA-2011-BLG-028L b","MOA-2011-BLG-028L",,,30.00000000,
"OGLE-2007-BLG-349L AB c","OGLE-2007-BLG-349L A",2557.00000000000,,80.00000000,
"KMT-2019-BLG-0842L b","KMT-2019-BLG-0842L",,,10.28000000,
"OGLE-2018-BLG-0567L b","OGLE-2018-BLG-0567L",,,101.70509024,
"KMT-2018-BLG-0885L b","KMT-2018-BLG-0885L",,,9217.02380300,
"OGLE-2016-BLG-0007L b","OGLE-2016-BLG-0007L",14200.00000000000,,1.32000000,
"Oph 11 b","Oph 11",7300000.00000000000,,4449.62000000,2375.00
"2MASS J02192210-3925225 b","2MASS J02192210-3925225",,16.14096000,4417.83700000,3064.00
"V2376 Ori b","V2376 Ori",,87.20586985,6356.56814000,
"K2-156 b","K2-156",0.81314300000,1.10000000,,4460.00
"HD 113538 c","HD 113538",1818.00000000000,,295.57000000,4462.00
"HD 18742 b","HD 18742",766.00000000000,,1080.62200000,4940.00
"MOA-2007-BLG-192L b","MOA-2007-BLG-192L",,,12.49000000,
"WASP-16 b","WASP-16",3.11860000000,13.67498000,394.10920000,5700.00
"WASP-29 b","WASP-29",3.92273000000,8.63093000,73.10090000,4800.00
"WASP-113 b","WASP-113",4.54216874538,15.79348100,150.96925000,5890.00
"HD 128356 b","HD 128356",298.20000000000,,282.86870000,4875.00
"GJ 143 b","GJ 143",35.61253000000,2.61000000,22.70000000,4640.00
"KMT-2017-BLG-1146L b","KMT-2017-BLG-1146L",,,230.00000000,
"KMT-2016-BLG-0212L b","KMT-2016-BLG-0212L",,,5700.00000000,
"HD 108236 b","HD 108236",3.79596300000,1.61500000,,5660.00
"Kepler-808 b","Kepler-808",0.63133235300,1.46000000,,4653.00
"TOI-3331 A b","TOI-3331 A",2.01802310000,12.97999965,721.47048389,5609.00
"NGTS-24 b","NGTS-24",3.46787960000,13.60770257,165.27077164,5820.00
"Kepler-249 d","Kepler-249",15.36845900000,1.57000000,,3568.00
"HD 205158 b","HD 205158",25.33798000000,,124.58873554,
"HD 206893 b","HD 206893",11100.00000000000,,6197.65393650,
"TOI-1294 b","TOI-1294",3.91529200000,10.12369881,63.90000000,5718.00
"Kepler-938 b","Kepler-938",52.62984170000,2.22000000,,5533.00
"TOI-4513 b","TOI-4513",9.76042253684,2.34587608,,5623.93
"Kepler-1139 b","Kepler-1139",0.81316671900,1.19000000,,5550.00
"Kepler-102 b","Kepler-102",5.28696500000,0.46000000,1.10000000,4909.00
"Kepler-1073 c","Kepler-1073",4.02582254000,1.64000000,,5792.00
"Kepler-1403 b","Kepler-1403",5.19492202000,2.14000000,,6060.00
"Kepler-343 b","Kepler-343",8.96855000000,2.41000000,,5807.00
"Kepler-210 b","Kepler-210",2.45323400000,2.94000000,,4559.00
"Kepler-55 c","Kepler-55",42.15164180000,2.21000000,,4362.00
"Kepler-1647 b","Kepler-1647",1107.59230000000,11.87390000,483.00000000,6210.00
"Kepler-241 b","Kepler-241",12.71809200000,2.33000000,,4699.00
"Kepler-958 b","Kepler-958",9.76788050000,2.06000000,,5421.00
"DMPP-9 b","DMPP-9",12.73300000000,,14.43000000,
"HD 16760 b","HD 16760",466.08000000000,,6833.31075050,5518.00
"Kepler-1367 b","Kepler-1367",1.57409027200,0.92000000,,4106.00
"Kepler-325 c","Kepler-325",12.76217200000,2.54000000,,5752.00
"Kepler-1395 b","Kepler-1395",3.78470649000,0.80000000,,6138.00
"Kepler-1398 b","Kepler-1398",2.78815679000,0.90000000,,6126.00
"HAT-P-36 b","HAT-P-36",1.32734683000,14.31389300,587.41340600,5620.00
"Kepler-451 c","2MASS J19383260+4603591",1460.00000000000,,511.70373527,29564.00
"Kepler-624 b","Kepler-624",14.58649607000,2.31000000,,6117.00
"Kepler-695 b","Kepler-695",3.04033042400,9.21000000,,5181.00
"HD 113337 b","HD 113337",317.58639000000,,1035.80277841,
"BD+63 1405 b","BD+63 1405",1198.48000000000,,1258.60049172,5000.00
"K2-16 b","K2-16",7.61880000000,2.02000000,,4742.00
"HIP 14810 c","HIP 14810",147.74700000000,,416.35730000,5544.00
"Kepler-1965 b","Kepler-1965",41.86869812000,1.35415138,,5852.00
"Kepler-1636 b","Kepler-1636",425.47785000000,3.23000000,,5797.00
"Kepler-547 b","Kepler-547",6.01038428900,4.00000000,,4828.00
"Kepler-1031 b","Kepler-1031",1.22621732000,0.87000000,,6011.00
"HD 120084 b","HD 120084",2142.00000000000,,2034.10180480,4879.00
"EPIC 212587672 c","EPIC 212587672",23.22855500000,2.32000000,,6004.00
"HD 154391 b","HD 154391",5163.00000000000,,2892.23850370,4909.00
"TOI-544 c","TOI-544",50.08900000000,,21.50000000,4169.00
"Kepler-1168 b","Kepler-1168",55.82265390000,2.50000000,,5157.00
"Kepler-394 c","Kepler-394",12.13068600000,1.66000000,,6402.00
"HD 12484 b","HD 12484",58.83000000000,,947.13340000,5920.00
"K2-85 b","K2-85",0.68453862616,1.40000000,3.20000000,4232.00
"Kepler-1068 b","Kepler-1068",16.92344113000,3.63000000,,5806.00
"TOI-2458 c","TOI-2458",16.55300000000,,10.22000000,6005.00
"TOI-2184 b","TOI-2184",6.90683000000,11.39953337,206.58846455,5966.00
"Kepler-762 b","Kepler-762",3.77055209800,12.68000000,,5944.00
"Barnard d","Barnard's star",2.34020000000,,0.26300000,3195.00
"K2-215 b","K2-215",8.26964800000,2.12381238,,5704.00
"OGLE-2019-BLG-1470L AB c","OGLE-2019-BLG-1470L A",,,699.22249540,
"Kepler-27 b","Kepler-27",15.33480000000,4.00000000,2895.31000000,5400.00
"TOI-615 b","TOI-615",4.66159830000,18.97680433,138.25535705,6850.00
"K2-278 b","K2-278",3.33496600000,2.98000000,,6747.00
"Kepler-142 c","Kepler-142",4.76170200000,2.86000000,,5790.00
"HD 96992 b","HD 96992",514.00000000000,,362.32620000,4725.00
"47 UMa c","47 UMa",2391.00000000000,,171.62100000,5872.00
"HD 177830 c","HD 177830",110.90000000000,,47.67250000,4949.00
"Kepler-955 b","Kepler-955",14.53244172000,3.13000000,,5350.00
"HD 127506 b","HD 127506",65.78395000000,,27.33324300,
"KMT-2021-BLG-1770L b","KMT-2021-BLG-1770L",,,6674.39654700,
"Kepler-986 b","Kepler-986",56.43499380000,2.36000000,,5642.00
"TOI-1776 b","TOI-1776",2.79986800000,1.21612741,1.40000000,5785.00
"TOI-1472 b","TOI-1472",6.36338574000,4.05800000,18.05000000,5100.00
"HD 24040 b","HD 24040",3668.00000000000,,1226.82380000,5802.00
"Kepler-823 b","Kepler-823",4.16809082000,1.57000000,,5643.00
"HD 45364 c","HD 45364",345.43000000000,,174.48779544,5466.00
"HD 75898 c","HD 75898",6717.00000000000,,2698.36317543,6122.00
"TOI-5210 b","TOI-5210",4.56610610000,10.72699453,81.99972901,5723.00
"Kepler-1575 b","Kepler-1575",2.55314213000,1.31000000,,5667.00
"HAT-P-40 b","HAT-P-40",4.45724000000,17.03768000,152.55840000,6080.00
"HIP 8541 b","HIP 8541",1852.14387000000,,2451.72833160,
"Kepler-1620 b","Kepler-1620",101.95182900000,1.61000000,,6157.00
"TOI-1052 b","TOI-1052",9.13970300000,2.87000000,16.90000000,6146.00
"HD 64121 b","HD 64121",623.00000000000,,813.64072192,5078.00
"KOI-2513.01","KOI-2513",19.00547000000,2.80224517,7310.05336100,5900.00
"GJ 9066 c","GJ 9066",771.36000000000,,66.74396547,3154.00
"TOI-5005 b","TOI-5005",6.30850440000,6.25000000,32.70000000,5749.00
"Kepler-1602 b","Kepler-1602",11.17931605000,1.34000000,,6296.00
"WASP-158 b","WASP-158",3.65633300000,11.99363000,886.74570000,6350.00
"Kepler-1422 b","Kepler-1422",18.60519420000,2.02000000,,6194.00
"EPIC 212624936 b","EPIC 212624936",0.57865700000,1.20000000,,5765.00
"OGLE-2011-BLG-0265L b","OGLE-2011-BLG-0265L",,,280.00000000,
"Kepler-1189 b","Kepler-1189",3.78858982000,1.77000000,,6012.00
"TOI-2382 b","TOI-2382",4.66120610000,12.25141591,235.19302118,6033.00
"Kepler-1222 b","Kepler-1222",1.91694425400,0.79000000,,5239.00
"TYC 4282-00605-1 b","TYC 4282-00605-1",101.54000000000,,3426.20740000,4300.00
"TOI-2447 b","TOI-2447",69.33684000000,9.60609646,124.90656395,5730.00
"Kepler-1852 b","Kepler-1852",7.97094011300,1.88610592,,5237.00
"Kepler-799 b","Kepler-799",133.46052350000,6.88000000,,5681.00
"KMT-2019-BLG-0578L b","KMT-2019-BLG-0578L",,,381.39408840,
"Kepler-94 b","Kepler-94",2.50806000000,3.51000000,10.84000000,4781.00
"TOI-2274 b","TOI-2274",2.67963000000,2.45000000,,3943.00
"HD 219134 g","HD 219134",94.20000000000,,10.80622000,4913.00
"HD 59686 A b","HD 59686 A",299.36000000000,,2199.38360000,4658.00
"HD 96700 c","HD 96700",19.88000000000,,3.50000000,5845.00
"Kepler-1496 b","Kepler-1496",64.65880170000,2.22000000,,6182.00
"Kepler-299 d","Kepler-299",15.05478600000,1.86000000,,5617.00
"GJ 581 c","GJ 581",12.92110000000,,6.81000000,3500.00
"Kepler-359 d","Kepler-359",77.09569100000,4.01000000,,6248.00
"Kepler-83 c","Kepler-83",20.09000000000,2.36000000,,
"HD 1461 c","HD 1461",13.50520000000,,5.59000000,5765.00
"Kepler-1950 b","Kepler-1950",10.77690029000,1.52696349,,5455.00
"CFBDSIR J145829+101343 b","CFBDSIR J145829+101343",10037.50000000000,,3337.10000000,580.50
"WASP-75 b","WASP-75",2.48419300000,14.23500000,340.06000000,6100.00
"Kepler-653 c","Kepler-653",0.90037647600,0.78000000,,5665.00
"Kepler-1807 b","Kepler-1807",10.86060047000,2.70393215,,6455.00
"Kepler-320 b","Kepler-320",8.37155400000,1.14000000,,6435.00
"HD 153557 c","HD 153557",15.27018000000,,17.48056238,
"KMT-2017-BLG-0849L b","KMT-2017-BLG-0849L",,,6.39000000,
"TOI-941 b","TOI-941",8.51460888787,6.51165317,,5745.88
"HD 69830 c","HD 69830",31.56000000000,,11.80000000,5385.00
"Kepler-249 c","Kepler-249",7.11370200000,1.51000000,,3568.00
"Kepler-181 c","Kepler-181",4.30214900000,1.99000000,,5333.00
"TOI-1732 b","TOI-1732",4.11923678339,2.49549787,,4201.93
"KELT-12 b","KELT-12",5.03162300000,19.95202000,301.93850000,6279.00
"TOI-4087 b","TOI-4087",3.17748350000,13.04725353,232.01473711,6060.00
"GJ 876 c","GJ 876",30.08810000000,,226.98460000,
"Kepler-298 c","Kepler-298",22.92881000000,1.93000000,,4465.00
"CoRoT-12 b","CoRoT-12",2.82804200000,16.14000000,291.43800000,5675.00
"TOI-1799 b","TOI-1799",7.09457086500,1.64200000,,5690.00
"Kepler-412 b","Kepler-412",1.72086040000,15.03126900,299.07803000,5750.00
"HD 142 A d","HD 142",108.45299000000,,82.63538582,
"GJ 581 e","GJ 581",3.14810000000,,2.48000000,3500.00
"Kepler-1315 b","Kepler-1315",0.84338011000,1.38000000,,4861.00
"Kepler-257 d","Kepler-257",24.66455100000,4.95000000,,5180.00
"LHS 1903 c","LHS 1903",6.22618500000,2.04600000,4.55000000,3664.00
"Kepler-444 f","Kepler-444",9.74048600000,0.74100000,,5046.00
"Kepler-1548 b","Kepler-1548",124.82867900000,2.64000000,,5706.00
"TOI-2084 b","TOI-2084",6.07842470000,2.47000000,,3551.00
"K2-355 b","K2-355",5.73856470000,2.25000000,,5790.00
"Kepler-1552 b","Kepler-1552",184.77185300000,2.47000000,,5202.00
"XO-7 b","XO-7",2.86414240000,15.38995700,225.34147000,6250.00
"K2-252 b","K2-252",13.81513000000,1.74000000,,5152.00
"Kepler-267 d","Kepler-267",28.46451500000,2.27000000,,4258.00
"Kepler-784 b","Kepler-784",31.59226460000,1.58000000,,5674.00
"Kepler-1311 c","Kepler-1311",2.53573424000,1.22000000,,5748.00
"Kepler-1265 b","Kepler-1265",6.49441289000,1.35000000,,4630.00
"Kepler-98 b","Kepler-98",1.54168000000,1.99000000,3.55000000,5539.00
"Kepler-520 b","Kepler-520",19.67416124000,1.66000000,,6112.00
"K2-240 c","K2-240",20.52300000000,1.80000000,,3810.00
"Kepler-322 c","Kepler-322",4.33723400000,1.67000000,,5388.00
"HD 12661 b","HD 12661",262.70862000000,,772.32690000,5645.00
"HD 16175 b","HD 16175",990.00000000000,,1620.93300000,5981.00
"HD 73267 b","HD 73267",1257.99159000000,,1321.53051631,
"HD 196067 b","HD 196067",3413.70000000000,,3623.24383980,6072.00
"HD 55696 b","HD 55696",1827.00000000000,,1230.00210000,6012.00
